{ "@odata.context": "https://api.msn.com/msn/$metadata#FeedLayout", "value": [{"nextPageUrl":"https://api.msn.com:443/MSN/Feed?$top=20&$skip=5&$filter=_t eq 'CompositeCard'&contentType=article,video,slideshow,link,adCard,editorialCard&Ids=Y_b1c993aa-a1dc-40ad-9a66-c770248a2656&missing=1&infopaneCount=0&queryType=MyFeed&ocid=hponeservicefeed&apikey=0QfOX3Vn51YCzitbLaRkTTBadtWpgTN8NZLW0C1SEM&activityId=BE3E08AE-5852-44C9-BD7A-CD7A42E5428F&market=en-us&fdhead=1s-bing-news,1s-br30min,1s-brsageboostre2,1s-jwtuserauth,1s-pagesegservice,1s-readaipalt,1s-winauthservice,1s-winsegservice,prg-1s-olympwhp,prg-1s-p2pre,prg-1sw-3dproc,prg-1sw-hdolmpc,prg-1sw-l2icon,prg-1sw-loc-hd,prg-1sw-pr1loc,prg-1sw-ski1,prg-1sw-snfall,prg-1sw-ucb20,prg-1sw-warn-icon,prg-1sw-wtt1,prg-2cardsdock,prg-adspeek,prg-bt-native,prg-dualauth,prg-dualautha,prg-dualauthlate,prg-hp-greyhdfeed,prg-hprewflyout-t,prg-ias,prg-inewssettings,prg-pres-sp,prg-rfeedsettings,prg-rrailsettings,prg-sc-2dockadsd,prg-sh-mitcarvt,prg-sh-mittab,prg-sh-xap-hubsecar,prg-wpo-2dockadsd,prg-wpo-hp-olympic,prg-wpo-olympwhp,prg-wpo-olyprod,prg-wtchsocial-c,prg-wx-cny&timeOut=1000","subCards":[{"$type":"Msn.TagsDataModel.TagEntityLib.Artifact, Msn.TagsDataModel","source":"CMS","sourceId":"AATCPcT","cmsId":"cms-amp-AATCPcT","publishedDateTime":"2022-02-08T21:08:08Z","provider":{"id":"AA1jP16","name":"The New York Times","adNetworkId":"188286","logo":{"url":"https://img-s-msn-com.akamaized.net/tenant/amp/entityid/BBAq9.img","source":"msn"}},"images":[{"width":1600,"height":900,"quality":84,"url":"https://img-s-msn-com.akamaized.net/tenant/amp/entityid/AATCyWX.img","attribution":"Sarahbeth Maney/The New York Times","title":"McConnell Blasts R.N.C. Resolution, Calling Jan. 6 ‘Violent Insurrection’","caption":"Senate Minority Leader Mitch McConnell on Capitol Hill on Tuesday.","focalRegion":{"x1":416,"x2":522,"y1":89,"y2":195},"source":"msn","colorSamples":{"$type":"System.Collections.Generic.List`1[[Msn.TagsDataModel.TagEntityLib.ArtifactData.Color, Msn.TagsDataModel]], System.Private.CoreLib","$values":[{"isDarkMode":true,"hexColor":"#303640"},{"hexColor":"#303640"}]}}],"abstract":"WASHINGTON — Senator Mitch McConnell, the minority leader, pushed back hard on Tuesday on the Republican Party’s censure of Representatives Liz Cheney and Adam Kinzinger and its characterization of Jan. 6 as “legitimate political discourse,” saying the riot was a “violent insurrection.” The remarks from Mr. McConnell, the normally taciturn Kentucky Republican, added to a small but forceful chorus of G.O.P. lawmakers who have decried the action...","readTimeMin":3,"headlines":[{"title":"McConnell Denounces R.N.C. Resolution Censuring Jan. 6 Panel Members","subTitle":"McConnell Denounces R.N.C. Resolution Censuring Jan. 6 Panel Members","kicker":"McConnell Denounces R.N.C. Resolution Censuring Jan. 6 Panel Members","imageCaption":"Senator Mitch McConnell of Kentucky, the minority leader, is normally taciturn.","image":{"width":1600,"height":900,"quality":84,"url":"https://img-s-msn-com.akamaized.net/tenant/amp/entityid/AATCyWX.img","attribution":"Sarahbeth Maney/The New York Times","title":"McConnell Blasts R.N.C. Resolution, Calling Jan. 6 ‘Violent Insurrection’","caption":"Senate Minority Leader Mitch McConnell on Capitol Hill on Tuesday.","focalRegion":{"x1":416,"x2":522,"y1":89,"y2":195},"source":"msn"}}],"tags":[{"label":"Politics","weight":0.6348755955696106,"feedId":"Y_bced654c-7e2e-4c63-acb4-f3b3b89bd4e3","locale":"en-us"},{"label":"News","weight":0.6348755955696106,"feedId":"Y_9eb0ac10-32bc-43cf-816e-5beaaf524f7a","locale":"en-us"},{"label":"Top News","weight":1.0,"feedId":"Y_8c1db373-86c0-4213-9e06-0bb6deb2a336","locale":"en-us"}],"algoTags":[],"categories":[{"product":"news","label":"newspolitics","source":"SelectionMLModel","score":0.9936087727546692,"locale":"en-us"}],"hasSyndicationRights":true,"title":"McConnell Denounces R.N.C. Resolution Censuring Jan. 6 Panel Members","type":"article","url":"https://www.msn.com/en-us/news/politics/mcconnell-denounces-r-n-c-resolution-censuring-jan-6-panel-members/ar-AATCPcT?ocid=hponeservicefeed","locale":"en-us","createdBy":"micropublish","createdDateTime":"2022-02-08T20:43:08Z","updatedDateTime":"2022-02-08T22:21:51Z","deleted":false,"_et":"ArtifactData","id":"A_AATCPcT_en-us","_t":"ContentView"},{"$type":"Msn.TagsDataModel.TagEntityLib.Artifact, Msn.TagsDataModel","source":"CMS","sourceId":"AATBlmJ","cmsId":"cms-amp-AATBlmJ","publishedDateTime":"2022-02-08T10:30:44Z","provider":{"id":"AAPeFom","name":"SheFinds","adNetworkId":"","logo":{"url":"https://img-s-msn-com.akamaized.net/tenant/amp/entityid/AAPf1Zs.img","source":"msn"}},"images":[{"width":650,"height":650,"quality":85,"url":"https://img-s-msn-com.akamaized.net/tenant/amp/entityid/AATBvPq.img","attribution":"Provided by SheFinds","title":"The Weird Rule Kate Middleton Makes Her Staff Follow Was Just Revealed","caption":"<p>If you’ve ever wanted to know what the Duke and Duchess of Cambridge look for when hiring a member of staff, then wonder no more, as a job advert posted on the Royal Household’s official website has just described one of the key things the young royals insist on!</p> <p>As per the advert for a recent housekeeping role, which was described as an “exciting opportunity” to “join a supportive and positive team” and work for the family of five (which in addition to Prince William and Kate Middleton, also includes their three children, Prince George, Princess Charlotte and Prince Louis), “You will be a self-starter who also enjoys working collaboratively. You will be keen to take on new challenges as these arise and develop your own knowledge and skills.”</p>","focalRegion":{"x1":240,"x2":473,"y1":169,"y2":402},"source":"msn","colorSamples":{"$type":"System.Collections.Generic.List`1[[Msn.TagsDataModel.TagEntityLib.ArtifactData.Color, Msn.TagsDataModel]], System.Private.CoreLib","$values":[{"isDarkMode":true,"hexColor":"#CEE4E4"},{"hexColor":"#CEE4E4"}]}}],"abstract":"If you’ve ever wanted to know what the Duke and Duchess of Cambridge look for when hiring a member of staff, then wonder no more, as a job advert posted on the Royal Household’s official website has just described one of the key things the young royals insist on! As per the advert for a recent housekeeping role, which was described as an “exciting opportunity” to “join a supportive and positive team” and work for the family of five (which in...","readTimeMin":1,"headlines":[{"title":"The Weird Rule Kate Middleton Makes Her Staff Follow Was Just Revealed","subTitle":"The Weird Rule Kate Middleton Makes Her Staff Follow Was Just Revealed","kicker":"The Weird Rule Kate Middleton Makes Her Staff Follow Was Just Revealed","imageCaption":"<p>If you’ve ever wanted to know what the Duke and Duchess of Cambridge look for when hiring a member of staff, then wonder no more, as a job advert posted on the Royal Household’s official website has just described one of the key things the young royals insist on!</p> <p>As per the advert for a recent housekeeping role, which was described as an “exciting opportunity” to “join a supportive and positive team” and work for the family of five (which in addition to Prince William and Kate Middleton, also includes their three children, Prince George, Princess Charlotte and Prince Louis), “You will be a self-starter who also enjoys working collaboratively. You will be keen to take on new challenges as these arise and develop your own knowledge and skills.”</p>","image":{"width":650,"height":650,"quality":85,"url":"https://img-s-msn-com.akamaized.net/tenant/amp/entityid/AATBvPq.img","attribution":"Provided by SheFinds","title":"The Weird Rule Kate Middleton Makes Her Staff Follow Was Just Revealed","caption":"<p>If you’ve ever wanted to know what the Duke and Duchess of Cambridge look for when hiring a member of staff, then wonder no more, as a job advert posted on the Royal Household’s official website has just described one of the key things the young royals insist on!</p> <p>As per the advert for a recent housekeeping role, which was described as an “exciting opportunity” to “join a supportive and positive team” and work for the family of five (which in addition to Prince William and Kate Middleton, also includes their three children, Prince George, Princess Charlotte and Prince Louis), “You will be a self-starter who also enjoys working collaboratively. You will be keen to take on new challenges as these arise and develop your own knowledge and skills.”</p>","focalRegion":{"x1":240,"x2":473,"y1":169,"y2":402},"source":"msn"}}],"tags":[{"label":"Royals","weight":1.0,"feedId":"Y_1e3f7bf0-2ce6-411e-ad6a-3fe56ce1032b","locale":"en-us"},{"label":"Celebrities and Royals News","weight":1.0,"feedId":"Y_6da7c728-6dac-49b0-8e35-ecfe0b41c198","locale":"en-us"}],"algoTags":[],"categories":[{"product":"lifestyle","label":"lifestylefamily","source":"SelectionMLModel","score":0.6963118314743042,"locale":"en-us"}],"hasSyndicationRights":true,"title":"The Weird Rule Kate Middleton Makes Her Staff Follow Was Just Revealed","type":"article","url":"https://www.msn.com/en-us/lifestyle/family/the-weird-rule-kate-middleton-makes-her-staff-follow-was-just-revealed/ar-AATBlmJ?ocid=hponeservicefeed","locale":"en-us","createdBy":"micropublish","createdDateTime":"2022-02-08T11:42:42Z","updatedDateTime":"2022-02-08T12:21:03Z","deleted":false,"_et":"ArtifactData","id":"A_AATBlmJ_en-us","_t":"ContentView"},{"$type":"Msn.TagsDataModel.TagEntityLib.Artifact, Msn.TagsDataModel","source":"CMS","sourceId":"AATCgsd","cmsId":"cms-amp-AATCgsd","publishedDateTime":"2022-02-08T16:53:15Z","provider":{"id":"AA2e5M","name":"Newsweek","adNetworkId":"188286","logo":{"url":"https://img-s-msn-com.akamaized.net/tenant/amp/entityid/AA38A54.img","source":"msn"}},"images":[{"width":2400,"height":1600,"quality":91,"url":"https://img-s-msn-com.akamaized.net/tenant/amp/entityid/AATCnHT.img","attribution":"Warner Bros / Getty/EMMANUEL DUNAND","title":"Movie still and file photo of trail.","caption":"A still from the movie \"Harry Potter and the Prisoner of Azkaban\" and a file photo of a vapor, or condensation, trail. A woman filmed an eerie sight from her plane window.","source":"msn","colorSamples":{"$type":"System.Collections.Generic.List`1[[Msn.TagsDataModel.TagEntityLib.ArtifactData.Color, Msn.TagsDataModel]], System.Private.CoreLib","$values":[{"isDarkMode":true,"hexColor":"#23232D"},{"hexColor":"#23232D"}]}}],"abstract":"Responding to accusations a video may have been faked, Zoë Montoya shared a follow-up, saying, \"Yeah bestie this is definitely my own video I took yesterday.\"","readTimeMin":4,"headlines":[{"title":"Wild Theories Swirl After Plane Passenger Spots 'Dementor' Shape in the Sky","subTitle":"Wild Theories Swirl After Plane Passenger Spots 'Dementor' Shape in the Sky","kicker":"Wild Theories Swirl After Plane Passenger Spots 'Dementor' Shape in the Sky","imageCaption":"A still from the movie \"Harry Potter and the Prisoner of Azkaban\" and a file photo of a vapor, or condensation, trail. A woman filmed an eerie sight from her plane window.","image":{"width":2400,"height":1600,"quality":91,"url":"https://img-s-msn-com.akamaized.net/tenant/amp/entityid/AATCnHT.img","attribution":"Warner Bros / Getty/EMMANUEL DUNAND","title":"Movie still and file photo of trail.","caption":"A still from the movie \"Harry Potter and the Prisoner of Azkaban\" and a file photo of a vapor, or condensation, trail. A woman filmed an eerie sight from her plane window.","source":"msn"}}],"tags":[{"label":"News","weight":0.8923355937004089,"feedId":"Y_9eb0ac10-32bc-43cf-816e-5beaaf524f7a","locale":"en-us"},{"label":"US","weight":0.8923355937004089,"feedId":"Y_a3b33cc2-2c47-48ba-a975-4b87b597644b","locale":"en-us"},{"label":"Top News","weight":1.0,"feedId":"Y_8c1db373-86c0-4213-9e06-0bb6deb2a336","locale":"en-us"}],"algoTags":[],"categories":[{"product":"news","label":"newsus","source":"SelectionMLModel","score":0.8923355937004089}],"hasSyndicationRights":true,"title":"Wild Theories Swirl After Plane Passenger Spots 'Dementor' Shape in the Sky","type":"article","url":"https://www.msn.com/en-us/news/us/wild-theories-swirl-after-plane-passenger-spots-dementor-shape-in-the-sky/ar-AATCgsd?ocid=hponeservicefeed","locale":"en-us","createdBy":"micropublish","createdDateTime":"2022-02-08T17:22:17Z","updatedDateTime":"2022-02-08T17:27:37Z","deleted":false,"_et":"ArtifactData","id":"A_AATCgsd_en-us","_t":"ContentView"},{"$type":"Msn.TagsDataModel.TagEntityLib.Artifact, Msn.TagsDataModel","source":"CMS","sourceId":"AATCfRN","cmsId":"cms-amp-AATCfRN","publishedDateTime":"2022-02-08T16:23:28Z","provider":{"id":"AA2e5M","name":"Newsweek","adNetworkId":"188286","logo":{"url":"https://img-s-msn-com.akamaized.net/tenant/amp/entityid/AA38A54.img","source":"msn"}},"images":[{"width":2500,"height":1667,"quality":89,"url":"https://img-s-msn-com.akamaized.net/tenant/amp/entityid/AATCmXK.img","attribution":"Brandon Bell/Getty Images","title":"Donald Trump Speaks to CPAC","caption":"Former U.S. President Donald Trump prepares to speak during the Conservative Political Action Conference CPAC held at the Hilton Anatole on July 11, 2021 in Dallas, Texas. Trump has railed against some members of his own party in recent weeks.","focalRegion":{"x1":339,"x2":535,"y1":125,"y2":321},"source":"msn","colorSamples":{"$type":"System.Collections.Generic.List`1[[Msn.TagsDataModel.TagEntityLib.ArtifactData.Color, Msn.TagsDataModel]], System.Private.CoreLib","$values":[{"isDarkMode":true,"hexColor":"#342323"},{"hexColor":"#342323"}]}}],"abstract":"Trump slammed former Vice President Mike Pence last week over his power to reject Electoral College votes on January 6, 2021.","readTimeMin":4,"headlines":[{"title":"Donald Trump Faces Growing GOP Revolt","subTitle":"Donald Trump Faces Growing GOP Revolt","kicker":"Donald Trump Faces Growing GOP Revolt","imageCaption":"Former U.S. President Donald Trump prepares to speak during the Conservative Political Action Conference CPAC held at the Hilton Anatole on July 11, 2021 in Dallas, Texas. Trump has railed against some members of his own party in recent weeks.","image":{"width":2500,"height":1667,"quality":89,"url":"https://img-s-msn-com.akamaized.net/tenant/amp/entityid/AATCmXK.img","attribution":"Brandon Bell/Getty Images","title":"Donald Trump Speaks to CPAC","caption":"Former U.S. President Donald Trump prepares to speak during the Conservative Political Action Conference CPAC held at the Hilton Anatole on July 11, 2021 in Dallas, Texas. Trump has railed against some members of his own party in recent weeks.","focalRegion":{"x1":339,"x2":535,"y1":125,"y2":321},"source":"msn"}}],"tags":[{"label":"Top News","weight":1.0,"feedId":"Y_8c1db373-86c0-4213-9e06-0bb6deb2a336","locale":"en-us"},{"label":"Politics","weight":0.9383858442306519,"feedId":"Y_bced654c-7e2e-4c63-acb4-f3b3b89bd4e3","locale":"en-us"},{"label":"News","weight":0.9383858442306519,"feedId":"Y_9eb0ac10-32bc-43cf-816e-5beaaf524f7a","locale":"en-us"},{"label":"US Politics","weight":1.0,"feedId":"Y_a4dbee93-4124-430f-86aa-f665497ea6e8","locale":"en-ca"},{"label":"Trump","weight":1.0,"feedId":"Y_8ab1bb79-9521-4911-9c0d-319377eed75d","locale":"en-ie"}],"algoTags":[],"categories":[{"product":"news","label":"newspolitics","source":"SelectionMLModel","score":0.9383858442306519,"locale":"en-us"}],"hasSyndicationRights":true,"title":"Donald Trump Faces Growing GOP Revolt","type":"article","url":"https://www.msn.com/en-us/news/politics/donald-trump-faces-growing-gop-revolt/ar-AATCfRN?ocid=hponeservicefeed","locale":"en-us","createdBy":"micropublish","createdDateTime":"2022-02-08T16:37:18Z","updatedDateTime":"2022-02-08T19:53:16Z","deleted":false,"_et":"ArtifactData","id":"A_AATCfRN_en-us","_t":"ContentView"},{"$type":"Msn.TagsDataModel.TagEntityLib.Artifact, Msn.TagsDataModel","source":"CMS","sourceId":"AATBBNH","cmsId":"cms-amp-AATBBNH","publishedDateTime":"2022-02-09T03:15:16Z","provider":{"id":"BBpg4Jv","name":"NBC News","adNetworkId":"188286","logo":{"url":"https://img-s-msn-com.akamaized.net/tenant/amp/entityid/BBAJ56P.img","source":"msn"}},"images":[{"width":1200,"height":600,"quality":98,"url":"https://img-s-msn-com.akamaized.net/tenant/amp/entityid/AATz9l4.img","attribution":"Provided by NBC News","title":"Three Tennessee inmates escape through jail’s air vent, officials say; reward offered","focalRegion":{"x1":70,"x2":975,"y1":107,"y2":325},"source":"msn","colorSamples":{"$type":"System.Collections.Generic.List`1[[Msn.TagsDataModel.TagEntityLib.ArtifactData.Color, Msn.TagsDataModel]], System.Private.CoreLib","$values":[{"isDarkMode":true,"hexColor":"#1C5180"},{"hexColor":"#1C5180"}]}}],"abstract":"Two of three Tennessee inmates who escaped a county jail through the HVAC air vent system are now dead, and the hunt for the third is ongoing, authorities announced.","readTimeMin":2,"headlines":[{"title":"Two inmates who escaped Tennessee jail through air vent are dead, authorities say","subTitle":"Two inmates who escaped Tennessee jail through air vent are dead, authorities say","kicker":"Two inmates who escaped Tennessee jail through air vent are dead, authorities say","imageCaption":"Two inmates who escaped Tennessee jail through air vent are dead, authorities say","image":{"width":1200,"height":600,"quality":98,"url":"https://img-s-msn-com.akamaized.net/tenant/amp/entityid/AATz9l4.img","attribution":"Provided by NBC News","title":"Three Tennessee inmates escape through jail’s air vent, officials say; reward offered","focalRegion":{"x1":70,"x2":975,"y1":107,"y2":325},"source":"msn"}}],"tags":[{"label":"Crime","weight":0.7208189964294434,"feedId":"Y_6f320357-0418-4bb0-a654-f5ba77f31552","locale":"en-us"},{"label":"News","weight":0.7208189964294434,"feedId":"Y_9eb0ac10-32bc-43cf-816e-5beaaf524f7a","locale":"en-us"}],"algoTags":[],"categories":[{"product":"news","label":"newscrime","source":"SelectionMLModel","score":0.7208189964294434,"locale":"en-us"}],"hasSyndicationRights":true,"title":"Two inmates who escaped Tennessee jail through air vent are dead, authorities say","type":"article","url":"https://www.msn.com/en-us/news/crime/two-inmates-who-escaped-tennessee-jail-through-air-vent-are-dead-authorities-say/ar-AATBBNH?ocid=hponeservicefeed","locale":"en-us","createdBy":"micropublish","createdDateTime":"2022-02-08T12:03:47Z","updatedDateTime":"2022-02-09T03:40:34Z","deleted":false,"_et":"ArtifactData","id":"A_AATBBNH_en-us","_t":"ContentView"}],"metadata":{"A_AATCPcT_en-us":[{"$type":"Msn.TagsDataModel.TagEntityLib.ArtifactMetadata, Msn.TagsDataModel","feedName":"Trending Stories","feedId":"Y_b1c993aa-a1dc-40ad-9a66-c770248a2656","kicker":[{"feedName":"Trending Stories","id":"Y_b1c993aa-a1dc-40ad-9a66-c770248a2656"}],"source":"autocuration"}],"A_AATBlmJ_en-us":[{"$type":"Msn.TagsDataModel.TagEntityLib.ArtifactMetadata, Msn.TagsDataModel","feedName":"Trending Stories","feedId":"Y_b1c993aa-a1dc-40ad-9a66-c770248a2656","kicker":[{"feedName":"Trending Stories","id":"Y_b1c993aa-a1dc-40ad-9a66-c770248a2656"}],"source":"autocuration"}],"A_AATCgsd_en-us":[{"$type":"Msn.TagsDataModel.TagEntityLib.ArtifactMetadata, Msn.TagsDataModel","feedName":"Trending Stories","feedId":"Y_b1c993aa-a1dc-40ad-9a66-c770248a2656","kicker":[{"feedName":"Trending Stories","id":"Y_b1c993aa-a1dc-40ad-9a66-c770248a2656"}],"source":"autocuration"}],"A_AATCfRN_en-us":[{"$type":"Msn.TagsDataModel.TagEntityLib.ArtifactMetadata, Msn.TagsDataModel","feedName":"Trending Stories","feedId":"Y_b1c993aa-a1dc-40ad-9a66-c770248a2656","kicker":[{"feedName":"Trending Stories","id":"Y_b1c993aa-a1dc-40ad-9a66-c770248a2656"}],"source":"autocuration"}],"A_AATBBNH_en-us":[{"$type":"Msn.TagsDataModel.TagEntityLib.ArtifactMetadata, Msn.TagsDataModel","feedName":"Trending Stories","feedId":"Y_b1c993aa-a1dc-40ad-9a66-c770248a2656","kicker":[{"feedName":"Trending Stories","id":"Y_b1c993aa-a1dc-40ad-9a66-c770248a2656"}],"source":"autocuration"}]},"title":"Trending Stories","deleted":false,"id":"Y_b1c993aa-a1dc-40ad-9a66-c770248a2656"}]}