{ "@odata.context": "https://api.msn.com/msn/$metadata#FeedLayout", "value": [{"nextPageUrl":"https://api.msn.com:443/MSN/Feed?$top=20&$skip=5&$filter=_t eq 'CompositeCard'&contentType=article,video,slideshow,link,adCard,editorialCard&Ids=Y_b1c993aa-a1dc-40ad-9a66-c770248a2656&missing=1&infopaneCount=0&queryType=MyFeed&ocid=hponeservicefeed&apikey=0QfOX3Vn51YCzitbLaRkTTBadtWpgTN8NZLW0C1SEM&activityId=4B1133E4-8CC7-4842-B625-951E1621B882&market=en-us&fdhead=1s-bing-news,1s-br30min,1s-brsageboostre2,1s-jwtuserauth,1s-pagesegservice,1s-readaipalt,1s-winauthservice,1s-winsegservice,prg-1s-olympwhp,prg-1s-p2pre,prg-1sw-3dproc,prg-1sw-cardalignc,prg-1sw-cftvns,prg-1sw-hdolmpc,prg-1sw-kusto-cf,prg-1sw-l2icon,prg-1sw-loc-hd,prg-1sw-pdt3,prg-1sw-pdtctr,prg-1sw-pr1loc,prg-1sw-remove1,prg-1sw-ski1,prg-1sw-snfall,prg-1sw-spenhf,prg-1sw-spordfcf,prg-1sw-spordw,prg-1sw-ucb20,prg-1sw-warn-icon,prg-1sw-wtt1,prg-1sw-wxnrtcv1,prg-2cardsdock,prg-ad-drc,prg-adspeek,prg-bt-native,prg-dualauth,prg-dualautha,prg-dualauthlate,prg-hp-greyhdfeed,prg-hprewflyout-t,prg-ias,prg-inewssettings,prg-inf-rd-e1,prg-pres-sp,prg-rfeedsettings,prg-rrailsettings,prg-sc-2dockadsd,prg-sh-mitcarvt,prg-sh-mittab,prg-sh-xap-hubsecar,prg-wpo-2dockadsd,prg-wpo-hp-olympic,prg-wpo-olympwhp,prg-wpo-olyprod,prg-wtch-lo1c,prg-wtchsocial-c,prg-wx-cny&timeOut=1000","subCards":[{"$type":"Msn.TagsDataModel.TagEntityLib.Artifact, Msn.TagsDataModel","source":"CMS","sourceId":"AATCYbJ","cmsId":"cms-amp-AATCYbJ","publishedDateTime":"2022-02-09T03:21:22Z","provider":{"id":"BBTquMf","name":"ABC News","adNetworkId":"","logo":{"url":"https://img-s-msn-com.akamaized.net/tenant/amp/entityid/AABiyAn.img","source":"msn"}},"images":[{"width":1600,"height":900,"quality":79,"url":"https://img-s-msn-com.akamaized.net/tenant/amp/entityid/AATD0lC.img","attribution":"AFP via Getty Images, FILE","title":"DC-area sniper appeals life sentences given him as a juvenile","focalRegion":{"x1":479,"x2":629,"y1":138,"y2":288},"source":"msn","colorSamples":{"$type":"System.Collections.Generic.List`1[[Msn.TagsDataModel.TagEntityLib.ArtifactData.Color, Msn.TagsDataModel]], System.Private.CoreLib","$values":[{"isDarkMode":true,"hexColor":"#354049"},{"hexColor":"#DCECE3"}]}}],"abstract":"DC-area sniper Lee Boyd Malvo on Tuesday appealed the life sentences given him as a juvenile for the murders committed when he was 17.","readTimeMin":3,"headlines":[{"title":"DC-area sniper appeals life sentences given to him as a juvenile","subTitle":"DC-area sniper appeals life sentences given to him as a juvenile","kicker":"DC-area sniper appeals life sentences given to him as a juvenile","imageCaption":"DC-area sniper appeals life sentences given to him as a juvenile","image":{"width":1600,"height":900,"quality":79,"url":"https://img-s-msn-com.akamaized.net/tenant/amp/entityid/AATD0lC.img","attribution":"AFP via Getty Images, FILE","title":"DC-area sniper appeals life sentences given him as a juvenile","focalRegion":{"x1":479,"x2":629,"y1":138,"y2":288},"source":"msn"}}],"tags":[{"label":"News","weight":0.9011363983154297,"feedId":"Y_9eb0ac10-32bc-43cf-816e-5beaaf524f7a","locale":"en-us"},{"label":"Top News","weight":1.0,"feedId":"Y_8c1db373-86c0-4213-9e06-0bb6deb2a336","locale":"en-us"},{"label":"Crime","weight":0.9011363983154297,"feedId":"Y_6f320357-0418-4bb0-a654-f5ba77f31552","locale":"en-us"}],"algoTags":[],"categories":[{"product":"news","label":"newscrime","source":"SelectionMLModel","score":0.9990269541740417,"locale":"en-us"}],"hasSyndicationRights":true,"title":"DC-area sniper appeals life sentences given to him as a juvenile","type":"article","url":"https://www.msn.com/en-us/news/crime/dc-area-sniper-appeals-life-sentences-given-to-him-as-a-juvenile/ar-AATCYbJ?ocid=hponeservicefeed","locale":"en-us","createdBy":"micropublish","createdDateTime":"2022-02-09T00:14:41Z","updatedDateTime":"2022-02-09T03:30:38Z","deleted":false,"_et":"ArtifactData","id":"A_AATCYbJ_en-us","_t":"ContentView"},{"$type":"Msn.TagsDataModel.TagEntityLib.Artifact, Msn.TagsDataModel","source":"CMS","sourceId":"AATCgsd","cmsId":"cms-amp-AATCgsd","publishedDateTime":"2022-02-08T16:53:15Z","provider":{"id":"AA2e5M","name":"Newsweek","adNetworkId":"188286","logo":{"url":"https://img-s-msn-com.akamaized.net/tenant/amp/entityid/AA38A54.img","source":"msn"}},"images":[{"width":2400,"height":1600,"quality":91,"url":"https://img-s-msn-com.akamaized.net/tenant/amp/entityid/AATCnHT.img","attribution":"Warner Bros / Getty/EMMANUEL DUNAND","title":"Movie still and file photo of trail.","caption":"A still from the movie \"Harry Potter and the Prisoner of Azkaban\" and a file photo of a vapor, or condensation, trail. A woman filmed an eerie sight from her plane window.","source":"msn","colorSamples":{"$type":"System.Collections.Generic.List`1[[Msn.TagsDataModel.TagEntityLib.ArtifactData.Color, Msn.TagsDataModel]], System.Private.CoreLib","$values":[{"isDarkMode":true,"hexColor":"#23232D"},{"hexColor":"#23232D"}]}}],"abstract":"Responding to accusations a video may have been faked, Zoë Montoya shared a follow-up, saying, \"Yeah bestie this is definitely my own video I took yesterday.\"","readTimeMin":4,"headlines":[{"title":"Wild Theories Swirl After Plane Passenger Spots 'Dementor' Shape in the Sky","subTitle":"Wild Theories Swirl After Plane Passenger Spots 'Dementor' Shape in the Sky","kicker":"Wild Theories Swirl After Plane Passenger Spots 'Dementor' Shape in the Sky","imageCaption":"A still from the movie \"Harry Potter and the Prisoner of Azkaban\" and a file photo of a vapor, or condensation, trail. A woman filmed an eerie sight from her plane window.","image":{"width":2400,"height":1600,"quality":91,"url":"https://img-s-msn-com.akamaized.net/tenant/amp/entityid/AATCnHT.img","attribution":"Warner Bros / Getty/EMMANUEL DUNAND","title":"Movie still and file photo of trail.","caption":"A still from the movie \"Harry Potter and the Prisoner of Azkaban\" and a file photo of a vapor, or condensation, trail. A woman filmed an eerie sight from her plane window.","source":"msn"}}],"tags":[{"label":"News","weight":0.8923355937004089,"feedId":"Y_9eb0ac10-32bc-43cf-816e-5beaaf524f7a","locale":"en-us"},{"label":"US","weight":0.8923355937004089,"feedId":"Y_a3b33cc2-2c47-48ba-a975-4b87b597644b","locale":"en-us"},{"label":"Top News","weight":1.0,"feedId":"Y_8c1db373-86c0-4213-9e06-0bb6deb2a336","locale":"en-us"}],"algoTags":[],"categories":[{"product":"news","label":"newsus","source":"SelectionMLModel","score":0.8923355937004089}],"hasSyndicationRights":true,"title":"Wild Theories Swirl After Plane Passenger Spots 'Dementor' Shape in the Sky","type":"article","url":"https://www.msn.com/en-us/news/us/wild-theories-swirl-after-plane-passenger-spots-dementor-shape-in-the-sky/ar-AATCgsd?ocid=hponeservicefeed","locale":"en-us","createdBy":"micropublish","createdDateTime":"2022-02-08T17:22:17Z","updatedDateTime":"2022-02-08T17:27:37Z","deleted":false,"_et":"ArtifactData","id":"A_AATCgsd_en-us","_t":"ContentView"},{"$type":"Msn.TagsDataModel.TagEntityLib.Artifact, Msn.TagsDataModel","source":"CMS","sourceId":"AATCPzq","cmsId":"cms-amp-AATCPzq","publishedDateTime":"2022-02-08T21:05:37Z","provider":{"id":"AA5cLxR","name":"Glamour","adNetworkId":"188286","logo":{"url":"https://img-s-msn-com.akamaized.net/tenant/amp/entityid/AAwiMCQ.img","source":"msn"}},"images":[{"width":3731,"height":3162,"quality":80,"url":"https://img-s-msn-com.akamaized.net/tenant/amp/entityid/AASN8Rs.img","attribution":"Gregg DeGuire/Getty Images","title":"Jennifer Aniston Just Gave a Rare Look at Her Natural Wavy Hair: ‘Okay, Humidity’","focalRegion":{"x1":331,"x2":517,"y1":158,"y2":345},"source":"msn","colorSamples":{"$type":"System.Collections.Generic.List`1[[Msn.TagsDataModel.TagEntityLib.ArtifactData.Color, Msn.TagsDataModel]], System.Private.CoreLib","$values":[{"isDarkMode":true,"hexColor":"#DADBE7"},{"hexColor":"#DADBE7"}]}}],"abstract":"New movie, new look.","readTimeMin":2,"headlines":[{"title":"Jennifer Aniston Just Debuted Bangs, And She Looks Incredible","subTitle":"Jennifer Aniston Just Debuted Bangs, And She Looks Incredible","kicker":"Jennifer Aniston Just Debuted Bangs, And She Looks Incredible","imageCaption":"Jennifer Aniston Just Debuted Bangs, And She Looks Incredible ","image":{"width":3731,"height":3162,"quality":80,"url":"https://img-s-msn-com.akamaized.net/tenant/amp/entityid/AASN8Rs.img","attribution":"Gregg DeGuire/Getty Images","title":"Jennifer Aniston Just Gave a Rare Look at Her Natural Wavy Hair: ‘Okay, Humidity’","focalRegion":{"x1":331,"x2":517,"y1":158,"y2":345},"source":"msn"}}],"tags":[{"label":"Beauty","weight":0.941195011138916,"feedId":"Y_8518e904-4ae6-4fff-89b7-70edfedba734","locale":"en-us"},{"label":"Fashion & Beauty","weight":0.941195011138916,"feedId":"Y_4e75bf60-6400-407a-bfaf-f9dfd265e6a9","locale":"en-us"},{"label":"Lifestyle","weight":1.0,"feedId":"Y_99096e96-6d4f-401c-832b-461e08143a5a","locale":"en-us"}],"algoTags":[],"categories":[{"product":"lifestyle","label":"lifestylebeauty","source":"SelectionMLModel","score":0.941195011138916,"locale":"en-us"}],"title":"Jennifer Aniston Just Debuted Bangs, And She Looks Incredible","type":"article","url":"https://www.msn.com/en-us/lifestyle/beauty/jennifer-aniston-just-debuted-bangs-and-she-looks-incredible/ar-AATCPzq?ocid=hponeservicefeed","locale":"en-us","createdBy":"micropublish","createdDateTime":"2022-02-08T21:13:14Z","updatedDateTime":"2022-02-09T00:04:17Z","deleted":false,"_et":"ArtifactData","id":"A_AATCPzq_en-us","_t":"ContentView"},{"$type":"Msn.TagsDataModel.TagEntityLib.Artifact, Msn.TagsDataModel","source":"CMS","sourceId":"AATCKMg","cmsId":"cms-amp-AATCKMg","publishedDateTime":"2022-02-08T20:53:19Z","provider":{"id":"AA9YvpU","name":"Eat This, Not That!","adNetworkId":"188286","logo":{"url":"https://img-s-msn-com.akamaized.net/tenant/amp/entityid/AA9YFNL.img","source":"msn"}},"images":[{"width":1200,"height":879,"quality":99,"url":"https://img-s-msn-com.akamaized.net/tenant/amp/entityid/AATCPqn.img","attribution":"© Provided by Eat This, Not That!","title":"BurgerIM burgers","caption":"BurgerIM burgers","source":"msn","colorSamples":{"$type":"System.Collections.Generic.List`1[[Msn.TagsDataModel.TagEntityLib.ArtifactData.Color, Msn.TagsDataModel]], System.Private.CoreLib","$values":[{"isDarkMode":true,"hexColor":"#2E2E2E"},{"hexColor":"#F5F5F5"}]}}],"abstract":"The lawsuit brought forth by the U.S. Attorney General claims the company misled franchisees about the viability of its business.","readTimeMin":2,"headlines":[{"title":"This Collapsing Burger Chain Is Now Being Sued By the Government","subTitle":"This Collapsing Burger Chain Is Now Being Sued By the Government","kicker":"This Collapsing Burger Chain Is Now Being Sued By the Government","imageCaption":"BurgerIM burgers","image":{"width":1200,"height":879,"quality":99,"url":"https://img-s-msn-com.akamaized.net/tenant/amp/entityid/AATCPqn.img","attribution":"© Provided by Eat This, Not That!","title":"BurgerIM burgers","caption":"BurgerIM burgers","source":"msn"}}],"tags":[{"label":"Business","weight":0.9924391508102417,"feedId":"Y_367b7be1-6bd2-44e7-95b3-b0d077ccc28d","locale":"en-us"},{"label":"Fortune 500","weight":0.9924391508102417,"feedId":"Y_66aab8cd-65a4-477c-b208-d18459ad42e4","locale":"en-us"},{"label":"Business news","weight":0.6710315346717834,"feedId":"Y_76cd87b4-391f-4fc0-b68f-fe93801ba43e","locale":"en-us"},{"label":"Money","weight":0.6710315346717834,"feedId":"Y_f714b6e2-e9db-41d0-9b5f-b2e0a52f85da","locale":"en-us"},{"label":"Top Stories","weight":1.0,"feedId":"Y_6800df35-28cf-4dc2-ba3f-11038cc932ef","locale":"en-ca"},{"label":"Fortnite","weight":1.0,"feedId":"Y_864a0a28-5275-47eb-abd5-9a8cb8908544","locale":"en-us"},{"label":"Rocket League","weight":1.0,"feedId":"Y_be5a3572-1b3d-4995-8cea-e7aff24e83ae","locale":"en-us"},{"label":"Overwatch","weight":1.0,"feedId":"Y_f28a9b4a-2f63-4977-be72-7c43ffa5ba77","locale":"en-us"}],"algoTags":[],"categories":[{"product":"finance","label":"finance-companies","source":"SelectionMLModel","score":0.9924391508102417,"locale":"en-us"}],"hasSyndicationRights":true,"title":"This Collapsing Burger Chain Is Now Being Sued By the Government","type":"article","url":"https://www.msn.com/en-us/money/companies/this-collapsing-burger-chain-is-now-being-sued-by-the-government/ar-AATCKMg?ocid=hponeservicefeed","locale":"en-us","createdBy":"micropublish","createdDateTime":"2022-02-08T21:02:14Z","updatedDateTime":"2022-02-08T21:27:42Z","deleted":false,"_et":"ArtifactData","id":"A_AATCKMg_en-us","_t":"ContentView"},{"$type":"Msn.TagsDataModel.TagEntityLib.Artifact, Msn.TagsDataModel","source":"CMS","sourceId":"AATCPcT","cmsId":"cms-amp-AATCPcT","publishedDateTime":"2022-02-09T00:39:48Z","provider":{"id":"AA1jP16","name":"The New York Times","adNetworkId":"188286","logo":{"url":"https://img-s-msn-com.akamaized.net/tenant/amp/entityid/BBAq9.img","source":"msn"}},"images":[{"width":1600,"height":900,"quality":84,"url":"https://img-s-msn-com.akamaized.net/tenant/amp/entityid/AATD2CY.img","attribution":"Sarahbeth Maney/The New York Times","title":"McConnell Denounces R.N.C. Censure of Jan. 6 Panel Members","caption":"Senator Mitch McConnell of Kentucky, the minority leader, is normally taciturn.","source":"msn","colorSamples":{"$type":"System.Collections.Generic.List`1[[Msn.TagsDataModel.TagEntityLib.ArtifactData.Color, Msn.TagsDataModel]], System.Private.CoreLib","$values":[{"isDarkMode":true,"hexColor":"#64481E"},{"hexColor":"#DFD9CA"}]}}],"abstract":"WASHINGTON — Senator Mitch McConnell, the minority leader, pushed back hard on Tuesday against the Republican Party’s censure of Representatives Liz Cheney and Adam Kinzinger and its characterization of the Jan. 6 riot as “legitimate political discourse,” saying the riot was a “violent insurrection.”&nbsp;","readTimeMin":7,"headlines":[{"title":"McConnell Denounces R.N.C. Censure of Jan. 6 Panel Members","subTitle":"McConnell Denounces R.N.C. Censure of Jan. 6 Panel Members","kicker":"McConnell Denounces R.N.C. Censure of Jan. 6 Panel Members","imageCaption":"Senator Mitch McConnell of Kentucky, the minority leader, is normally taciturn.","image":{"width":1600,"height":900,"quality":84,"url":"https://img-s-msn-com.akamaized.net/tenant/amp/entityid/AATD2CY.img","attribution":"Sarahbeth Maney/The New York Times","title":"McConnell Denounces R.N.C. Censure of Jan. 6 Panel Members","caption":"Senator Mitch McConnell of Kentucky, the minority leader, is normally taciturn.","source":"msn"}}],"tags":[{"label":"Top News","weight":1.0,"feedId":"Y_8c1db373-86c0-4213-9e06-0bb6deb2a336","locale":"en-us"},{"label":"News","weight":0.9836753010749817,"feedId":"Y_9eb0ac10-32bc-43cf-816e-5beaaf524f7a","locale":"en-us"}],"algoTags":[],"categories":[{"product":"news","label":"newspolitics","source":"SelectionMLModel","score":0.9836753010749817}],"hasSyndicationRights":true,"title":"McConnell Denounces R.N.C. Censure of Jan. 6 Panel Members","type":"article","url":"https://www.msn.com/en-us/news/politics/mcconnell-denounces-r-n-c-censure-of-jan-6-panel-members/ar-AATCPcT?ocid=hponeservicefeed","locale":"en-us","createdBy":"micropublish","createdDateTime":"2022-02-08T20:43:08Z","updatedDateTime":"2022-02-09T05:22:26Z","deleted":false,"_et":"ArtifactData","id":"A_AATCPcT_en-us","_t":"ContentView"}],"metadata":{"A_AATCYbJ_en-us":[{"$type":"Msn.TagsDataModel.TagEntityLib.ArtifactMetadata, Msn.TagsDataModel","feedName":"Trending Stories","feedId":"Y_b1c993aa-a1dc-40ad-9a66-c770248a2656","kicker":[{"feedName":"Trending Stories","id":"Y_b1c993aa-a1dc-40ad-9a66-c770248a2656"}],"source":"autocuration"}],"A_AATCgsd_en-us":[{"$type":"Msn.TagsDataModel.TagEntityLib.ArtifactMetadata, Msn.TagsDataModel","feedName":"Trending Stories","feedId":"Y_b1c993aa-a1dc-40ad-9a66-c770248a2656","kicker":[{"feedName":"Trending Stories","id":"Y_b1c993aa-a1dc-40ad-9a66-c770248a2656"}],"source":"autocuration"}],"A_AATCPzq_en-us":[{"$type":"Msn.TagsDataModel.TagEntityLib.ArtifactMetadata, Msn.TagsDataModel","feedName":"Trending Stories","feedId":"Y_b1c993aa-a1dc-40ad-9a66-c770248a2656","kicker":[{"feedName":"Trending Stories","id":"Y_b1c993aa-a1dc-40ad-9a66-c770248a2656"}],"source":"autocuration"}],"A_AATCKMg_en-us":[{"$type":"Msn.TagsDataModel.TagEntityLib.ArtifactMetadata, Msn.TagsDataModel","feedName":"Trending Stories","feedId":"Y_b1c993aa-a1dc-40ad-9a66-c770248a2656","kicker":[{"feedName":"Trending Stories","id":"Y_b1c993aa-a1dc-40ad-9a66-c770248a2656"}],"source":"autocuration"}],"A_AATCPcT_en-us":[{"$type":"Msn.TagsDataModel.TagEntityLib.ArtifactMetadata, Msn.TagsDataModel","feedName":"Trending Stories","feedId":"Y_b1c993aa-a1dc-40ad-9a66-c770248a2656","kicker":[{"feedName":"Trending Stories","id":"Y_b1c993aa-a1dc-40ad-9a66-c770248a2656"}],"source":"autocuration"}]},"title":"Trending Stories","deleted":false,"id":"Y_b1c993aa-a1dc-40ad-9a66-c770248a2656"}]}