{"nextPageUrl":"https://api.msn.com:443/msn/Feed/me?$top=35&$skip=35&$filter=_t eq 'CompositeCard'&contentType=article,video,slideshow,link,content360&infopaneCount=26&queryType=myfeed&location=41.5353|-87.2597&ocid=spartan-ntp-feeds&apikey=0QfOX3Vn51YCzitbLaRkTTBadtWpgTN8NZLW0C1SEM&responseSchema=cardview&market=en-us&fdhead=1s-bing-news,1s-br30min,1s-brsageboostre2,1s-jwtuserauth,1s-pagesegservice,1s-readaipalt,1s-winauthservice,1s-winsegservice,prg-1s-olympwhp,prg-1s-p2pre,prg-1sw-3dproc,prg-1sw-hdolmpc,prg-1sw-l2icon,prg-1sw-loc-hd,prg-1sw-pr1loc,prg-1sw-ski1,prg-1sw-snfall,prg-1sw-ucb20,prg-1sw-warn-icon,prg-1sw-wtt1,prg-2cardsdock,prg-adspeek,prg-bt-native,prg-dualauth,prg-dualautha,prg-dualauthlate,prg-hp-greyhdfeed,prg-hprewflyout-t,prg-ias,prg-inewssettings,prg-pres-sp,prg-rfeedsettings,prg-rrailsettings,prg-sc-2dockadsd,prg-sh-mitcarvt,prg-sh-mittab,prg-sh-xap-hubsecar,prg-wpo-2dockadsd,prg-wpo-hp-olympic,prg-wpo-olympwhp,prg-wpo-olyprod,prg-wtchsocial-c,prg-wx-cny&timeOut=1000&WrapOData=false&DisableTypeSerialization=true","subCards":[{"type":"infopane","subCards":[{"id":"AATDdRU","type":"article","title":"Chinese social media users attacked K-pop group BTS over its leader's apparent support of a South Korean Olympic speed skater","abstract":"Chinese social media users bombarded the group's Instagram account with harsh comments. Fans fought back with a flood of purple heart emojis.","readTimeMin":2,"url":"https://www.msn.com/en-us/news/offbeat/chinese-social-media-users-attacked-k-pop-group-bts-over-its-leader-s-apparent-support-of-a-south-korean-olympic-speed-skater/ar-AATDdRU?ocid=spartan-ntp-feeds","locale":"en-us","topics":[{"label":"Entertainment News","weight":1.0,"feedId":"Y_fd29d629-260e-4efa-9836-feb7169c9841","locale":"en-us"}],"feed":{"id":"Y_fd29d629-260e-4efa-9836-feb7169c9841","feedName":"Entertainment News"},"publishedDateTime":"2022-02-09T04:19:42Z","isFeatured":false,"images":[{"width":719,"height":539,"url":"https://www.bing.com/th?id=ORMS.d2792f02cfd7dcad9a6d8ed64e095d33&pid=Wdp","focalRegion":{"x1":259,"x2":388,"y1":111,"y2":240},"colorSamples":[{"isDarkMode":true,"hexColor":"#2C2C51"},{"isDarkMode":false,"hexColor":"#FAF2A5"}]}],"provider":{"id":"BBmKCAX","name":"INSIDER","logoUrl":"https://img-s-msn-com.akamaized.net/tenant/amp/entityid/BB10dZNR.img"},"category":"news","reactionSummary":{"totalCount":164,"subReactionSummaries":[{"totalCount":64,"type":"angry"},{"totalCount":39,"type":"like"},{"totalCount":30,"type":"love"},{"totalCount":13,"type":"sad"},{"totalCount":12,"type":"surprised"},{"totalCount":6,"type":"thinking"}]},"commentSummary":{"totalCount":32,"subCommentSummaries":[{"totalCount":24,"type":"comment"},{"totalCount":8,"type":"reply"}]}},{"id":"AATCPcT","type":"article","title":"McConnell Denounces R.N.C. Censure of Jan. 6 Panel Members","abstract":"WASHINGTON — Senator Mitch McConnell, the minority leader, pushed back hard on Tuesday against the Republican Party’s censure of Representatives Liz Cheney and Adam Kinzinger and its characterization of the Jan. 6 riot as “legitimate political discourse,” saying the riot was a “violent insurrection.”&nbsp;","readTimeMin":7,"url":"https://www.msn.com/en-us/news/politics/mcconnell-denounces-r-n-c-censure-of-jan-6-panel-members/ar-AATCPcT?ocid=spartan-ntp-feeds","locale":"en-us","topics":[{"label":"Top News","weight":1.0,"feedId":"Y_8c1db373-86c0-4213-9e06-0bb6deb2a336","locale":"en-us"},{"label":"News","weight":0.9836753010749817,"feedId":"Y_9eb0ac10-32bc-43cf-816e-5beaaf524f7a","locale":"en-us"}],"feed":{"id":"Y_8c1db373-86c0-4213-9e06-0bb6deb2a336","feedName":"Top News"},"publishedDateTime":"2022-02-09T00:39:48Z","isFeatured":false,"images":[{"width":1600,"height":900,"url":"https://www.bing.com/th?id=ORMS.2d450ea7ce8fcda646cbe57d544d2cdc&pid=Wdp","colorSamples":[{"isDarkMode":true,"hexColor":"#64481E"},{"isDarkMode":false,"hexColor":"#64481E"}]}],"provider":{"id":"AA1jP16","name":"The New York Times","logoUrl":"https://img-s-msn-com.akamaized.net/tenant/amp/entityid/BBAq9.img"},"category":"news","reactionSummary":{"totalCount":2362,"subReactionSummaries":[{"totalCount":1138,"type":"like"},{"totalCount":665,"type":"angry"},{"totalCount":393,"type":"love"},{"totalCount":89,"type":"surprised"},{"totalCount":48,"type":"thinking"},{"totalCount":29,"type":"sad"}]},"commentSummary":{"totalCount":0}},{"id":"AATDcpv","type":"article","title":"'American Idol' alum Caleb Kennedy, 17, charged with felony DUI after fatal crash","abstract":"Former \"American Idol\" contestant Caleb Kennedy has been charged with a felony DUI after a fatal crash in his home state of South Carolina.","readTimeMin":3,"url":"https://www.msn.com/en-us/news/crime/american-idol-alum-caleb-kennedy-17-charged-with-felony-dui-after-fatal-crash/ar-AATDcpv?ocid=spartan-ntp-feeds","locale":"en-us","topics":[{"label":"Entertainment News","weight":1.0,"feedId":"Y_fd29d629-260e-4efa-9836-feb7169c9841","locale":"en-us"},{"label":"Crime","weight":0.721660315990448,"feedId":"Y_6f320357-0418-4bb0-a654-f5ba77f31552","locale":"en-us"},{"label":"News","weight":0.721660315990448,"feedId":"Y_9eb0ac10-32bc-43cf-816e-5beaaf524f7a","locale":"en-us"}],"feed":{"id":"Y_fd29d629-260e-4efa-9836-feb7169c9841","feedName":"Entertainment News"},"publishedDateTime":"2022-02-09T02:22:47Z","isFeatured":false,"images":[{"width":388,"height":388,"url":"https://www.bing.com/th?id=ORMS.55e590e57e48da97c9c9eb9e5e8bb2f1&pid=Wdp","focalRegion":{"x1":34,"x2":346,"y1":64,"y2":114},"colorSamples":[{"isDarkMode":true,"hexColor":"#252D4A"},{"isDarkMode":false,"hexColor":"#EEEAEE"}]}],"provider":{"id":"AAnTEc","name":"USA TODAY","logoUrl":"https://img-s-msn-com.akamaized.net/tenant/amp/entityid/BBNvr53.img"},"category":"news","reactionSummary":{"totalCount":125,"subReactionSummaries":[{"totalCount":69,"type":"like"},{"totalCount":18,"type":"love"},{"totalCount":14,"type":"sad"},{"totalCount":11,"type":"surprised"},{"totalCount":10,"type":"angry"},{"totalCount":3,"type":"thinking"}]},"commentSummary":{"totalCount":0}},{"id":"AATCYbJ","type":"article","title":"DC-area sniper appeals life sentences given to him as a juvenile","abstract":"DC-area sniper Lee Boyd Malvo on Tuesday appealed the life sentences given him as a juvenile for the murders committed when he was 17.","readTimeMin":3,"url":"https://www.msn.com/en-us/news/crime/dc-area-sniper-appeals-life-sentences-given-to-him-as-a-juvenile/ar-AATCYbJ?ocid=spartan-ntp-feeds","locale":"en-us","topics":[{"label":"Top News","weight":1.0,"feedId":"Y_8c1db373-86c0-4213-9e06-0bb6deb2a336","locale":"en-us"},{"label":"News","weight":0.9011363983154297,"feedId":"Y_9eb0ac10-32bc-43cf-816e-5beaaf524f7a","locale":"en-us"},{"label":"Crime","weight":0.9011363983154297,"feedId":"Y_6f320357-0418-4bb0-a654-f5ba77f31552","locale":"en-us"}],"feed":{"id":"Y_8c1db373-86c0-4213-9e06-0bb6deb2a336","feedName":"Top News"},"publishedDateTime":"2022-02-09T03:21:22Z","isFeatured":false,"images":[{"width":1600,"height":900,"url":"https://www.bing.com/th?id=ORMS.3a18c894d9e3bf00d3ad22a9f6fc5544&pid=Wdp","focalRegion":{"x1":479,"x2":629,"y1":138,"y2":288},"colorSamples":[{"isDarkMode":true,"hexColor":"#354049"},{"isDarkMode":false,"hexColor":"#DCECE3"}]}],"provider":{"id":"BBTquMf","name":"ABC News","logoUrl":"https://img-s-msn-com.akamaized.net/tenant/amp/entityid/AABiyAn.img"},"category":"news","reactionSummary":{"totalCount":643,"subReactionSummaries":[{"totalCount":450,"type":"angry"},{"totalCount":98,"type":"like"},{"totalCount":39,"type":"love"},{"totalCount":31,"type":"thinking"},{"totalCount":16,"type":"sad"},{"totalCount":9,"type":"surprised"}]},"commentSummary":{"totalCount":461,"subCommentSummaries":[{"totalCount":335,"type":"comment"},{"totalCount":126,"type":"reply"}]}},{"id":"AATD4wC","type":"article","title":"The 'but Hillary’s emails' crowd goes silent about Trump’s document destruction","abstract":"You would think Republicans would be chanting 'Lock Him Up' and calling for hearings with anyone who was part of the Trump White House. But nothing.","readTimeMin":4,"url":"https://www.msn.com/en-us/news/opinion/the-but-hillary-s-emails-crowd-goes-silent-about-trump-s-document-destruction/ar-AATD4wC?ocid=spartan-ntp-feeds","locale":"en-us","topics":[{"label":"Opinion","weight":1.0,"feedId":"Y_fdf0ff6c-7f65-4143-b2ad-fe655db53c36","locale":"en-us"},{"label":"News","weight":0.679254949092865,"feedId":"Y_9eb0ac10-32bc-43cf-816e-5beaaf524f7a","locale":"en-us"},{"label":"Politics","weight":0.679254949092865,"feedId":"Y_bced654c-7e2e-4c63-acb4-f3b3b89bd4e3","locale":"en-us"}],"feed":{"id":"Y_fdf0ff6c-7f65-4143-b2ad-fe655db53c36","feedName":"Opinion"},"publishedDateTime":"2022-02-08T23:29:01Z","isFeatured":false,"badges":[{"type":"opinion"}],"images":[{"width":1920,"height":1080,"url":"https://www.bing.com/th?id=ORMS.a1d9dd9debb79a10bf0c9f1ddc183648&pid=Wdp","focalRegion":{"x1":96,"x2":573,"y1":70,"y2":413},"colorSamples":[{"isDarkMode":true,"hexColor":"#75424E"},{"isDarkMode":false,"hexColor":"#E6E3F0"}]}],"provider":{"id":"AAnTEc","name":"USA TODAY","logoUrl":"https://img-s-msn-com.akamaized.net/tenant/amp/entityid/BBNvr53.img"},"category":"news","reactionSummary":{"totalCount":861,"subReactionSummaries":[{"totalCount":339,"type":"like"},{"totalCount":297,"type":"angry"},{"totalCount":117,"type":"love"},{"totalCount":61,"type":"thinking"},{"totalCount":26,"type":"surprised"},{"totalCount":21,"type":"sad"}]},"commentSummary":{"totalCount":734,"subCommentSummaries":[{"totalCount":239,"type":"comment"},{"totalCount":495,"type":"reply"}]}},{"id":"AATCwRE","type":"article","title":"Beijing's Industrial Wasteland Setting for Winter Olympics Horrifies Viewers","abstract":"The 64-meter high Big Air slope is situated in an industrial park, on the site of a former steel mill, and it doesn't look particularly pretty.","readTimeMin":3,"url":"https://www.msn.com/en-us/sports/winter-olympics/beijing-s-industrial-wasteland-setting-for-winter-olympics-horrifies-viewers/ar-AATCwRE?ocid=spartan-ntp-feeds","locale":"en-us","topics":[{"label":"Sports","weight":0.8414679169654846,"feedId":"Y_b09e3e40-000d-454d-87ef-96631d7c9e7c","locale":"en-us"},{"label":"Olympics","weight":0.8414679169654846,"feedId":"Y_cf5e06e9-c43f-403c-ac6a-25de20b18c63","locale":"en-us"},{"label":"Sports news","weight":0.7695986032485962,"feedId":"Y_cf67a66a-37a7-4248-a54b-91afc8129ef7","locale":"en-us"}],"feed":{"id":"Y_b09e3e40-000d-454d-87ef-96631d7c9e7c","feedName":"Sports"},"publishedDateTime":"2022-02-08T17:32:28Z","isFeatured":false,"images":[{"width":2500,"height":1667,"url":"https://www.bing.com/th?id=ORMS.92dff97dea4f0ce3ef8b2a6bfc3ad580&pid=Wdp","colorSamples":[{"isDarkMode":true,"hexColor":"#164C7F"},{"isDarkMode":false,"hexColor":"#164C7F"}]}],"provider":{"id":"AA2e5M","name":"Newsweek","logoUrl":"https://img-s-msn-com.akamaized.net/tenant/amp/entityid/AA38A54.img"},"category":"sports","reactionSummary":{"totalCount":37,"subReactionSummaries":[{"totalCount":17,"type":"like"},{"totalCount":7,"type":"love"},{"totalCount":7,"type":"angry"},{"totalCount":3,"type":"thinking"},{"totalCount":2,"type":"surprised"},{"totalCount":1,"type":"sad"}]},"commentSummary":{"totalCount":0}},{"id":"AATBp5v","type":"slideshow","title":"Baby Blues by Rick Kirkman and Jerry Scott","abstract":"Baby Blues by Rick Kirkman and Jerry Scott","url":"https://www.msn.com/en-us/entertainment/comics/baby-blues-by-rick-kirkman-and-jerry-scott/ss-AATBp5v?ocid=spartan-ntp-feeds","locale":"en-us","topics":[],"galleryItemCount":14,"feed":{"feedName":"news"},"slides":[{"image":{"width":3850,"height":1220,"quality":97,"url":"https://img-s-msn-com.akamaized.net/tenant/amp/entityid/AATBc8y.img","attribution":"Rick Kirkman and Jerry Scott/Rick Kirkman and Jerry Scott","title":"Baby Blues by Rick Kirkman and Jerry Scott","source":"msn"}},{"image":{"width":3850,"height":1219,"quality":99,"url":"https://img-s-msn-com.akamaized.net/tenant/amp/entityid/AATBfgt.img","attribution":"Rick Kirkman and Jerry Scott/Rick Kirkman and Jerry Scott","title":"Baby Blues by Rick Kirkman and Jerry Scott","source":"msn"}},{"image":{"width":1950,"height":619,"quality":100,"url":"https://img-s-msn-com.akamaized.net/tenant/amp/entityid/AATBweN.img","attribution":"Rick Kirkman and Jerry Scott/Rick Kirkman and Jerry Scott","title":"Baby Blues by Rick Kirkman and Jerry Scott","source":"msn"}}],"publishedDateTime":"2022-02-08T10:28:16Z","isFeatured":false,"images":[{"width":3850,"height":1220,"url":"https://www.bing.com/th?id=ORMS.0d34b1ff9183571aee9fa36be8e6f71f&pid=Wdp","colorSamples":[{"isDarkMode":true,"hexColor":"#3B3131"},{"isDarkMode":false,"hexColor":"#E4DCEC"}]}],"provider":{"id":"AAJzgYT","name":"Comics Kingdom","logoUrl":"https://img-s-msn-com.akamaized.net/tenant/amp/entityid/AAJzh1P.img"},"category":"entertainment","reactionSummary":{"totalCount":54,"subReactionSummaries":[{"totalCount":29,"type":"like"},{"totalCount":24,"type":"love"},{"totalCount":1,"type":"surprised"}]},"commentSummary":{"totalCount":0}},{"id":"AATBYOL","type":"slideshow","title":"Sophie Nélisse in Beachwear Says Hi From Mexico","abstract":"The “Yellowjackets” star enjoyed a day at the pool.","url":"https://www.msn.com/en-us/lifestyle/relationships/sophie-nélisse-in-beachwear-says-hi-from-mexico/ss-AATBYOL?ocid=spartan-ntp-feeds","locale":"en-us","topics":[{"label":"Relationships","weight":0.28317347168922424,"feedId":"Y_3905cc68-0ad4-4e18-821f-0794292a3f3f","locale":"en-us"}],"galleryItemCount":6,"feed":{"id":"Y_3905cc68-0ad4-4e18-821f-0794292a3f3f","feedName":"Relationships"},"slides":[{"title":"Sophie Nélisse in Beachwear Says Hi From Mexico","body":"<p><span><span>Sophie Nélisse</span> is enjoying time on vacation—and deservedly so, after the success of her hit show <em>Yellowjackets</em>. Rather than fighting for survival in the frozen woods, as her character does, her current activities include lounging by the pool, reading a book, snapping photos, and looking stunning. <span>Nélisse</span> posted a photo of herself in a black bathing suit, perched on a chair poolside. She had a camera in her hand and a book by her side. She captioned the photo, \"</span><span>Currently at page 287 of my book and picture 16 of my roll.\" How does she stay so fit? </span><span>Read on to see 5 ways <span>Sophie Nélisse</span> stays in shape and the photos that prove they work—and to get beach-ready yourself, don't miss these essential</span><a rel=\"noopener noreferrer\" href=\"https://celebwell.com/celebrity-swimsuit-photos/?utm_source=msn&utm_medium=feed&utm_campaign=msn-feed\"><span> 30 Best-Ever Celebrity Bathing Suit Photos!</span></a></p>","image":{"width":1200,"height":798,"quality":92,"url":"https://img-s-msn-com.akamaized.net/tenant/amp/entityid/AATBT9c.img","attribution":"© Provided by Eat This, Not That!","title":"Sophie Nélisse in Beachwear Says Hi From Mexico","caption":"<p><span><span>Sophie Nélisse</span> is enjoying time on vacation—and deservedly so, after the success of her hit show <em>Yellowjackets</em>. Rather than fighting for survival in the frozen woods, as her character does, her current activities include lounging by the pool, reading a book, snapping photos, and looking stunning. <span>Nélisse</span> posted a photo of herself in a black bathing suit, perched on a chair poolside. She had a camera in her hand and a book by her side. She captioned the photo, \"</span><span>Currently at page 287 of my book and picture 16 of my roll.\" How does she stay so fit? </span><span>Read on to see 5 ways <span>Sophie Nélisse</span> stays in shape and the photos that prove they work—and to get beach-ready yourself, don't miss these essential</span><a rel=\"noopener noreferrer\" href=\"https://celebwell.com/celebrity-swimsuit-photos/?utm_source=msn&utm_medium=feed&utm_campaign=msn-feed\"><span> 30 Best-Ever Celebrity Bathing Suit Photos!</span></a></p>","focalRegion":{"x1":170,"x2":525,"y1":118,"y2":473},"source":"msn"}},{"title":"1. She Has Backup Plans","body":"<p><span>While <span>Nélisse</span> is currently a successful actress, she is also a student, and makes sure that she has a backup plan for the future. <span>Nélisse</span> told </span><a rel=\"noopener noreferrer external nofollow\" href=\"https://madein.co/en/blog/influence-en/and-scene-an-interview-with-sophie-nelisse/\"><span>Made In</span></a><span>, \"I'm a film student. I don't necessarily do it because I'm an actress but because I want to have a plan B. As part of my course, I'm taking math classes and could continue on to study finance or communications in university.\"</span></p>","image":{"width":960,"height":1200,"quality":92,"url":"https://img-s-msn-com.akamaized.net/tenant/amp/entityid/AATBNHm.img","attribution":"© Provided by Eat This, Not That!","title":"1. She Has Backup Plans","caption":"<p><span>While <span>Nélisse</span> is currently a successful actress, she is also a student, and makes sure that she has a backup plan for the future. <span>Nélisse</span> told </span><a rel=\"noopener noreferrer external nofollow\" href=\"https://madein.co/en/blog/influence-en/and-scene-an-interview-with-sophie-nelisse/\"><span>Made In</span></a><span>, \"I'm a film student. I don't necessarily do it because I'm an actress but because I want to have a plan B. As part of my course, I'm taking math classes and could continue on to study finance or communications in university.\"</span></p>","source":"msn"}},{"title":"2. She Ignores Reviews","body":"<p><span>While getting one of your projects reviewed can be good for an actress, it can also be a toll on your self-esteem. <span>Nélisse</span> says that this is the reason she avoids reading comments and reviews on her projects. She tells Made In, \"</span><span>I also get sent reviews, but I never read them. Everyone has a different opinion and I prefer not to read negative comments.\"</span></p>","image":{"width":800,"height":1200,"quality":92,"url":"https://img-s-msn-com.akamaized.net/tenant/amp/entityid/AATBIrc.img","attribution":"© Provided by Eat This, Not That!","title":"2. She Ignores Reviews","caption":"<p><span>While getting one of your projects reviewed can be good for an actress, it can also be a toll on your self-esteem. <span>Nélisse</span> says that this is the reason she avoids reading comments and reviews on her projects. She tells Made In, \"</span><span>I also get sent reviews, but I never read them. Everyone has a different opinion and I prefer not to read negative comments.\"</span></p>","focalRegion":{"x1":301,"x2":372,"y1":130,"y2":201},"source":"msn"}}],"publishedDateTime":"2022-02-08T13:11:08Z","isFeatured":false,"images":[{"width":1200,"height":798,"url":"https://www.bing.com/th?id=ORMS.05757a4cfb088b7be7f0f08b19f02af1&pid=Wdp","focalRegion":{"x1":170,"x2":525,"y1":118,"y2":473},"colorSamples":[{"isDarkMode":true,"hexColor":"#343C54"},{"isDarkMode":false,"hexColor":"#C8DBFD"}]}],"provider":{"id":"BBDtCYz","name":"Celebwell","logoUrl":"https://img-s-msn-com.akamaized.net/tenant/amp/entityid/AAMedqm.img"},"category":"lifestyle","reactionSummary":{"totalCount":152,"subReactionSummaries":[{"totalCount":86,"type":"like"},{"totalCount":38,"type":"love"},{"totalCount":9,"type":"angry"},{"totalCount":8,"type":"thinking"},{"totalCount":7,"type":"surprised"},{"totalCount":4,"type":"sad"}]},"commentSummary":{"totalCount":6,"subCommentSummaries":[{"totalCount":6,"type":"comment"}]}},{"id":"AATClDk","type":"article","title":"Lakers Have Reportedly Made Trade Offer To Celtics","abstract":"With the NBA trade deadline just two days away, the Boston Celtics and Los Angeles Lakers could potentially strike a deal. According to Brian Robb of MassLive, the Lakers have offered the Celtics a future pick and Talen Horton-Tucker in exchange for Josh Richardson. Robb’s latest report states that Los Angeles has been shopping a […] The post Lakers Have Reportedly Made Trade Offer To Celtics appeared first on The Spun.","readTimeMin":2,"url":"https://www.msn.com/en-us/sports/nba/lakers-have-reportedly-made-trade-offer-to-celtics/ar-AATClDk?ocid=spartan-ntp-feeds","locale":"en-us","topics":[{"label":"Sports","subLabels":["Preview"],"weight":0.9991374611854553,"feedId":"Y_b09e3e40-000d-454d-87ef-96631d7c9e7c","locale":"en-us"}],"feed":{"id":"Y_b09e3e40-000d-454d-87ef-96631d7c9e7c","feedName":"Sports"},"publishedDateTime":"2022-02-08T18:36:19Z","isFeatured":false,"images":[{"width":775,"height":465,"url":"https://www.bing.com/th?id=ORMS.50fc29713ebf7fffff3cc73bb0d9c453&pid=Wdp","colorSamples":[{"isDarkMode":true,"hexColor":"#E8D5B5"},{"isDarkMode":false,"hexColor":"#E8D5B5"}]}],"provider":{"id":"BB199c9L","name":"The Spun","logoUrl":"https://img-s-msn-com.akamaized.net/tenant/amp/entityid/AALER5n.img"},"category":"sports","reactionSummary":{"totalCount":43,"subReactionSummaries":[{"totalCount":25,"type":"like"},{"totalCount":13,"type":"love"},{"totalCount":3,"type":"surprised"},{"totalCount":1,"type":"angry"},{"totalCount":1,"type":"thinking"}]},"commentSummary":{"totalCount":6,"subCommentSummaries":[{"totalCount":5,"type":"comment"},{"totalCount":1,"type":"reply"}]}},{"id":"AATD5sN","type":"article","title":"Single mother faces prison for letting her 14 year old babysit","abstract":"Melissa Henderson, a single mother of five, is charged with criminal reckless conduct after she left her children under the care of her 14-year-old daughter when she had to return to work in May 2020","readTimeMin":4,"url":"https://www.msn.com/en-us/news/crime/single-mother-faces-prison-for-letting-her-14-year-old-babysit/ar-AATD5sN?ocid=spartan-ntp-feeds","locale":"en-us","topics":[{"label":"Top News","weight":1.0,"feedId":"Y_8c1db373-86c0-4213-9e06-0bb6deb2a336","locale":"en-us"},{"label":"News","weight":0.7211232781410217,"feedId":"Y_9eb0ac10-32bc-43cf-816e-5beaaf524f7a","locale":"en-us"},{"label":"Crime","weight":0.7211232781410217,"feedId":"Y_6f320357-0418-4bb0-a654-f5ba77f31552","locale":"en-us"}],"feed":{"id":"Y_8c1db373-86c0-4213-9e06-0bb6deb2a336","feedName":"Top News"},"publishedDateTime":"2022-02-08T23:59:40Z","isFeatured":false,"images":[{"width":1908,"height":1146,"url":"https://www.bing.com/th?id=ORMS.1765cebf27230ac3472c373d0e5e09f8&pid=Wdp","focalRegion":{"x1":104,"x2":929,"y1":49,"y2":344},"colorSamples":[{"isDarkMode":true,"hexColor":"#422A31"},{"isDarkMode":false,"hexColor":"#E5D5D8"}]}],"provider":{"id":"AAuyR5X","name":"Daily Mail","logoUrl":"https://img-s-msn-com.akamaized.net/tenant/amp/entityid/AAvcS6D.img"},"category":"news","reactionSummary":{"totalCount":428,"subReactionSummaries":[{"totalCount":222,"type":"angry"},{"totalCount":92,"type":"like"},{"totalCount":35,"type":"love"},{"totalCount":34,"type":"surprised"},{"totalCount":32,"type":"sad"},{"totalCount":13,"type":"thinking"}]},"commentSummary":{"totalCount":213,"subCommentSummaries":[{"totalCount":153,"type":"comment"},{"totalCount":60,"type":"reply"}]}},{"id":"AATCSUR","type":"slideshow","title":"I tried 5 different kinds of canned chili, and there's only one I'd totally eat again","abstract":"I tasted canned versions of the classic meal from Hormel, Wolf Brand, Amy's, and Campbell's to find the best convenient option for Super Bowl Sunday.","url":"https://www.msn.com/en-us/foodanddrink/foodnews/i-tried-5-different-kinds-of-canned-chili-and-there-s-only-one-i-d-totally-eat-again/ss-AATCSUR?ocid=spartan-ntp-feeds","locale":"en-us","topics":[{"label":"Food","weight":0.7659724950790405,"feedId":"Y_7af3de4b-665e-4109-bb4f-63a829f0495b","locale":"en-us"}],"galleryItemCount":8,"feed":{"id":"Y_7af3de4b-665e-4109-bb4f-63a829f0495b","feedName":"Food"},"slides":[{"title":"I tried 5 different kinds of canned chili, and there's only one I'd totally eat again","body":"<ul class=\"summary-list\"> <li>I reviewed five kinds of canned chili from the supermarket to find the best convenient option. </li> <li>Amy's meat-free version was quite tasty, but Campbell's Chunky chili mac was totally my favorite.</li> <li>Still, none of these canned versions held a candle to homemade chili. </li> </ul><div class=\"read-original\">Read the original article on <a href=\"https://www.insider.com/which-chili-in-a-can-should-i-buy-review-photos-2022-2\">Insider</a></div>","image":{"width":3897,"height":2923,"quality":75,"url":"https://img-s-msn-com.akamaized.net/tenant/amp/entityid/AATCZc0.img","attribution":"Abigail Abesamis Demarest","title":"I tried 5 different kinds of canned chili, and there's only one I'd totally eat again","caption":"<ul class=\"summary-list\"> <li>I reviewed five kinds of canned chili from the supermarket to find the best convenient option. </li> <li>Amy's meat-free version was quite tasty, but Campbell's Chunky chili mac was totally my favorite.</li> <li>Still, none of these canned versions held a candle to homemade chili. </li> </ul><div class=\"read-original\">Read the original article on <a href=\"https://www.insider.com/which-chili-in-a-can-should-i-buy-review-photos-2022-2\">Insider</a></div>","source":"msn"}},{"title":"Chili is a classic and hearty meal, and the canned versions can be super convenient.","body":"<p><a href=\"https://www.insider.com/best-ground-beef-recipes-2018-12\">Chili is warm, comforting, and filling</a>, but requires a fair amount of chopping and simmering to build the complex flavors. So canned options offer a cheap and convenient way to enjoy the classic meal.</p><p>I taste tasted five different kinds of canned chili — Hormel, Wolf Brand, Amy's, Campbell's Chunky, and Campbell's Well Yes! — to find the best option.</p><p>I decided to compare versions with beans for consistency's sake, and I heated up each chili in the microwave, following the instructions on the respective cans.</p><p>Read on to see how these canned chilis stacked up.</p>","image":{"width":3891,"height":2918,"quality":75,"url":"https://img-s-msn-com.akamaized.net/tenant/amp/entityid/AATCXkY.img","attribution":"Abigail Abesamis Demarest","title":"Chili is a classic and hearty meal, and the canned versions can be super convenient.","caption":"<p><a href=\"https://www.insider.com/best-ground-beef-recipes-2018-12\">Chili is warm, comforting, and filling</a>, but requires a fair amount of chopping and simmering to build the complex flavors. So canned options offer a cheap and convenient way to enjoy the classic meal.</p><p>I taste tasted five different kinds of canned chili — Hormel, Wolf Brand, Amy's, Campbell's Chunky, and Campbell's Well Yes! — to find the best option.</p><p>I decided to compare versions with beans for consistency's sake, and I heated up each chili in the microwave, following the instructions on the respective cans.</p><p>Read on to see how these canned chilis stacked up.</p>","source":"msn"}},{"title":"Hormel's take had what I'd consider a classic, canned-chili taste.","body":"<p>When I think of canned chili, I think of Hormel's, so I tried it first as a control, of sorts.</p><p>I followed the instructions on the can and warmed up the chili in a microwave-safe bowl for two to three minutes, stirring halfway through.</p><p>Hormel's chili was the most bean-forward.</p><p>Pretty much each bite was entirely beans. Plus the flavor was very mild, and I couldn't pick up much spice. </p>","image":{"width":3929,"height":2947,"quality":75,"url":"https://img-s-msn-com.akamaized.net/tenant/amp/entityid/AATCSU5.img","attribution":"Abigail Abesamis Demarest","title":"Hormel's take had what I'd consider a classic, canned-chili taste.","caption":"<p>When I think of canned chili, I think of Hormel's, so I tried it first as a control, of sorts.</p><p>I followed the instructions on the can and warmed up the chili in a microwave-safe bowl for two to three minutes, stirring halfway through.</p><p>Hormel's chili was the most bean-forward.</p><p>Pretty much each bite was entirely beans. Plus the flavor was very mild, and I couldn't pick up much spice. </p>","source":"msn"}}],"publishedDateTime":"2022-02-08T22:44:43Z","isFeatured":false,"images":[{"width":3897,"height":2923,"url":"https://www.bing.com/th?id=ORMS.8b4093e8b0f9de2a81f7fd89ce73c8ec&pid=Wdp","colorSamples":[{"isDarkMode":true,"hexColor":"#1A4961"},{"isDarkMode":false,"hexColor":"#F1D6AB"}]}],"provider":{"id":"BBmKCAX","name":"INSIDER","logoUrl":"https://img-s-msn-com.akamaized.net/tenant/amp/entityid/BB10dZNR.img"},"category":"foodanddrink","reactionSummary":{"totalCount":185,"subReactionSummaries":[{"totalCount":103,"type":"like"},{"totalCount":30,"type":"surprised"},{"totalCount":16,"type":"love"},{"totalCount":14,"type":"sad"},{"totalCount":14,"type":"thinking"},{"totalCount":8,"type":"angry"}]},"commentSummary":{"totalCount":29,"subCommentSummaries":[{"totalCount":20,"type":"comment"},{"totalCount":9,"type":"reply"}]}},{"id":"AATBAMs","type":"slideshow","title":"Fascinating ice discoveries frozen in time","abstract":"Extreme cold is so powerful that it can preserve almost anything for millions of years. New discoveries are constantly being made, and much insight is garnered as a result. One of the latest such cases? An 18,000 year-old puppy frozen in permafrost was discovered. Found near the city of Yakutsk in Russia, this pup is \"unusually well-preserved, with its hair, teeth, whiskers and eyelashes still intact.\" Intrigued? Then browse through this gallery for more fascinating stories.","url":"https://www.msn.com/en-us/travel/tripideas/fascinating-ice-discoveries-frozen-in-time/ss-AATBAMs?ocid=spartan-ntp-feeds","locale":"en-us","topics":[{"label":"Travel news","weight":0.16687755286693573,"feedId":"Y_d659302d-5ac4-460a-9baa-8c8684761110","locale":"en-us"}],"galleryItemCount":27,"feed":{"id":"Y_d659302d-5ac4-460a-9baa-8c8684761110","feedName":"Travel news"},"slides":[{"title":"Fascinating ice discoveries frozen in time","body":"<p>Extreme cold is so powerful that it can preserve almost anything for millions of years. New discoveries are constantly being made, and much insight is garnered as a result. One of the latest such cases? An 18,000 year-old puppy frozen in permafrost was <a href=\"https://www.nbcnews.com/science/science-news/18-000-year-old-puppy-found-remarkably-preserved-permafrost-n1095246\" rel=\"noopener\">discovered</a>.</p><p>Found near the city of Yakutsk in Russia, this <a href=\"https://uk.starsinsider.com/lifestyle/326055/too-cold-outside-to-play-not-for-these-good-boys\" rel=\"noopener\">pup</a> is \"unusually well-preserved, with its hair, teeth, whiskers and eyelashes still intact.\"</p><p>Intrigued? Then browse through this gallery for more fascinating stories.</p>","image":{"width":1920,"height":1440,"quality":46,"url":"https://img-s-msn-com.akamaized.net/tenant/amp/entityid/AATBAwE.img","attribution":"Reuters","title":"Fascinating ice discoveries frozen in time","caption":"<p>Extreme cold is so powerful that it can preserve almost anything for millions of years. New discoveries are constantly being made, and much insight is garnered as a result. One of the latest such cases? An 18,000 year-old puppy frozen in permafrost was <a href=\"https://www.nbcnews.com/science/science-news/18-000-year-old-puppy-found-remarkably-preserved-permafrost-n1095246\" rel=\"noopener\">discovered</a>.</p><p>Found near the city of Yakutsk in Russia, this <a href=\"https://uk.starsinsider.com/lifestyle/326055/too-cold-outside-to-play-not-for-these-good-boys\" rel=\"noopener\">pup</a> is \"unusually well-preserved, with its hair, teeth, whiskers and eyelashes still intact.\"</p><p>Intrigued? Then browse through this gallery for more fascinating stories.</p>","source":"msn"}},{"title":"Mount Everest","body":"Due to global warming, melting glaciers are exposing dead bodies of mountaineers who died climbing Mount <a href=\"https://www.bbc.com/news/science-environment-47638436\" rel=\"noopener\">Everest</a>.","image":{"width":1920,"height":1278,"quality":46,"url":"https://img-s-msn-com.akamaized.net/tenant/amp/entityid/AATByvD.img","attribution":"Shutterstock","title":"Mount Everest","caption":"Due to global warming, melting glaciers are exposing dead bodies of mountaineers who died climbing Mount <a href=\"https://www.bbc.com/news/science-environment-47638436\" rel=\"noopener\">Everest</a>.","source":"msn"}},{"title":"Antarctica mountain range","body":"There's actually a 10,000 ft (approximately 3,048 km) mountain range under the ice of <a href=\"https://www.livescience.com/6581-mysterious-mountains-hidden-beneath-antarctic-ice-revealed.html\">Antarctica</a>.","image":{"width":1920,"height":1280,"quality":46,"url":"https://img-s-msn-com.akamaized.net/tenant/amp/entityid/AATBGIE.img","attribution":"Getty Images","title":"Antarctica mountain range","caption":"There's actually a 10,000 ft (approximately 3,048 km) mountain range under the ice of <a href=\"https://www.livescience.com/6581-mysterious-mountains-hidden-beneath-antarctic-ice-revealed.html\">Antarctica</a>.","source":"msn"}}],"publishedDateTime":"2022-02-08T23:55:00Z","isFeatured":false,"images":[{"width":1920,"height":1440,"url":"https://www.bing.com/th?id=ORMS.8720357b0a0d2222428a5ded7db3c2da&pid=Wdp"}],"provider":{"id":"AAm2Sag","name":"StarsInsider","logoUrl":"https://img-s-msn-com.akamaized.net/tenant/amp/entityid/AAm2UN1.img"},"category":"travel","reactionSummary":{"totalCount":247,"subReactionSummaries":[{"totalCount":124,"type":"like"},{"totalCount":53,"type":"surprised"},{"totalCount":32,"type":"love"},{"totalCount":18,"type":"thinking"},{"totalCount":16,"type":"sad"},{"totalCount":4,"type":"angry"}]},"commentSummary":{"totalCount":29,"subCommentSummaries":[{"totalCount":9,"type":"comment"},{"totalCount":20,"type":"reply"}]}},{"id":"AATCMX7","type":"article","title":"Ex-Patriots Quarterback Says Tom Brady Wants To Play For 1 Other Team","abstract":"Tom Brady’s playing days are over, right? In the words of the legendary Lee Corso: “Not so fast, my friend!” There’s a belief within NFL circles that if Brady did return to the NFL, he wouldn’t want to play for the Tampa Bay Buccaneers again. The only issue is Brady is still contractually obligated to […] The post Ex-Patriots Quarterback Says Tom Brady Wants To Play For 1 Other Team appeared first on The Spun.","readTimeMin":2,"url":"https://www.msn.com/en-us/sports/nfl/ex-patriots-quarterback-says-tom-brady-wants-to-play-for-1-other-team/ar-AATCMX7?ocid=spartan-ntp-feeds","locale":"en-us","topics":[{"label":"Sports","weight":0.9996578693389893,"feedId":"Y_b09e3e40-000d-454d-87ef-96631d7c9e7c","locale":"en-us"}],"feed":{"id":"Y_b09e3e40-000d-454d-87ef-96631d7c9e7c","feedName":"Sports"},"publishedDateTime":"2022-02-08T21:15:04Z","isFeatured":false,"images":[{"width":775,"height":465,"url":"https://www.bing.com/th?id=ORMS.7b7a82241bc3d72e8f8263d0d1ad3252&pid=Wdp","colorSamples":[{"isDarkMode":true,"hexColor":"#6D3C49"},{"isDarkMode":false,"hexColor":"#EFEAF1"}]}],"provider":{"id":"BB199c9L","name":"The Spun","logoUrl":"https://img-s-msn-com.akamaized.net/tenant/amp/entityid/AALER5n.img"},"category":"sports","reactionSummary":{"totalCount":260,"subReactionSummaries":[{"totalCount":158,"type":"like"},{"totalCount":44,"type":"love"},{"totalCount":24,"type":"angry"},{"totalCount":22,"type":"surprised"},{"totalCount":6,"type":"sad"},{"totalCount":6,"type":"thinking"}]},"commentSummary":{"totalCount":59,"subCommentSummaries":[{"totalCount":39,"type":"comment"},{"totalCount":20,"type":"reply"}]}},{"id":"AATCxHW","type":"article","title":"Jan. 6 Rioter Who Was Out on Bail During Capitol Siege Arrested: Report","abstract":"The man was out on bail for an attempted first-degree murder charge when he stormed the U.S. Capitol on January 6, 2021.","readTimeMin":2,"url":"https://www.msn.com/en-us/news/crime/jan-6-rioter-who-was-out-on-bail-during-capitol-siege-arrested-report/ar-AATCxHW?ocid=spartan-ntp-feeds","locale":"en-us","topics":[{"label":"Crime","weight":1.0,"feedId":"Y_6f320357-0418-4bb0-a654-f5ba77f31552","locale":"en-us"},{"label":"Top News","weight":1.0,"feedId":"Y_8c1db373-86c0-4213-9e06-0bb6deb2a336","locale":"en-us"},{"label":"News","weight":0.9916962385177612,"feedId":"Y_9eb0ac10-32bc-43cf-816e-5beaaf524f7a","locale":"en-us"}],"feed":{"id":"Y_6f320357-0418-4bb0-a654-f5ba77f31552","feedName":"Crime"},"publishedDateTime":"2022-02-08T18:09:35Z","isFeatured":false,"images":[{"width":3000,"height":2000,"url":"https://www.bing.com/th?id=ORMS.b342f8ebcfcfc7511be8b49f25801987&pid=Wdp","colorSamples":[{"isDarkMode":true,"hexColor":"#ECECF3"},{"isDarkMode":false,"hexColor":"#ECECF3"}]}],"provider":{"id":"AA2e5M","name":"Newsweek","logoUrl":"https://img-s-msn-com.akamaized.net/tenant/amp/entityid/AA38A54.img"},"category":"news","reactionSummary":{"totalCount":144,"subReactionSummaries":[{"totalCount":95,"type":"like"},{"totalCount":19,"type":"love"},{"totalCount":17,"type":"angry"},{"totalCount":8,"type":"sad"},{"totalCount":3,"type":"surprised"},{"totalCount":2,"type":"thinking"}]},"commentSummary":{"totalCount":0}},{"id":"AATCKr0","type":"article","title":"These 4 Untested Weapons Could Be Crucial If Russia Pushes Beyond Ukraine","abstract":"U.S. troops seem to be taking some untested kit with them.","readTimeMin":4,"url":"https://www.msn.com/en-us/news/world/these-4-untested-weapons-could-be-crucial-if-russia-pushes-beyond-ukraine/ar-AATCKr0?ocid=spartan-ntp-feeds","locale":"en-us","topics":[{"label":"World","weight":0.6629562973976135,"feedId":"Y_ee352f2b-a60f-41b3-9b10-4d54b4e7f3f9","locale":"en-us"},{"label":"News","weight":0.6629562973976135,"feedId":"Y_9eb0ac10-32bc-43cf-816e-5beaaf524f7a","locale":"en-us"}],"feed":{"id":"Y_ee352f2b-a60f-41b3-9b10-4d54b4e7f3f9","feedName":"World"},"publishedDateTime":"2022-02-08T20:24:00Z","isFeatured":false,"images":[{"width":999,"height":500,"url":"https://www.bing.com/th?id=ORMS.f28bba3bde6b81c91c2eb8ef9d556d0a&pid=Wdp","colorSamples":[{"isDarkMode":true,"hexColor":"#37391F"},{"isDarkMode":false,"hexColor":"#37391F"}]}],"provider":{"id":"AA2JLGB","name":"Popular Mechanics","logoUrl":"https://img-s-msn-com.akamaized.net/tenant/amp/entityid/BB10OHE9.img"},"category":"news","reactionSummary":{"totalCount":213,"subReactionSummaries":[{"totalCount":102,"type":"like"},{"totalCount":43,"type":"thinking"},{"totalCount":27,"type":"love"},{"totalCount":18,"type":"surprised"},{"totalCount":18,"type":"angry"},{"totalCount":5,"type":"sad"}]},"commentSummary":{"totalCount":138,"subCommentSummaries":[{"totalCount":41,"type":"comment"},{"totalCount":97,"type":"reply"}]}},{"id":"AATCaae","type":"video","title":"CDC Warnings and Cruise Travel","abstract":"CDC warnings may make travel insurance complicated.","url":"https://www.msn.com/en-us/travel/news/cdc-warnings-and-cruise-travel/vi-AATCaae?ocid=spartan-ntp-feeds","locale":"en-us","topics":[{"label":"Travel news","weight":0.48895078897476196,"feedId":"Y_d659302d-5ac4-460a-9baa-8c8684761110","locale":"en-us"}],"videoMetadata":{"playTime":60,"closedCaptions":[]},"externalVideoFiles":[],"feed":{"id":"Y_d659302d-5ac4-460a-9baa-8c8684761110","feedName":"Travel news"},"publishedDateTime":"2022-02-08T15:09:04Z","isFeatured":false,"images":[{"width":1280,"height":720,"url":"https://www.bing.com/th?id=ORMS.028c82c102392742afcf5312923b8f43&pid=Wdp","colorSamples":[{"isDarkMode":true,"hexColor":"#1C5777"},{"isDarkMode":false,"hexColor":"#CADDED"}]}],"provider":{"id":"BBhFXKH","name":"Dailymotion","logoUrl":"https://img-s-msn-com.akamaized.net/tenant/amp/entityid/AALo3og.img"},"category":"travel","reactionSummary":{"totalCount":26,"subReactionSummaries":[{"totalCount":13,"type":"like"},{"totalCount":6,"type":"thinking"},{"totalCount":3,"type":"love"},{"totalCount":3,"type":"angry"},{"totalCount":1,"type":"surprised"}]},"commentSummary":{"totalCount":0}},{"id":"AATBK57","type":"article","title":"Why Cardiologists Say That Every Heart-Healthy Breakfast Should Include the ‘Big 2’ Nutrients","abstract":"Spoiler: They're fiber and protein.","readTimeMin":4,"url":"https://www.msn.com/en-us/health/nutrition/why-cardiologists-say-that-every-heart-healthy-breakfast-should-include-the-big-2-nutrients/ar-AATBK57?ocid=spartan-ntp-feeds","locale":"en-us","topics":[{"label":"Medical","weight":1.0,"feedId":"Y_0eb89e71-e765-4f2e-b608-b2f9d10e1b94","locale":"en-us"},{"label":"Medical News","weight":1.0,"feedId":"Y_b5b3c1e9-25c5-4bc5-9953-eda566553e94","locale":"en-us"},{"label":"Wellness","weight":1.0,"feedId":"Y_c19564fe-ba4d-49be-9fe4-4324d244e1c0","locale":"en-us"},{"label":"Health & Fitness","weight":1.0,"feedId":"Y_44f45265-863a-449b-b31c-7143a1d669a3","locale":"en-us"},{"label":"Health news","weight":0.9645646214485168,"feedId":"Y_e9e6276b-7e2e-437e-8e9c-b45f1de22ba7","locale":"en-us"},{"label":"Health","weight":0.8929320573806763,"feedId":"Y_c95b134f-a01c-4439-a13f-337ca34f37ea","locale":"en-us"},{"label":"Nutrition","weight":0.8929320573806763,"feedId":"Y_fb32374e-b434-4c98-a8fc-8be0caee2b6c","locale":"en-us"},{"label":"Health and Fitness","weight":0.8929320573806763,"feedId":"Y_39162ebb-61d9-4c26-8520-a66d3a51da5b","locale":"en-us"},{"label":"Self","weight":0.559146523475647,"feedId":"Y_8e3b418c-86d2-4bca-bd25-27f6bbccd090","locale":"en-us"}],"feed":{"id":"Y_0eb89e71-e765-4f2e-b608-b2f9d10e1b94","feedName":"Medical"},"publishedDateTime":"2022-02-08T13:00:55Z","isFeatured":false,"images":[{"width":866,"height":578,"url":"https://www.bing.com/th?id=ORMS.9a8aa7ba493cb7bc29ee4ff5a9ce2d14&pid=Wdp","colorSamples":[{"isDarkMode":true,"hexColor":"#D9D8D7"},{"isDarkMode":false,"hexColor":"#D9D8D7"}]}],"provider":{"id":"BBHt6x8","name":"Well+Good","logoUrl":"https://img-s-msn-com.akamaized.net/tenant/amp/entityid/BBK2neQ.img"},"category":"health","reactionSummary":{"totalCount":76,"subReactionSummaries":[{"totalCount":50,"type":"like"},{"totalCount":11,"type":"love"},{"totalCount":6,"type":"surprised"},{"totalCount":5,"type":"thinking"},{"totalCount":3,"type":"angry"},{"totalCount":1,"type":"sad"}]},"commentSummary":{"totalCount":4,"subCommentSummaries":[{"totalCount":4,"type":"comment"}]}},{"id":"AATCgsd","type":"article","title":"Wild Theories Swirl After Plane Passenger Spots 'Dementor' Shape in the Sky","abstract":"Responding to accusations a video may have been faked, Zoë Montoya shared a follow-up, saying, \"Yeah bestie this is definitely my own video I took yesterday.\"","readTimeMin":4,"url":"https://www.msn.com/en-us/news/us/wild-theories-swirl-after-plane-passenger-spots-dementor-shape-in-the-sky/ar-AATCgsd?ocid=spartan-ntp-feeds","locale":"en-us","topics":[{"label":"Top News","weight":1.0,"feedId":"Y_8c1db373-86c0-4213-9e06-0bb6deb2a336","locale":"en-us"},{"label":"News","weight":0.8923355937004089,"feedId":"Y_9eb0ac10-32bc-43cf-816e-5beaaf524f7a","locale":"en-us"},{"label":"US","weight":0.8923355937004089,"feedId":"Y_a3b33cc2-2c47-48ba-a975-4b87b597644b","locale":"en-us"}],"feed":{"id":"Y_8c1db373-86c0-4213-9e06-0bb6deb2a336","feedName":"Top News"},"publishedDateTime":"2022-02-08T16:53:15Z","isFeatured":false,"images":[{"width":2400,"height":1600,"url":"https://www.bing.com/th?id=ORMS.1cbc02f14d4f4f781b60dbac061e44e0&pid=Wdp","colorSamples":[{"isDarkMode":true,"hexColor":"#23232D"},{"isDarkMode":false,"hexColor":"#23232D"}]}],"provider":{"id":"AA2e5M","name":"Newsweek","logoUrl":"https://img-s-msn-com.akamaized.net/tenant/amp/entityid/AA38A54.img"},"category":"news","reactionSummary":{"totalCount":1471,"subReactionSummaries":[{"totalCount":750,"type":"like"},{"totalCount":346,"type":"love"},{"totalCount":229,"type":"surprised"},{"totalCount":102,"type":"thinking"},{"totalCount":27,"type":"angry"},{"totalCount":17,"type":"sad"}]},"commentSummary":{"totalCount":323,"subCommentSummaries":[{"totalCount":185,"type":"comment"},{"totalCount":138,"type":"reply"}]}},{"id":"AATCl1r","type":"article","title":"Former New York Yankees Outfielder Has Died At 55","abstract":"A longtime Major League Baseball outfielder has reportedly passed away at the age of 55. Former New York Yankees outfielder Gerald Williams, a close friend of Derek Jeter, has died following a battle with cancer. Jeter announced the heartbreaking news on Tuesday afternoon. “Gerald Williams passed away this morning after a battle with cancer. To […] The post Former New York Yankees Outfielder Has Died At 55 appeared first on The Spun.","readTimeMin":1,"url":"https://www.msn.com/en-us/sports/mlb/former-new-york-yankees-outfielder-has-died-at-55/ar-AATCl1r?ocid=spartan-ntp-feeds","locale":"en-us","topics":[{"label":"Sports","weight":0.9999649524688721,"feedId":"Y_b09e3e40-000d-454d-87ef-96631d7c9e7c","locale":"en-us"}],"feed":{"id":"Y_b09e3e40-000d-454d-87ef-96631d7c9e7c","feedName":"Sports"},"publishedDateTime":"2022-02-08T18:07:31Z","isFeatured":false,"images":[{"width":775,"height":465,"url":"https://www.bing.com/th?id=ORMS.d1d0ae957cea77060022310741108b37&pid=Wdp","colorSamples":[{"isDarkMode":true,"hexColor":"#262E3E"},{"isDarkMode":false,"hexColor":"#E2D7C2"}]}],"provider":{"id":"BB199c9L","name":"The Spun","logoUrl":"https://img-s-msn-com.akamaized.net/tenant/amp/entityid/AALER5n.img"},"category":"sports","reactionSummary":{"totalCount":215,"subReactionSummaries":[{"totalCount":93,"type":"like"},{"totalCount":77,"type":"sad"},{"totalCount":30,"type":"love"},{"totalCount":6,"type":"thinking"},{"totalCount":5,"type":"angry"},{"totalCount":4,"type":"surprised"}]},"commentSummary":{"totalCount":3,"subCommentSummaries":[{"totalCount":2,"type":"comment"},{"totalCount":1,"type":"reply"}]}},{"id":"AATBFt2","type":"article","title":"Steve Irwin's son, Robert Irwin, almost attacked by 12-foot crocodile on camera","abstract":"The son of Steve Irwin, Robert Irwin, was almost attacked by a 12-foot crocodile while filming \"Crikey! It's the Irwins.\"","readTimeMin":2,"url":"https://www.msn.com/en-us/tv/news/steve-irwin-s-son-robert-irwin-almost-attacked-by-12-foot-crocodile-on-camera/ar-AATBFt2?ocid=spartan-ntp-feeds","locale":"en-us","topics":[{"label":"Entertainment","weight":1.0,"feedId":"Y_414a7c40-a373-4025-b4ce-e9502e9e17ed","locale":"en-us"},{"label":"TV","weight":1.0,"feedId":"Y_ecf14ace-5910-4da7-a26f-3919270f1200","locale":"en-us"},{"label":"Entertainment News","weight":1.0,"feedId":"Y_fd29d629-260e-4efa-9836-feb7169c9841","locale":"en-us"},{"label":"TV News","weight":1.0,"feedId":"Y_a1cd9a12-a7ea-49f3-9366-12a2e2a0d5ca","locale":"en-us"}],"feed":{"id":"Y_414a7c40-a373-4025-b4ce-e9502e9e17ed","feedName":"Entertainment"},"publishedDateTime":"2022-02-08T12:42:14Z","isFeatured":false,"images":[{"width":854,"height":480,"url":"https://www.bing.com/th?id=ORMS.504f65f865f9a0fa6cc7e5b31b314008&pid=Wdp","focalRegion":{"x1":134,"x2":775,"y1":78,"y2":224},"colorSamples":[{"isDarkMode":true,"hexColor":"#6E4E26"},{"isDarkMode":false,"hexColor":"#6E4E26"}]}],"provider":{"id":"AAnTEc","name":"USA TODAY","logoUrl":"https://img-s-msn-com.akamaized.net/tenant/amp/entityid/BBNvr53.img"},"category":"tv","reactionSummary":{"totalCount":892,"subReactionSummaries":[{"totalCount":378,"type":"like"},{"totalCount":308,"type":"surprised"},{"totalCount":110,"type":"love"},{"totalCount":41,"type":"sad"},{"totalCount":37,"type":"thinking"},{"totalCount":18,"type":"angry"}]},"commentSummary":{"totalCount":99,"subCommentSummaries":[{"totalCount":85,"type":"comment"},{"totalCount":14,"type":"reply"}]}},{"id":"AATCs5w","type":"article","title":"Rihanna Wore a Strappy Outfit That Fully (& Stylishly) Showed Her Baby Bump","abstract":"It’s Rih’s take on maternity style — and we love to see it.","readTimeMin":2,"url":"https://www.msn.com/en-us/lifestyle/lifestyle-buzz/rihanna-wore-a-strappy-outfit-that-fully-stylishly-showed-her-baby-bump/ar-AATCs5w?ocid=spartan-ntp-feeds","locale":"en-us","topics":[{"label":"Style","weight":1.0,"feedId":"Y_c7dbf866-da30-4b07-bff1-92030ff8b487","locale":"en-us"},{"label":"Entertainment News","weight":1.0,"feedId":"Y_fd29d629-260e-4efa-9836-feb7169c9841","locale":"en-us"}],"feed":{"id":"Y_c7dbf866-da30-4b07-bff1-92030ff8b487","feedName":"Style"},"publishedDateTime":"2022-02-08T17:09:57Z","isFeatured":false,"images":[{"width":3417,"height":3199,"url":"https://www.bing.com/th?id=ORMS.dd9f524335f79b19101a11d856d2c194&pid=Wdp","focalRegion":{"x1":448,"x2":571,"y1":134,"y2":257},"colorSamples":[{"isDarkMode":true,"hexColor":"#DBD8E9"},{"isDarkMode":false,"hexColor":"#DBD8E9"}]}],"provider":{"id":"AAdJmoQ","name":"Teen Vogue","logoUrl":"https://img-s-msn-com.akamaized.net/tenant/amp/entityid/BBrT3Jd.img"},"category":"lifestyle","reactionSummary":{"totalCount":62,"subReactionSummaries":[{"totalCount":25,"type":"love"},{"totalCount":19,"type":"like"},{"totalCount":6,"type":"surprised"},{"totalCount":6,"type":"thinking"},{"totalCount":3,"type":"sad"},{"totalCount":3,"type":"angry"}]},"commentSummary":{"totalCount":2,"subCommentSummaries":[{"totalCount":2,"type":"comment"}]}},{"id":"AATCIVN","type":"article","title":"Experts say these 7 popular groceries will face shortages soon","abstract":"I need to make my latest weekly trip to the grocery store later today, and it’s gotten to the point where that phrase is actually a misnomer for me. Because of the supply chain disruptions and all of the other pandemic-inspired complications we’re living through, I don’t make grocery store runs anymore. I make trips The post Experts say these 7 popular groceries will face shortages soon appeared first on BGR.","readTimeMin":3,"url":"https://www.msn.com/en-us/money/companies/experts-say-these-7-popular-groceries-will-face-shortages-soon/ar-AATCIVN?ocid=spartan-ntp-feeds","locale":"en-us","topics":[{"label":"Food","weight":0.4536771774291992,"feedId":"Y_7af3de4b-665e-4109-bb4f-63a829f0495b","locale":"en-us"}],"feed":{"id":"Y_7af3de4b-665e-4109-bb4f-63a829f0495b","feedName":"Food"},"publishedDateTime":"2022-02-08T22:01:00Z","isFeatured":false,"images":[{"width":2500,"height":1407,"url":"https://www.bing.com/th?id=ORMS.5ae17d9ec470b715535442858e9f2aa1&pid=Wdp","colorSamples":[{"isDarkMode":true,"hexColor":"#465276"},{"isDarkMode":false,"hexColor":"#465276"}]}],"provider":{"id":"AA5Lie6","name":"BGR","logoUrl":"https://img-s-msn-com.akamaized.net/tenant/amp/entityid/BB1vTrk.img"},"category":"money","reactionSummary":{"totalCount":131,"subReactionSummaries":[{"totalCount":66,"type":"like"},{"totalCount":25,"type":"angry"},{"totalCount":16,"type":"love"},{"totalCount":9,"type":"sad"},{"totalCount":8,"type":"surprised"},{"totalCount":7,"type":"thinking"}]},"commentSummary":{"totalCount":28,"subCommentSummaries":[{"totalCount":15,"type":"comment"},{"totalCount":13,"type":"reply"}]}},{"id":"AATBBvo","type":"article","title":"My nephew was beautiful and courageous. The love and acceptance of his family was not enough","abstract":"There are 10 sitting days remaining in the 46th Parliament. There is a crisis in our aged care system. Hundreds of Australians are dying in understaffed, underfunded homes and yet this Government is doing nothing about it. Two years ago the Government promised to introduce a federal anti-corruption commission. The attorney general told us yesterday that no such promise will be delivered. There are skills shortages and supply shortages which are...","readTimeMin":5,"url":"https://www.msn.com/en-us/news/opinion/my-nephew-was-beautiful-and-courageous-the-love-and-acceptance-of-his-family-was-not-enough/ar-AATBBvo?ocid=spartan-ntp-feeds","locale":"en-us","topics":[{"label":"News","weight":0.7786569595336914,"feedId":"Y_9eb0ac10-32bc-43cf-816e-5beaaf524f7a","locale":"en-us"},{"label":"Opinion","weight":0.7786569595336914,"feedId":"Y_fdf0ff6c-7f65-4143-b2ad-fe655db53c36","locale":"en-us"}],"feed":{"id":"Y_9eb0ac10-32bc-43cf-816e-5beaaf524f7a","feedName":"News"},"publishedDateTime":"2022-02-08T11:43:05Z","isFeatured":false,"images":[{"width":4435,"height":2661,"url":"https://www.bing.com/th?id=ORMS.4a30e12ba862c83bc9ac74fa5a5dfb02&pid=Wdp","focalRegion":{"x1":339,"x2":500,"y1":176,"y2":336},"colorSamples":[{"isDarkMode":true,"hexColor":"#171B2B"},{"isDarkMode":false,"hexColor":"#171B2B"}]}],"provider":{"id":"AA28KK","name":"The Guardian","logoUrl":"https://img-s-msn-com.akamaized.net/tenant/amp/entityid/AAyxfDD.img"},"category":"news","reactionSummary":{"totalCount":173,"subReactionSummaries":[{"totalCount":69,"type":"like"},{"totalCount":47,"type":"love"},{"totalCount":28,"type":"sad"},{"totalCount":14,"type":"angry"},{"totalCount":9,"type":"thinking"},{"totalCount":6,"type":"surprised"}]},"commentSummary":{"totalCount":17,"subCommentSummaries":[{"totalCount":11,"type":"comment"},{"totalCount":6,"type":"reply"}]}},{"id":"AATCA0W","type":"article","title":"Eileen Gu's gold medal prompts torrent of vile jingoism in US media","abstract":"A rare moment of international solidarity and celebration was marred by racially charged nationalism in some corners of western media on Tuesday.","readTimeMin":4,"url":"https://www.msn.com/en-us/sports/winter-olympics/eileen-gu-s-gold-medal-prompts-torrent-of-vile-jingoism-in-us-media/ar-AATCA0W?ocid=spartan-ntp-feeds","locale":"en-us","topics":[{"label":"Sports news","weight":0.5899608135223389,"feedId":"Y_cf67a66a-37a7-4248-a54b-91afc8129ef7","locale":"en-us"}],"feed":{"id":"Y_cf67a66a-37a7-4248-a54b-91afc8129ef7","feedName":"Sports news"},"publishedDateTime":"2022-02-08T17:50:00Z","isFeatured":false,"images":[{"width":4207,"height":2804,"url":"https://www.bing.com/th?id=ORMS.84eec6c1c2c6b91b3d8148a7e5afbfb1&pid=Wdp","focalRegion":{"x1":336,"x2":390,"y1":139,"y2":193},"colorSamples":[{"isDarkMode":true,"hexColor":"#104B9E"},{"isDarkMode":false,"hexColor":"#104B9E"}]}],"provider":{"id":"AAweJZR","name":"Audacy","logoUrl":"https://img-s-msn-com.akamaized.net/tenant/amp/entityid/BBUDYUu.img"},"category":"sports","reactionSummary":{"totalCount":71,"subReactionSummaries":[{"totalCount":29,"type":"angry"},{"totalCount":25,"type":"like"},{"totalCount":10,"type":"love"},{"totalCount":3,"type":"surprised"},{"totalCount":3,"type":"thinking"},{"totalCount":1,"type":"sad"}]},"commentSummary":{"totalCount":79,"subCommentSummaries":[{"totalCount":45,"type":"comment"},{"totalCount":34,"type":"reply"}]}},{"id":"AATCwW7","type":"video","title":"Man Crashes Down Icy Stairs","abstract":"This man was climbing down the stairs to his car. Little did he know the stairs were covered in ice and as soon as he lost grip, he slipped down the entire stairway, dropping his laptop and drink, and hurting himself. His girlfriend then got out of the car to ask if he was okay.","url":"https://www.msn.com/en-us/video/peopleandplaces/man-crashes-down-icy-stairs/vi-AATCwW7?ocid=spartan-ntp-feeds","locale":"en-us","topics":[{"label":"Travel news","weight":0.1504337340593338,"feedId":"Y_d659302d-5ac4-460a-9baa-8c8684761110","locale":"en-us"}],"videoMetadata":{"playTime":20,"closedCaptions":[]},"externalVideoFiles":[],"feed":{"id":"Y_d659302d-5ac4-460a-9baa-8c8684761110","feedName":"Travel news"},"publishedDateTime":"2022-02-08T17:45:49Z","isFeatured":false,"images":[{"width":640,"height":360,"url":"https://www.bing.com/th?id=ORMS.dee5e98bf797d9e8c8c0f4389a486416&pid=Wdp","colorSamples":[{"isDarkMode":true,"hexColor":"#384868"},{"isDarkMode":false,"hexColor":"#BBDCF6"}]}],"provider":{"id":"BBhFXKH","name":"Dailymotion","logoUrl":"https://img-s-msn-com.akamaized.net/tenant/amp/entityid/AALo3og.img"},"category":"video","reactionSummary":{"totalCount":17,"subReactionSummaries":[{"totalCount":7,"type":"like"},{"totalCount":4,"type":"love"},{"totalCount":3,"type":"surprised"},{"totalCount":2,"type":"sad"},{"totalCount":1,"type":"thinking"}]},"commentSummary":{"totalCount":0}},{"id":"AATDyrw","type":"video","title":"SoftBank's plan to take Arm public was viewed positively, says investment group","abstract":"Oliver Matthew of CLSA discusses Arm's planned IPO after SoftBank's sale of Arm to Nvidia collapsed.","url":"https://www.msn.com/en-us/money/news/softbank-s-plan-to-take-arm-public-was-viewed-positively-says-investment-group/vi-AATDyrw?ocid=spartan-ntp-feeds","locale":"en-us","topics":[{"label":"Money","weight":0.5040221810340881,"feedId":"Y_f714b6e2-e9db-41d0-9b5f-b2e0a52f85da","locale":"en-us"},{"label":"Business","weight":0.5040221810340881,"feedId":"Y_367b7be1-6bd2-44e7-95b3-b0d077ccc28d","locale":"en-us"}],"videoMetadata":{"playTime":139,"closedCaptions":[{"locale":"en-us","href":"https://prod-video-cms-amp-microsoft-com.akamaized.net/tenant/amp/entityid/AATDyrw?blobrefkey=closedcaptionen-us&$blob=1"}]},"externalVideoFiles":[{"url":"https://prod-streaming-video-msn-com.akamaized.net/08b9d958-e493-4d10-befa-861258be4ad8/72da62bd-a4a3-44e5-b5de-975ddf6cbff2.mp4","contentType":"video/mp4","fileSize":19325105},{"url":"https://prod-streaming-video-msn-com.akamaized.net/9c0ff94f-d67f-4434-bcb9-c92e67b1dfd6/72da62bd-a4a3-44e5-b5de-975ddf6c.ism/manifest","width":640,"height":360},{"url":"https://prod-streaming-video-msn-com.akamaized.net/9c0ff94f-d67f-4434-bcb9-c92e67b1dfd6/72da62bd-a4a3-44e5-b5de-975ddf6c.ism/manifest(format=m3u8-aapl)","width":640,"height":360},{"url":"https://prod-streaming-video-msn-com.akamaized.net/9c0ff94f-d67f-4434-bcb9-c92e67b1dfd6/72da62bd-a4a3-44e5-b5de-975ddf6c.ism/manifest(format=mpd-time-csf)","width":640,"height":360},{"url":"https://prod-streaming-video-msn-com.akamaized.net/9c0ff94f-d67f-4434-bcb9-c92e67b1dfd6/72da62bd-a4a3-44e5-b5de-975ddf6c_650.mp4","width":640,"height":360,"contentType":"video/mp4","fileSize":13308291}],"feed":{"id":"Y_f714b6e2-e9db-41d0-9b5f-b2e0a52f85da","feedName":"Money"},"publishedDateTime":"2022-02-09T06:42:25Z","isFeatured":false,"images":[{"width":1910,"height":1000,"url":"https://www.bing.com/th?id=ORMS.b2bc5977a7fe660ee130fc476278ae49&pid=Wdp","focalRegion":{"x1":436,"x2":623,"y1":121,"y2":308},"colorSamples":[{"isDarkMode":true,"hexColor":"#5D4423"},{"isDarkMode":false,"hexColor":"#DBDBCB"}]}],"provider":{"id":"AAnPvW","name":"CNBC","logoUrl":"https://img-s-msn-com.akamaized.net/tenant/amp/entityid/AAADLcm.img"},"category":"money","reactionSummary":{"totalCount":0},"commentSummary":{"totalCount":0}}]},{"id":"AATCoqt","type":"article","title":"Family says man was shot to death during carjacking in South Loop, but police won’t confirm that his Mercedes SUV is missing","abstract":"Family members say a man was shot dead during a carjacking in the South Loop over the weekend, but police are releasing few details of the attack and won’t even say whether the man’s Mercedes is missing.","readTimeMin":2,"url":"https://www.msn.com/en-us/news/crime/family-says-man-was-shot-to-death-during-carjacking-in-south-loop-but-police-won-t-confirm-that-his-mercedes-suv-is-missing/ar-AATCoqt?ocid=spartan-ntp-feeds","locale":"en-us","isLocalContent":true,"topics":[{"label":"News","weight":0.7902523875236511,"feedId":"Y_9eb0ac10-32bc-43cf-816e-5beaaf524f7a","locale":"en-us"},{"label":"Crime","weight":0.7902523875236511,"feedId":"Y_6f320357-0418-4bb0-a654-f5ba77f31552","locale":"en-us"}],"feed":{"id":"Y_9eb0ac10-32bc-43cf-816e-5beaaf524f7a","feedName":"News"},"publishedDateTime":"2022-02-08T17:28:39Z","isFeatured":false,"images":[{"width":1015,"height":1024,"url":"https://www.bing.com/th?id=ORMS.9bacd15ee2cfef6724ccc52968da883e&pid=Wdp","focalRegion":{"x1":502,"x2":649,"y1":297,"y2":444}}],"provider":{"id":"BB18eXnm","name":"WBBM Radio Chicago","logoUrl":"https://img-s-msn-com.akamaized.net/tenant/amp/entityid/BB18f16q.img"},"category":"news","reactionSummary":{"totalCount":13,"subReactionSummaries":[{"totalCount":5,"type":"like"},{"totalCount":3,"type":"sad"},{"totalCount":3,"type":"angry"},{"totalCount":1,"type":"love"},{"totalCount":1,"type":"surprised"}]},"commentSummary":{"totalCount":0}},{"id":"AATCUth","type":"article","title":"Roberts’s Grip Slips as Supreme Court Conservatives Curb Voting Rights","abstract":"Chief Justice John Roberts was once in the vanguard as the U.S. Supreme Court rolled back the Voting Rights Act. But as his more conservative colleagues showed Monday in restoring a Republican-drawn Alabama congressional map, Roberts is no longer in control.","readTimeMin":4,"url":"https://www.msn.com/en-us/money/markets/roberts-s-grip-slips-as-supreme-court-conservatives-curb-voting-rights/ar-AATCUth?ocid=spartan-ntp-feeds","locale":"en-us","topics":[{"label":"Money","weight":0.6449865698814392,"feedId":"Y_f714b6e2-e9db-41d0-9b5f-b2e0a52f85da","locale":"en-us"},{"label":"Business","weight":0.6449865698814392,"feedId":"Y_367b7be1-6bd2-44e7-95b3-b0d077ccc28d","locale":"en-us"}],"feed":{"id":"Y_f714b6e2-e9db-41d0-9b5f-b2e0a52f85da","feedName":"Money"},"publishedDateTime":"2022-02-08T21:50:37Z","isFeatured":false,"images":[{"width":2000,"height":1333,"url":"https://www.bing.com/th?id=ORMS.7573991b8dbeea365b2283bfdc1bce71&pid=Wdp","colorSamples":[{"isDarkMode":true,"hexColor":"#2F2B25"},{"isDarkMode":false,"hexColor":"#CFE0E5"}]}],"provider":{"id":"AAjfXM","name":"Bloomberg","logoUrl":"https://img-s-msn-com.akamaized.net/tenant/amp/entityid/AA3lldo.img"},"category":"money","reactionSummary":{"totalCount":413,"subReactionSummaries":[{"totalCount":174,"type":"like"},{"totalCount":140,"type":"angry"},{"totalCount":58,"type":"love"},{"totalCount":20,"type":"sad"},{"totalCount":14,"type":"thinking"},{"totalCount":7,"type":"surprised"}]},"commentSummary":{"totalCount":295,"subCommentSummaries":[{"totalCount":109,"type":"comment"},{"totalCount":186,"type":"reply"}]}},{"id":"AASUbcZ","type":"video","title":"Dow falls sharply as rates rise and Goldman disappoints on earnings","abstract":"Valerie Grant, Alliance Bernstein senior vice president, and Joanne Feeney, Advisors Capital Management partner, join 'Squawk on the Street' to discuss future bond rate performance and how equities will respond and which stock sectors are buying opportunities.","url":"https://www.msn.com/en-us/money/topstocks/dow-falls-sharply-as-rates-rise-and-goldman-disappoints-on-earnings/vi-AASUbcZ?ocid=spartan-ntp-feeds","locale":"en-us","topics":[{"label":"Money","weight":0.8800022006034851,"feedId":"Y_f714b6e2-e9db-41d0-9b5f-b2e0a52f85da","locale":"en-us"},{"label":"Business","weight":0.8800022006034851,"feedId":"Y_367b7be1-6bd2-44e7-95b3-b0d077ccc28d","locale":"en-us"}],"videoMetadata":{"playTime":251,"closedCaptions":[{"locale":"en-us","href":"https://prod-video-cms-amp-microsoft-com.akamaized.net/tenant/amp/entityid/AASUbcZ?blobrefkey=closedcaptionen-us&$blob=1"}]},"externalVideoFiles":[{"url":"https://prod-streaming-video-msn-com.akamaized.net/4730e15a-ebdd-4a31-994f-73904910db36/6850be93-be71-45cd-aff4-b52e63f0e631.mp4","contentType":"video/mp4","fileSize":34768110},{"url":"https://prod-streaming-video-msn-com.akamaized.net/fc0e92bf-6114-4631-a7b4-ac2b7d5d3a40/6850be93-be71-45cd-aff4-b52e63f0.ism/manifest","width":640,"height":360},{"url":"https://prod-streaming-video-msn-com.akamaized.net/fc0e92bf-6114-4631-a7b4-ac2b7d5d3a40/6850be93-be71-45cd-aff4-b52e63f0.ism/manifest(format=m3u8-aapl)","width":640,"height":360},{"url":"https://prod-streaming-video-msn-com.akamaized.net/fc0e92bf-6114-4631-a7b4-ac2b7d5d3a40/6850be93-be71-45cd-aff4-b52e63f0.ism/manifest(format=mpd-time-csf)","width":640,"height":360},{"url":"https://prod-streaming-video-msn-com.akamaized.net/fc0e92bf-6114-4631-a7b4-ac2b7d5d3a40/6850be93-be71-45cd-aff4-b52e63f0_650.mp4","width":640,"height":360,"contentType":"video/mp4","fileSize":23865532}],"feed":{"id":"Y_f714b6e2-e9db-41d0-9b5f-b2e0a52f85da","feedName":"Money"},"publishedDateTime":"2022-02-08T22:35:26Z","isFeatured":false,"images":[{"width":1910,"height":1000,"url":"https://www.bing.com/th?id=ORMS.31e1c7022b32cf5537c9cb381ffcb674&pid=Wdp","focalRegion":{"x1":161,"x2":864,"y1":109,"y2":244},"colorSamples":[{"isDarkMode":true,"hexColor":"#272734"},{"isDarkMode":false,"hexColor":"#272734"}]}],"provider":{"id":"AAnPvW","name":"CNBC","logoUrl":"https://img-s-msn-com.akamaized.net/tenant/amp/entityid/AAADLcm.img"},"category":"money","reactionSummary":{"totalCount":39,"subReactionSummaries":[{"totalCount":28,"type":"like"},{"totalCount":4,"type":"love"},{"totalCount":4,"type":"thinking"},{"totalCount":2,"type":"surprised"},{"totalCount":1,"type":"angry"}]},"commentSummary":{"totalCount":2,"subCommentSummaries":[{"totalCount":1,"type":"comment"},{"totalCount":1,"type":"reply"}]}},{"id":"AATBPTp","type":"article","title":"Shelter Seeking Owner Who Dumped Dog Hours From Death: 'Broke Our Hearts'","abstract":"Surveillance footage showed the dog attempt to follow the person before collapsing in the parking lot.","readTimeMin":3,"url":"https://www.msn.com/en-us/news/crime/shelter-seeking-owner-who-dumped-dog-hours-from-death-broke-our-hearts/ar-AATBPTp?ocid=spartan-ntp-feeds","locale":"en-us","topics":[{"label":"Top News","weight":1.0,"feedId":"Y_8c1db373-86c0-4213-9e06-0bb6deb2a336","locale":"en-us"},{"label":"Crime","weight":1.0,"feedId":"Y_6f320357-0418-4bb0-a654-f5ba77f31552","locale":"en-us"},{"label":"News","weight":0.8399353623390198,"feedId":"Y_9eb0ac10-32bc-43cf-816e-5beaaf524f7a","locale":"en-us"}],"feed":{"id":"Y_8c1db373-86c0-4213-9e06-0bb6deb2a336","feedName":"Top News"},"publishedDateTime":"2022-02-08T12:28:26Z","isFeatured":false,"images":[{"width":2400,"height":1500,"url":"https://www.bing.com/th?id=ORMS.ee7e466ecbcd20f963165f78cfe47b98&pid=Wdp","colorSamples":[{"isDarkMode":true,"hexColor":"#67481F"},{"isDarkMode":false,"hexColor":"#C4DEF2"}]}],"provider":{"id":"AA2e5M","name":"Newsweek","logoUrl":"https://img-s-msn-com.akamaized.net/tenant/amp/entityid/AA38A54.img"},"category":"news","reactionSummary":{"totalCount":673,"subReactionSummaries":[{"totalCount":398,"type":"angry"},{"totalCount":177,"type":"sad"},{"totalCount":46,"type":"like"},{"totalCount":29,"type":"love"},{"totalCount":14,"type":"surprised"},{"totalCount":9,"type":"thinking"}]},"commentSummary":{"totalCount":133,"subCommentSummaries":[{"totalCount":73,"type":"comment"},{"totalCount":60,"type":"reply"}]}},{"id":"AATBlmJ","type":"article","title":"The Weird Rule Kate Middleton Makes Her Staff Follow Was Just Revealed","abstract":"If you’ve ever wanted to know what the Duke and Duchess of Cambridge look for when hiring a member of staff, then wonder no more, as a job advert posted on the Royal Household’s official website has just described one of the key things the young royals insist on! As per the advert for a recent housekeeping role, which was described as an “exciting opportunity” to “join a supportive and positive team” and work for the family of five (which in...","readTimeMin":1,"url":"https://www.msn.com/en-us/lifestyle/family/the-weird-rule-kate-middleton-makes-her-staff-follow-was-just-revealed/ar-AATBlmJ?ocid=spartan-ntp-feeds","locale":"en-us","topics":[{"label":"Royals","weight":1.0,"feedId":"Y_1e3f7bf0-2ce6-411e-ad6a-3fe56ce1032b","locale":"en-us"},{"label":"Celebrities and Royals News","weight":1.0,"feedId":"Y_6da7c728-6dac-49b0-8e35-ecfe0b41c198","locale":"en-us"}],"feed":{"id":"Y_1e3f7bf0-2ce6-411e-ad6a-3fe56ce1032b","feedName":"Royals"},"publishedDateTime":"2022-02-08T10:30:44Z","isFeatured":false,"images":[{"width":650,"height":650,"url":"https://www.bing.com/th?id=ORMS.4ffd7d451d81b506f6b28f79a8dc2f2a&pid=Wdp","focalRegion":{"x1":240,"x2":473,"y1":169,"y2":402},"colorSamples":[{"isDarkMode":true,"hexColor":"#CEE4E4"},{"isDarkMode":false,"hexColor":"#CEE4E4"}]}],"provider":{"id":"AAPeFom","name":"SheFinds","logoUrl":"https://img-s-msn-com.akamaized.net/tenant/amp/entityid/AAPf1Zs.img"},"category":"lifestyle","reactionSummary":{"totalCount":713,"subReactionSummaries":[{"totalCount":366,"type":"like"},{"totalCount":172,"type":"love"},{"totalCount":75,"type":"surprised"},{"totalCount":63,"type":"thinking"},{"totalCount":29,"type":"angry"},{"totalCount":8,"type":"sad"}]},"commentSummary":{"totalCount":61,"subCommentSummaries":[{"totalCount":28,"type":"comment"},{"totalCount":33,"type":"reply"}]}},{"id":"AATCj79","type":"article","title":"A Olympics hockey referee got her face slashed during the USA-Canada match and needed stitches but returned to finish the game","abstract":"Winter Olympics official Cianna Lieffers had to come off the ice because of excessive bleeding, after suffering a nasty cut in a hockey grudge match.","readTimeMin":2,"url":"https://www.msn.com/en-us/sports/winter-olympics/a-olympics-hockey-referee-got-her-face-slashed-during-the-usa-canada-match-and-needed-stitches-but-returned-to-finish-the-game/ar-AATCj79?ocid=spartan-ntp-feeds","locale":"en-us","topics":[{"label":"NHL","weight":1.0,"feedId":"Y_9c5f2369-a7c5-4eb4-abde-786acd28121f","locale":"en-us"}],"feed":{"id":"Y_9c5f2369-a7c5-4eb4-abde-786acd28121f","feedName":"NHL"},"publishedDateTime":"2022-02-08T16:58:14Z","isFeatured":false,"images":[{"width":1790,"height":1342,"url":"https://www.bing.com/th?id=ORMS.f2ab63cc6eb9f89aa35c40b637169f92&pid=Wdp","focalRegion":{"x1":319,"x2":705,"y1":236,"y2":373}}],"provider":{"id":"BBmKCAX","name":"INSIDER","logoUrl":"https://img-s-msn-com.akamaized.net/tenant/amp/entityid/BB10dZNR.img"},"category":"sports","reactionSummary":{"totalCount":17,"subReactionSummaries":[{"totalCount":8,"type":"like"},{"totalCount":4,"type":"surprised"},{"totalCount":2,"type":"love"},{"totalCount":2,"type":"angry"},{"totalCount":1,"type":"sad"}]},"commentSummary":{"totalCount":1,"subCommentSummaries":[{"totalCount":1,"type":"comment"}]}},{"id":"AATCYj5","type":"article","title":"Major Overhaul Will Leave Chicago Archdiocese With 123 Fewer Parishes By July","abstract":"The archdiocese faces multiple challenges, including fewer Catholic priests, fewer people in the pews, old buildings that need repairs and financial shortages.","readTimeMin":2,"url":"https://www.msn.com/en-us/news/us/major-overhaul-will-leave-chicago-archdiocese-with-123-fewer-parishes-by-july/ar-AATCYj5?ocid=spartan-ntp-feeds","locale":"en-us","isLocalContent":true,"topics":[{"label":"Chicago","weight":100.0,"feedId":"Y_645976e3-13d3-44f3-8f86-f2aabc50632c","locale":"en-us"},{"label":"News","weight":0.6060357093811035,"feedId":"Y_9eb0ac10-32bc-43cf-816e-5beaaf524f7a","locale":"en-us"},{"label":"US","weight":0.6060357093811035,"feedId":"Y_a3b33cc2-2c47-48ba-a975-4b87b597644b","locale":"en-us"}],"feed":{"id":"Y_645976e3-13d3-44f3-8f86-f2aabc50632c","feedName":"Chicago"},"publishedDateTime":"2022-02-09T00:52:21Z","isFeatured":false,"images":[{"width":722,"height":406,"url":"https://www.bing.com/th?id=ORMS.9d1d6d24c3743d94f8fd23eaaf7b36c0&pid=Wdp","colorSamples":[{"isDarkMode":true,"hexColor":"#5A501F"},{"isDarkMode":false,"hexColor":"#5A501F"}]}],"provider":{"id":"AAEGJxo","name":"NBC Chicago","logoUrl":"https://img-s-msn-com.akamaized.net/tenant/amp/entityid/BB16xYNB.img"},"category":"news","reactionSummary":{"totalCount":6,"subReactionSummaries":[{"totalCount":3,"type":"like"},{"totalCount":2,"type":"surprised"},{"totalCount":1,"type":"sad"}]},"commentSummary":{"totalCount":0}},{"id":"AATCBG0","type":"article","title":"Look: Alvin Kamara’s Alleged Victim Shares Photo Of His Injuries","abstract":"Shortly after the Pro Bowl wrapped up on Sunday at Allegiant Stadium, New Orleans Saints running back Alvin Kamara was arrested and charged with battery resulting in substantial bodily harm. He was released after posting bail on Sunday night. According to multiple reports, video surveillance shows Kamara punching a man, Darnell Greene, several times. Kamara’s […] The post Look: Alvin Kamara’s Alleged Victim Shares Photo Of His Injuries appeared...","readTimeMin":1,"url":"https://www.msn.com/en-us/sports/nfl/look-alvin-kamara-s-alleged-victim-shares-photo-of-his-injuries/ar-AATCBG0?ocid=spartan-ntp-feeds","locale":"en-us","topics":[{"label":"Sports","weight":0.9998019933700562,"feedId":"Y_b09e3e40-000d-454d-87ef-96631d7c9e7c","locale":"en-us"},{"label":"Crime","weight":0.7023091912269592,"feedId":"Y_6f320357-0418-4bb0-a654-f5ba77f31552","locale":"en-us"},{"label":"News","weight":0.7023091912269592,"feedId":"Y_9eb0ac10-32bc-43cf-816e-5beaaf524f7a","locale":"en-us"}],"feed":{"id":"Y_b09e3e40-000d-454d-87ef-96631d7c9e7c","feedName":"Sports"},"publishedDateTime":"2022-02-08T20:06:21Z","isFeatured":false,"images":[{"width":775,"height":465,"url":"https://www.bing.com/th?id=ORMS.2ce22c7fc3889e024115e33f44a69d72&pid=Wdp","colorSamples":[{"isDarkMode":true,"hexColor":"#2C4395"},{"isDarkMode":false,"hexColor":"#B3DBF2"}]}],"provider":{"id":"BB199c9L","name":"The Spun","logoUrl":"https://img-s-msn-com.akamaized.net/tenant/amp/entityid/AALER5n.img"},"category":"sports","reactionSummary":{"totalCount":110,"subReactionSummaries":[{"totalCount":54,"type":"like"},{"totalCount":26,"type":"love"},{"totalCount":14,"type":"angry"},{"totalCount":9,"type":"surprised"},{"totalCount":5,"type":"thinking"},{"totalCount":2,"type":"sad"}]},"commentSummary":{"totalCount":0}},{"id":"AATCqAi","type":"article","title":"Shawn Mendes gets up close and personal with yogi Hitomi Mochizuki in Hawaii","abstract":"Shawn Mendes has a new woman in his life, but their connection might not be romantic. The “Summer Of Love” singer was spotted on a remote beach in Hawaii with Hitomi Mochizuki, an “Ashtanga Yogi” whom Shawn follows on Instagram. Photos show the pair walking around and grabbing some refreshments at a local establishment, though the most interesting ...","readTimeMin":2,"url":"https://www.msn.com/en-us/movies/celebrity/shawn-mendes-gets-up-close-and-personal-with-yogi-hitomi-mochizuki-in-hawaii/ar-AATCqAi?ocid=spartan-ntp-feeds","locale":"en-us","topics":[],"feed":{"feedName":"news"},"publishedDateTime":"2022-02-08T17:38:22Z","isFeatured":false,"images":[{"width":480,"height":288,"url":"https://www.bing.com/th?id=ORMS.5c1e51ff9560a1d8ada647bd58591d66&pid=Wdp","colorSamples":[{"isDarkMode":true,"hexColor":"#504117"},{"isDarkMode":false,"hexColor":"#504117"}]}],"provider":{"id":"BBk466U","name":"¡Hola!","logoUrl":"https://img.s-msn.com/tenant/amp/entityid/BBkfRSW.img"},"category":"movies","reactionSummary":{"totalCount":13,"subReactionSummaries":[{"totalCount":9,"type":"like"},{"totalCount":2,"type":"love"},{"totalCount":1,"type":"surprised"},{"totalCount":1,"type":"angry"}]},"commentSummary":{"totalCount":0}}]}