{"nextPageUrl":"https://api.msn.com:443/msn/Feed/me?$top=35&$skip=70&$filter=_t eq 'CompositeCard'&contentType=article,video,slideshow,link,content360&infopaneCount=26&queryType=myfeed&location=41.5353|-87.2597&ocid=spartan-dhp-feeds&apikey=0QfOX3Vn51YCzitbLaRkTTBadtWpgTN8NZLW0C1SEM&responseSchema=cardview&market=en-us&fdhead=1s-bing-news,1s-br30min,1s-brsageboostre2,1s-jwtuserauth,1s-pagesegservice,1s-readaipalt,1s-winauthservice,1s-winsegservice,prg-1s-olympwhp,prg-1s-p2pre,prg-1sw-3dproc,prg-1sw-cardalignc,prg-1sw-cftvns,prg-1sw-hdolmpc,prg-1sw-kusto-cf,prg-1sw-l2icon,prg-1sw-loc-hd,prg-1sw-pdt3,prg-1sw-pdtctr,prg-1sw-pr1loc,prg-1sw-remove1,prg-1sw-ski1,prg-1sw-snfall,prg-1sw-spenhf,prg-1sw-spordfcf,prg-1sw-spordw,prg-1sw-ucb20,prg-1sw-warn-icon,prg-1sw-wtt1,prg-1sw-wxnrtcv1,prg-2cardsdock,prg-ad-drc,prg-adspeek,prg-bt-native,prg-dualauth,prg-dualautha,prg-dualauthlate,prg-hp-greyhdfeed,prg-hprewflyout-t,prg-hp-tpstcard,prg-ias,prg-inewssettings,prg-inf-rd-e1,prg-pres-sp,prg-rfeedsettings,prg-rrailsettings,prg-sc-2dockadsd,prg-sh-mitcarvt,prg-sh-mittab,prg-sh-xap-hubsecar,prg-wpo-2dockadsd,prg-wpo-hp-olympic,prg-wpo-olympwhp,prg-wpo-olyprod,prg-wtch-lo1c,prg-wtchsocial-c,prg-wx-cny&timeOut=1000&WrapOData=false&DisableTypeSerialization=true","subCards":[{"id":"AATC62b","type":"article","title":"Chicago man charged with spitting in face of FBI agent","abstract":"CHICAGO (AP) — A Chicago man who allegedly spat into the face of an FBI special agent and then told him there was no proof because the incident wasn't captured on video was arrested in part due to an account by a witness. The 55-year-old was arrested on a charge of assaulting an agent and booked into the Metropolitan Correctional Center, according to a criminal complaint unsealed Monday, the Chicago Tribune reported. The man remained in custody...","readTimeMin":2,"url":"https://www.msn.com/en-us/news/crime/chicago-man-charged-with-spitting-in-face-of-fbi-agent/ar-AATC62b?ocid=spartan-dhp-feeds","locale":"en-us","isLocalContent":true,"topics":[{"label":"Chicago","weight":100.0,"feedId":"Y_645976e3-13d3-44f3-8f86-f2aabc50632c","locale":"en-us"},{"label":"News","weight":0.8981791734695435,"feedId":"Y_9eb0ac10-32bc-43cf-816e-5beaaf524f7a","locale":"en-us"},{"label":"Crime","weight":0.8981791734695435,"feedId":"Y_6f320357-0418-4bb0-a654-f5ba77f31552","locale":"en-us"}],"feed":{"id":"Y_645976e3-13d3-44f3-8f86-f2aabc50632c","feedName":"Chicago"},"publishedDateTime":"2022-02-08T15:48:13Z","isFeatured":false,"provider":{"id":"AA7mZ3","name":"Associated Press","logoUrl":"https://img-s-msn-com.akamaized.net/tenant/amp/entityid/AACl4vY.img"},"category":"news","reactionSummary":{"totalCount":15,"subReactionSummaries":[{"totalCount":12,"type":"like"},{"totalCount":1,"type":"love"},{"totalCount":1,"type":"surprised"},{"totalCount":1,"type":"angry"}]},"commentSummary":{"totalCount":0}},{"id":"AATCPfj","type":"video","title":"National Pizza Day is Feb. 9 and Domino's, Papa Johns, Pizza Hut and more have deals","abstract":"February 9 is National Pizza Day and you can save some dough at pizza places nationwide.","url":"https://www.msn.com/en-us/video/peopleandplaces/national-pizza-day-is-feb-9-and-domino-s-papa-johns-pizza-hut-and-more-have-deals/vi-AATCPfj?ocid=spartan-dhp-feeds","locale":"en-us","topics":[{"label":"Top Video","weight":1.0,"feedId":"Y_5abbb9ed-c7f6-46ef-9694-5bcd3aa68599","locale":"en-us"},{"label":"News","weight":0.6434825658798218,"feedId":"Y_9eb0ac10-32bc-43cf-816e-5beaaf524f7a","locale":"en-us"}],"videoMetadata":{"playTime":42,"closedCaptions":[{"locale":"en-us","href":"https://prod-video-cms-amp-microsoft-com.akamaized.net/tenant/amp/entityid/AATCPfj?blobrefkey=closedcaptionen-us&$blob=1"}]},"externalVideoFiles":[{"url":"https://prod-streaming-video-msn-com.akamaized.net/b7847bd7-d17e-4f88-ad89-b94d5401c5a7/46bb3756-d43a-49b7-98f9-7f243c5966be.mp4","contentType":"video/mp4","fileSize":21379971},{"url":"https://prod-streaming-video-msn-com.akamaized.net/2eb93af4-eac8-48ad-bf10-c798608c38ec/46bb3756-d43a-49b7-98f9-7f243c59.ism/manifest","width":1920,"height":1080},{"url":"https://prod-streaming-video-msn-com.akamaized.net/2eb93af4-eac8-48ad-bf10-c798608c38ec/46bb3756-d43a-49b7-98f9-7f243c59.ism/manifest(format=m3u8-aapl)","width":1920,"height":1080},{"url":"https://prod-streaming-video-msn-com.akamaized.net/2eb93af4-eac8-48ad-bf10-c798608c38ec/46bb3756-d43a-49b7-98f9-7f243c59.ism/manifest(format=mpd-time-csf)","width":1920,"height":1080},{"url":"https://prod-streaming-video-msn-com.akamaized.net/2eb93af4-eac8-48ad-bf10-c798608c38ec/46bb3756-d43a-49b7-98f9-7f243c59_6750.mp4","width":1920,"height":1080,"contentType":"video/mp4","fileSize":35228782},{"url":"https://prod-streaming-video-msn-com.akamaized.net/2eb93af4-eac8-48ad-bf10-c798608c38ec/46bb3756-d43a-49b7-98f9-7f243c59_3400.mp4","width":1280,"height":720,"contentType":"video/mp4","fileSize":18195863},{"url":"https://prod-streaming-video-msn-com.akamaized.net/2eb93af4-eac8-48ad-bf10-c798608c38ec/46bb3756-d43a-49b7-98f9-7f243c59_2250.mp4","width":960,"height":540,"contentType":"video/mp4","fileSize":12241388},{"url":"https://prod-streaming-video-msn-com.akamaized.net/2eb93af4-eac8-48ad-bf10-c798608c38ec/46bb3756-d43a-49b7-98f9-7f243c59_1500.mp4","width":960,"height":540,"contentType":"video/mp4","fileSize":8387223},{"url":"https://prod-streaming-video-msn-com.akamaized.net/2eb93af4-eac8-48ad-bf10-c798608c38ec/46bb3756-d43a-49b7-98f9-7f243c59_650.mp4","width":640,"height":360,"contentType":"video/mp4","fileSize":3984632}],"feed":{"id":"Y_5abbb9ed-c7f6-46ef-9694-5bcd3aa68599","feedName":"Top Video"},"publishedDateTime":"2022-02-08T20:44:59Z","isFeatured":false,"images":[{"width":1920,"height":1080,"quality":100,"url":"https://img-s-msn-com.akamaized.net/tenant/amp/entityid/AATCDIZ.img","attribution":"Provided by USA TODAY","title":"National Pizza Day is Feb. 9 and Domino's, Papa Johns, Pizza Hut and more have deals","source":"msn","colorSamples":[{"isDarkMode":true,"hexColor":"#2E2E2E"},{"isDarkMode":false,"hexColor":"#F5F5F5"}]}],"provider":{"id":"AAnTEc","name":"USA TODAY","logoUrl":"https://img-s-msn-com.akamaized.net/tenant/amp/entityid/BBNvr53.img"},"category":"video","reactionSummary":{"totalCount":89,"subReactionSummaries":[{"totalCount":51,"type":"like"},{"totalCount":19,"type":"love"},{"totalCount":9,"type":"surprised"},{"totalCount":4,"type":"sad"},{"totalCount":4,"type":"angry"},{"totalCount":2,"type":"thinking"}]},"commentSummary":{"totalCount":0}},{"id":"AATAOgh","type":"article","title":"Scott Peterson juror will be offered immunity to testify","abstract":"REDWOOD CITY, Calif. (AP) — A juror in Scott Peterson's two-decade-old murder trial will be granted immunity before testifying at a hearing that could determine whether a new trial is granted, authorities said. The offer to Richelle Nice will come before she testifies at a Feb. 25 evidentiary hearing, Stanislaus County District Attorney Birgit Fladager announced Monday. Nice was Juror 7 in the trial that ended in 2004 with Peterson's conviction...","readTimeMin":2,"url":"https://www.msn.com/en-us/news/crime/scott-peterson-juror-will-be-offered-immunity-to-testify/ar-AATAOgh?ocid=spartan-dhp-feeds","locale":"en-us","topics":[{"label":"Top News","weight":1.0,"feedId":"Y_8c1db373-86c0-4213-9e06-0bb6deb2a336","locale":"en-us"},{"label":"News","weight":0.8312825560569763,"feedId":"Y_9eb0ac10-32bc-43cf-816e-5beaaf524f7a","locale":"en-us"},{"label":"Crime","weight":0.8312825560569763,"feedId":"Y_6f320357-0418-4bb0-a654-f5ba77f31552","locale":"en-us"}],"feed":{"id":"Y_8c1db373-86c0-4213-9e06-0bb6deb2a336","feedName":"Top News"},"publishedDateTime":"2022-02-08T07:25:27Z","isFeatured":false,"images":[{"width":3504,"height":2336,"quality":99,"url":"https://img-s-msn-com.akamaized.net/tenant/amp/entityid/AATAKMY.img","attribution":"Provided by Associated Press","title":"FILE - In this Dec. 13, 2004, file photo, Juror number 7, Richelle Nice, adjusts her hair as members of the jury speak with the media in the Old San Mateo County Courthouse in Redwood City, Calif. Authorities said Monday, Feb. 7, 2022, that former Nice, a juror in Scott Peterson’s two-decade-old murder trial will be granted immunity before testifying at a hearing that could determine whether a new trial is granted. (AP Photo/Lou Dematteis, File)","caption":"FILE - In this Dec. 13, 2004, file photo, Juror number 7, Richelle Nice, adjusts her hair as members of the jury speak with the media in the Old San Mateo County Courthouse in Redwood City, Calif. Authorities said Monday, Feb. 7, 2022, that former Nice, a juror in Scott Peterson’s two-decade-old murder trial will be granted immunity before testifying at a hearing that could determine whether a new trial is granted. (AP Photo/Lou Dematteis, File)","focalRegion":{"x1":431,"x2":666,"y1":128,"y2":363},"source":"msn","colorSamples":[{"isDarkMode":true,"hexColor":"#2E2E2E"},{"isDarkMode":false,"hexColor":"#F5F5F5"}]}],"provider":{"id":"AA7mZ3","name":"Associated Press","logoUrl":"https://img-s-msn-com.akamaized.net/tenant/amp/entityid/AACl4vY.img"},"category":"news","reactionSummary":{"totalCount":780,"subReactionSummaries":[{"totalCount":338,"type":"like"},{"totalCount":168,"type":"angry"},{"totalCount":100,"type":"surprised"},{"totalCount":99,"type":"love"},{"totalCount":61,"type":"thinking"},{"totalCount":14,"type":"sad"}]},"commentSummary":{"totalCount":0}},{"id":"AATC3Bx","type":"slideshow","title":"Take It from the Tinkersons by Bill Bettwy","abstract":"Take It from the Tinkersons by Bill Bettwy","url":"https://www.msn.com/en-us/entertainment/comics/take-it-from-the-tinkersons-by-bill-bettwy/ss-AATC3Bx?ocid=spartan-dhp-feeds","locale":"en-us","topics":[],"galleryItemCount":43,"feed":{"feedName":"news"},"slides":[{"image":{"width":975,"height":1278,"quality":100,"url":"https://img-s-msn-com.akamaized.net/tenant/amp/entityid/AATChBv.img","attribution":"Provided by Comics Kingdom","title":"Take It from the Tinkersons by Bill Bettwy","source":"msn"}},{"image":{"width":975,"height":1279,"quality":100,"url":"https://img-s-msn-com.akamaized.net/tenant/amp/entityid/AATC86e.img","attribution":"Provided by Comics Kingdom","title":"Take It from the Tinkersons by Bill Bettwy","source":"msn"}},{"image":{"width":975,"height":1279,"quality":100,"url":"https://img-s-msn-com.akamaized.net/tenant/amp/entityid/AATC86p.img","attribution":"Provided by Comics Kingdom","title":"Take It from the Tinkersons by Bill Bettwy","source":"msn"}}],"publishedDateTime":"2022-02-08T15:32:52Z","isFeatured":false,"images":[{"width":975,"height":1278,"url":"https://www.bing.com/th?id=ORMS.98aea4f013a9cc0a5bc70297dd675883&pid=Wdp"}],"provider":{"id":"AAJzgYT","name":"Comics Kingdom","logoUrl":"https://img-s-msn-com.akamaized.net/tenant/amp/entityid/AAJzh1P.img"},"category":"entertainment","reactionSummary":{"totalCount":22,"subReactionSummaries":[{"totalCount":13,"type":"love"},{"totalCount":9,"type":"like"}]},"commentSummary":{"totalCount":0}},{"id":"AATCXpI","type":"video","title":"Coach says ‘No’ to Jerry Jones’ Cowboys?!","abstract":"Coach says ‘No’ to Jerry Jones’ Cowboys?!","url":"https://www.msn.com/en-us/video/other/coach-says-no-to-jerry-jones-cowboys/vi-AATCXpI?ocid=spartan-dhp-feeds","locale":"en-us","topics":[],"videoMetadata":{"playTime":191,"closedCaptions":[{"locale":"en-us","href":"https://prod-video-cms-amp-microsoft-com.akamaized.net/tenant/amp/entityid/AATCXpI?blobrefkey=closedcaptionen-us&$blob=1"}]},"externalVideoFiles":[{"url":"https://prod-streaming-video-msn-com.akamaized.net/b894fb7e-040f-4338-8376-9a35a6513fbd/1ee60f85-1459-4e3f-81bb-66c81b12047c.mp4","contentType":"video/mp4","fileSize":62911896},{"url":"https://prod-streaming-video-msn-com.akamaized.net/2129a35f-9a09-4b77-98c7-58a10335b1d4/1ee60f85-1459-4e3f-81bb-66c81b12.ism/manifest","width":1920,"height":1080},{"url":"https://prod-streaming-video-msn-com.akamaized.net/2129a35f-9a09-4b77-98c7-58a10335b1d4/1ee60f85-1459-4e3f-81bb-66c81b12.ism/manifest(format=m3u8-aapl)","width":1920,"height":1080},{"url":"https://prod-streaming-video-msn-com.akamaized.net/2129a35f-9a09-4b77-98c7-58a10335b1d4/1ee60f85-1459-4e3f-81bb-66c81b12.ism/manifest(format=mpd-time-csf)","width":1920,"height":1080},{"url":"https://prod-streaming-video-msn-com.akamaized.net/2129a35f-9a09-4b77-98c7-58a10335b1d4/1ee60f85-1459-4e3f-81bb-66c81b12_6750.mp4","width":1920,"height":1080,"contentType":"video/mp4","fileSize":165049131},{"url":"https://prod-streaming-video-msn-com.akamaized.net/2129a35f-9a09-4b77-98c7-58a10335b1d4/1ee60f85-1459-4e3f-81bb-66c81b12_3400.mp4","width":1280,"height":720,"contentType":"video/mp4","fileSize":84514187},{"url":"https://prod-streaming-video-msn-com.akamaized.net/2129a35f-9a09-4b77-98c7-58a10335b1d4/1ee60f85-1459-4e3f-81bb-66c81b12_2250.mp4","width":960,"height":540,"contentType":"video/mp4","fileSize":56805881},{"url":"https://prod-streaming-video-msn-com.akamaized.net/2129a35f-9a09-4b77-98c7-58a10335b1d4/1ee60f85-1459-4e3f-81bb-66c81b12_1500.mp4","width":960,"height":540,"contentType":"video/mp4","fileSize":38705905},{"url":"https://prod-streaming-video-msn-com.akamaized.net/2129a35f-9a09-4b77-98c7-58a10335b1d4/1ee60f85-1459-4e3f-81bb-66c81b12_650.mp4","width":640,"height":360,"contentType":"video/mp4","fileSize":18194815}],"feed":{"feedName":"news"},"publishedDateTime":"2022-02-08T21:57:39Z","isFeatured":false,"images":[{"width":1920,"height":1080,"url":"https://www.bing.com/th?id=ORMS.c95dfe5a5395d0536dcef4155af256ca&pid=Wdp","colorSamples":[{"isDarkMode":true,"hexColor":"#113352"},{"isDarkMode":false,"hexColor":"#113352"}]}],"provider":{"id":"BB1fcqpO","name":"Cowboy Maven on FanNation","logoUrl":"https://img-s-msn-com.akamaized.net/tenant/amp/entityid/BB1fckHf.img"},"category":"video","reactionSummary":{"totalCount":4,"subReactionSummaries":[{"totalCount":2,"type":"thinking"},{"totalCount":1,"type":"like"},{"totalCount":1,"type":"love"}]},"commentSummary":{"totalCount":0}},{"id":"AATAX9w","type":"article","title":"5 Olympic skiers disqualified for baggy outfits: 'They destroyed women’s ski jumping'","abstract":"Of all the things you need to worry about when flying more than 100 yards off a 377-foot-tall ski jump at 60 miles an hour, you’d think your outfit would be way down on the list. Five ski jumpers — all of them women — were disqualified from Tuesday’s mixed team jump event. All of the women, representing Austria, Japan, Norway and Germany, were deemed to be wearing loose-fitting clothing that could have given them extra loft while in the air....","readTimeMin":4,"url":"https://www.msn.com/en-us/sports/winter-olympics/5-olympic-skiers-disqualified-for-baggy-outfits-they-destroyed-women-s-ski-jumping/ar-AATAX9w?ocid=spartan-dhp-feeds","locale":"en-us","topics":[{"label":"Sports news","weight":0.9930880069732666,"feedId":"Y_cf67a66a-37a7-4248-a54b-91afc8129ef7","locale":"en-us"},{"label":"Olympics","weight":0.9469749927520752,"feedId":"Y_cf5e06e9-c43f-403c-ac6a-25de20b18c63","locale":"en-us"},{"label":"Sports","weight":0.9469749927520752,"feedId":"Y_b09e3e40-000d-454d-87ef-96631d7c9e7c","locale":"en-us"}],"feed":{"id":"Y_cf67a66a-37a7-4248-a54b-91afc8129ef7","feedName":"Sports news"},"publishedDateTime":"2022-02-08T08:30:36Z","isFeatured":false,"images":[{"width":3108,"height":2072,"url":"https://www.bing.com/th?id=ORMS.11470ac8f516ac4c8f587fb17e827717&pid=Wdp","colorSamples":[{"isDarkMode":true,"hexColor":"#23232D"},{"isDarkMode":false,"hexColor":"#F3F3EE"}]}],"provider":{"id":"BBNTwhO","name":"Yahoo! Sports","logoUrl":"https://img-s-msn-com.akamaized.net/tenant/amp/entityid/BBPMoha.img"},"category":"sports","reactionSummary":{"totalCount":2270,"subReactionSummaries":[{"totalCount":937,"type":"like"},{"totalCount":661,"type":"angry"},{"totalCount":302,"type":"love"},{"totalCount":182,"type":"surprised"},{"totalCount":119,"type":"thinking"},{"totalCount":69,"type":"sad"}]},"commentSummary":{"totalCount":504,"subCommentSummaries":[{"totalCount":288,"type":"comment"},{"totalCount":216,"type":"reply"}]}},{"id":"AATCLVk","type":"article","title":"Ayo Dosunmu is in concussion protocol as the Chicago Bulls are forced to deal with more injuries at point guard","abstract":"The Chicago Bulls are again scrambling for a point guard after Ayo Dosunmu was placed in concussion protocol this week. The rookie was forced to stay home from the team’s Wednesday road game against the Charlotte Hornets. Dosunmu suffered two head-on collisions in Sunday’s loss to the Philadelphia 76ers but started Monday’s loss to the Phoenix Suns. A hard foul by Andre Drummond in the second ...","readTimeMin":2,"url":"https://www.msn.com/en-us/sports/nba/ayo-dosunmu-is-in-concussion-protocol-as-the-chicago-bulls-are-forced-to-deal-with-more-injuries-at-point-guard/ar-AATCLVk?ocid=spartan-dhp-feeds","locale":"en-us","isLocalContent":true,"topics":[{"label":"Chicago","weight":100.0,"feedId":"Y_645976e3-13d3-44f3-8f86-f2aabc50632c","locale":"en-us"},{"label":"Sports","subLabels":["Preview"],"weight":0.949999988079071,"feedId":"Y_b09e3e40-000d-454d-87ef-96631d7c9e7c","locale":"en-us"}],"feed":{"id":"Y_645976e3-13d3-44f3-8f86-f2aabc50632c","feedName":"Chicago"},"publishedDateTime":"2022-02-08T23:27:11Z","isFeatured":false,"images":[{"width":2048,"height":1516,"url":"https://www.bing.com/th?id=ORMS.3f7121178d423005941f6ba86bb3d0bd&pid=Wdp","focalRegion":{"x1":282,"x2":590,"y1":205,"y2":513},"colorSamples":[{"isDarkMode":true,"hexColor":"#382E2E"},{"isDarkMode":false,"hexColor":"#382E2E"}]}],"provider":{"id":"AAqaDv","name":"Chicago Tribune","logoUrl":"https://img-s-msn-com.akamaized.net/tenant/amp/entityid/AA60izF.img"},"category":"sports","reactionSummary":{"totalCount":2,"subReactionSummaries":[{"totalCount":1,"type":"like"},{"totalCount":1,"type":"sad"}]},"commentSummary":{"totalCount":0}},{"id":"AATCrqt","type":"article","title":"Kanye West Steps Out With Kim Kardashian Lookalike, Attends Same Party as Kendall Jenner","abstract":"Travis Scott was also in attendance at the party in West Hollywood.","readTimeMin":2,"url":"https://www.msn.com/en-us/entertainment/entertainment-celebrity/kanye-west-steps-out-with-kim-kardashian-lookalike-attends-same-party-as-kendall-jenner/ar-AATCrqt?ocid=spartan-dhp-feeds","locale":"en-us","topics":[{"label":"Celebrities","weight":0.7757985591888428,"feedId":"Y_c78438b0-ec84-49ed-b8f8-49fc91059089","locale":"en-us"},{"label":"Entertainment","weight":0.7757985591888428,"feedId":"Y_414a7c40-a373-4025-b4ce-e9502e9e17ed","locale":"en-us"}],"feed":{"id":"Y_c78438b0-ec84-49ed-b8f8-49fc91059089","feedName":"Celebrities"},"publishedDateTime":"2022-02-08T16:18:53Z","isFeatured":false,"images":[{"width":1280,"height":720,"url":"https://www.bing.com/th?id=ORMS.9d02b4edaa6bcd7293e9708c320910ae&pid=Wdp","focalRegion":{"x1":221,"x2":814,"y1":33,"y2":121},"colorSamples":[{"isDarkMode":true,"hexColor":"#1C242B"},{"isDarkMode":false,"hexColor":"#1C242B"}]}],"provider":{"id":"BBm7QvO","name":"ETOnline","logoUrl":"https://img-s-msn-com.akamaized.net/tenant/amp/entityid/BBm8qVB.img"},"category":"entertainment","reactionSummary":{"totalCount":440,"subReactionSummaries":[{"totalCount":158,"type":"like"},{"totalCount":83,"type":"surprised"},{"totalCount":65,"type":"love"},{"totalCount":54,"type":"angry"},{"totalCount":45,"type":"thinking"},{"totalCount":35,"type":"sad"}]},"commentSummary":{"totalCount":117,"subCommentSummaries":[{"totalCount":85,"type":"comment"},{"totalCount":32,"type":"reply"}]}},{"id":"AATC3Sh","type":"article","title":"Home COVID Test Recall as FDA Recommends Throwing Kits Away","abstract":"SD Biosensor Inc recalled its \"STANDARD Q COVID-19 Ag Home Test\" due to \"confirmed reports that the test kits were illegally imported into the United States.\"","readTimeMin":2,"url":"https://www.msn.com/en-us/news/us/home-covid-test-recall-as-fda-recommends-throwing-kits-away/ar-AATC3Sh?ocid=spartan-dhp-feeds","locale":"en-us","topics":[{"label":"Top News","weight":1.0,"feedId":"Y_8c1db373-86c0-4213-9e06-0bb6deb2a336","locale":"en-us"},{"label":"Coronavirus","weight":1.0,"feedId":"Y_46cba2b4-26fd-492e-a1c0-41ec9917c10b","locale":"en-us"},{"label":"US Headlines","weight":1.0,"feedId":"Y_a314198b-b366-47c3-9775-dcc4ed22543f","locale":"en-us"},{"label":"US","weight":0.6392345428466797,"feedId":"Y_a3b33cc2-2c47-48ba-a975-4b87b597644b","locale":"en-us"},{"label":"News","weight":0.6392345428466797,"feedId":"Y_9eb0ac10-32bc-43cf-816e-5beaaf524f7a","locale":"en-us"}],"feed":{"id":"Y_8c1db373-86c0-4213-9e06-0bb6deb2a336","feedName":"Top News"},"publishedDateTime":"2022-02-08T15:31:31Z","isFeatured":false,"images":[{"width":2020,"height":1346,"url":"https://www.bing.com/th?id=ORMS.709e7056d99a8cdc65a0fb32810799df&pid=Wdp","colorSamples":[{"isDarkMode":true,"hexColor":"#F4ECF4"},{"isDarkMode":false,"hexColor":"#F4ECF4"}]}],"provider":{"id":"AA2e5M","name":"Newsweek","logoUrl":"https://img-s-msn-com.akamaized.net/tenant/amp/entityid/AA38A54.img"},"category":"news","reactionSummary":{"totalCount":40,"subReactionSummaries":[{"totalCount":18,"type":"like"},{"totalCount":8,"type":"surprised"},{"totalCount":6,"type":"love"},{"totalCount":5,"type":"angry"},{"totalCount":3,"type":"thinking"}]},"commentSummary":{"totalCount":0}},{"id":"AATCfRN","type":"article","title":"Donald Trump Faces Growing GOP Revolt","abstract":"Trump slammed former Vice President Mike Pence last week over his power to reject Electoral College votes on January 6, 2021.","readTimeMin":4,"url":"https://www.msn.com/en-us/news/politics/donald-trump-faces-growing-gop-revolt/ar-AATCfRN?ocid=spartan-dhp-feeds","locale":"en-us","topics":[{"label":"Top News","weight":1.0,"feedId":"Y_8c1db373-86c0-4213-9e06-0bb6deb2a336","locale":"en-us"},{"label":"Politics","weight":0.9383858442306519,"feedId":"Y_bced654c-7e2e-4c63-acb4-f3b3b89bd4e3","locale":"en-us"},{"label":"News","weight":0.9383858442306519,"feedId":"Y_9eb0ac10-32bc-43cf-816e-5beaaf524f7a","locale":"en-us"}],"feed":{"id":"Y_8c1db373-86c0-4213-9e06-0bb6deb2a336","feedName":"Top News"},"publishedDateTime":"2022-02-08T16:23:28Z","isFeatured":false,"images":[{"width":2500,"height":1667,"url":"https://www.bing.com/th?id=ORMS.9954989c88f05d5c3f6d1adf75136c4a&pid=Wdp","focalRegion":{"x1":339,"x2":535,"y1":125,"y2":321},"colorSamples":[{"isDarkMode":true,"hexColor":"#342323"},{"isDarkMode":false,"hexColor":"#DEDBD4"}]}],"provider":{"id":"AA2e5M","name":"Newsweek","logoUrl":"https://img-s-msn-com.akamaized.net/tenant/amp/entityid/AA38A54.img"},"category":"news","reactionSummary":{"totalCount":1820,"subReactionSummaries":[{"totalCount":951,"type":"like"},{"totalCount":468,"type":"love"},{"totalCount":237,"type":"angry"},{"totalCount":81,"type":"thinking"},{"totalCount":58,"type":"surprised"},{"totalCount":25,"type":"sad"}]},"commentSummary":{"totalCount":1064,"subCommentSummaries":[{"totalCount":477,"type":"comment"},{"totalCount":587,"type":"reply"}]}},{"id":"AATCYTb","type":"article","title":"'Jeopardy' champ Amy Schneider quits day job, says she's 'excited' for the new challenge","abstract":"Former \"Jeopardy!\" contestant Amy Schneider is changing career plans after becoming the quiz show's second all-time winner.","readTimeMin":2,"url":"https://www.msn.com/en-us/tv/news/jeopardy-champ-amy-schneider-quits-day-job-says-she-s-excited-for-the-new-challenge/ar-AATCYTb?ocid=spartan-dhp-feeds","locale":"en-us","topics":[{"label":"Entertainment News","weight":1.0,"feedId":"Y_fd29d629-260e-4efa-9836-feb7169c9841","locale":"en-us"},{"label":"TV News","weight":1.0,"feedId":"Y_a1cd9a12-a7ea-49f3-9366-12a2e2a0d5ca","locale":"en-us"},{"label":"TV","weight":0.8441617488861084,"feedId":"Y_ecf14ace-5910-4da7-a26f-3919270f1200","locale":"en-us"},{"label":"Entertainment","weight":0.8441617488861084,"feedId":"Y_414a7c40-a373-4025-b4ce-e9502e9e17ed","locale":"en-us"}],"feed":{"id":"Y_fd29d629-260e-4efa-9836-feb7169c9841","feedName":"Entertainment News"},"publishedDateTime":"2022-02-09T01:13:45Z","isFeatured":false,"images":[{"width":388,"height":388,"url":"https://www.bing.com/th?id=ORMS.2674b579f1513a4a9b1872d92b9a28e8&pid=Wdp","focalRegion":{"x1":142,"x2":226,"y1":48,"y2":132},"colorSamples":[{"isDarkMode":true,"hexColor":"#101367"},{"isDarkMode":false,"hexColor":"#E4DCDC"}]}],"provider":{"id":"AAnTEc","name":"USA TODAY","logoUrl":"https://img-s-msn-com.akamaized.net/tenant/amp/entityid/BBNvr53.img"},"category":"tv","reactionSummary":{"totalCount":238,"subReactionSummaries":[{"totalCount":130,"type":"like"},{"totalCount":51,"type":"angry"},{"totalCount":30,"type":"love"},{"totalCount":14,"type":"thinking"},{"totalCount":7,"type":"surprised"},{"totalCount":6,"type":"sad"}]},"commentSummary":{"totalCount":0}},{"id":"AATBAkH","type":"article","title":"Aunt Breaks Unborn Baby's Arm While Attacking Pregnant Niece: Police","abstract":"The pregnant victim told police she was \"choked, hit, kicked, and knocked down\" during the attack.","readTimeMin":2,"url":"https://www.msn.com/en-us/news/crime/aunt-breaks-unborn-baby-s-arm-while-attacking-pregnant-niece-police/ar-AATBAkH?ocid=spartan-dhp-feeds","locale":"en-us","topics":[{"label":"Top News","weight":1.0,"feedId":"Y_8c1db373-86c0-4213-9e06-0bb6deb2a336","locale":"en-us"},{"label":"Crime","weight":1.0,"feedId":"Y_6f320357-0418-4bb0-a654-f5ba77f31552","locale":"en-us"},{"label":"News","weight":0.9923439621925354,"feedId":"Y_9eb0ac10-32bc-43cf-816e-5beaaf524f7a","locale":"en-us"}],"feed":{"id":"Y_8c1db373-86c0-4213-9e06-0bb6deb2a336","feedName":"Top News"},"publishedDateTime":"2022-02-08T11:35:44Z","isFeatured":false,"images":[{"width":2500,"height":1667,"url":"https://www.bing.com/th?id=ORMS.b484fbf3394d2cfa61126a489f7a1da6&pid=Wdp","colorSamples":[{"isDarkMode":true,"hexColor":"#120758"},{"isDarkMode":false,"hexColor":"#120758"}]}],"provider":{"id":"AA2e5M","name":"Newsweek","logoUrl":"https://img-s-msn-com.akamaized.net/tenant/amp/entityid/AA38A54.img"},"category":"news","reactionSummary":{"totalCount":308,"subReactionSummaries":[{"totalCount":160,"type":"angry"},{"totalCount":49,"type":"surprised"},{"totalCount":41,"type":"sad"},{"totalCount":30,"type":"like"},{"totalCount":16,"type":"love"},{"totalCount":12,"type":"thinking"}]},"commentSummary":{"totalCount":62,"subCommentSummaries":[{"totalCount":12,"type":"comment"},{"totalCount":50,"type":"reply"}]}},{"id":"AATBJnA","type":"article","title":"Illinois school mask mandate ruling sends districts into chaos, suburban parents plan protests","abstract":"Parents planned a protest in Glenview Tuesday, after an Illinois judge's ruling forced many schools Monday to decide whether to continue with a mask mandate or to make them optional. Emotions across the state are running high. Some school districts kept their mask rules in place, while others made them optional, as COVID cases decline nationwide. A...","readTimeMin":5,"url":"https://www.msn.com/en-us/lifestyle/parenting/illinois-school-mask-mandate-ruling-sends-districts-into-chaos-suburban-parents-plan-protests/ar-AATBJnA?ocid=spartan-dhp-feeds","locale":"en-us","isLocalContent":true,"topics":[{"label":"Chicago","weight":100.0,"feedId":"Y_645976e3-13d3-44f3-8f86-f2aabc50632c","locale":"en-us"}],"feed":{"id":"Y_645976e3-13d3-44f3-8f86-f2aabc50632c","feedName":"Chicago"},"publishedDateTime":"2022-02-09T02:22:41Z","isFeatured":false,"images":[{"width":1280,"height":720,"url":"https://www.bing.com/th?id=ORMS.56ccc56eae9cf397e400116ba2665e76&pid=Wdp"}],"provider":{"id":"AAEoTeH","name":"ABC 7 Chicago","logoUrl":"https://img-s-msn-com.akamaized.net/tenant/amp/entityid/AAEHzYw.img"},"category":"lifestyle","reactionSummary":{"totalCount":34,"subReactionSummaries":[{"totalCount":22,"type":"like"},{"totalCount":7,"type":"love"},{"totalCount":3,"type":"angry"},{"totalCount":1,"type":"sad"},{"totalCount":1,"type":"thinking"}]},"commentSummary":{"totalCount":0}},{"id":"AATBXuK","type":"article","title":"Northrop Grumman Offers Navy a Missile Defense System With Infinite Ammo","abstract":"SEWIP Block 3 could be worth billions of dollars in revenues for the giant defense contractor -- and generate more than $1 billion in profit for it.","readTimeMin":4,"url":"https://www.msn.com/en-us/money/companies/northrop-grumman-offers-navy-a-missile-defense-system-with-infinite-ammo/ar-AATBXuK?ocid=spartan-dhp-feeds","locale":"en-us","topics":[{"label":"Money","weight":0.6873067021369934,"feedId":"Y_f714b6e2-e9db-41d0-9b5f-b2e0a52f85da","locale":"en-us"},{"label":"Business","weight":0.6873067021369934,"feedId":"Y_367b7be1-6bd2-44e7-95b3-b0d077ccc28d","locale":"en-us"},{"label":"Fortune 500","weight":0.6873067021369934,"feedId":"Y_66aab8cd-65a4-477c-b208-d18459ad42e4","locale":"en-us"}],"feed":{"id":"Y_f714b6e2-e9db-41d0-9b5f-b2e0a52f85da","feedName":"Money"},"publishedDateTime":"2022-02-08T14:47:00Z","isFeatured":false,"images":[{"width":1699,"height":529,"url":"https://www.bing.com/th?id=ORMS.a2027120ddfcfeeea1901f773f8b6b4e&pid=Wdp","colorSamples":[{"isDarkMode":true,"hexColor":"#24344C"},{"isDarkMode":false,"hexColor":"#24344C"}]}],"provider":{"id":"AA1xXxH","name":"The Motley Fool","logoUrl":"https://img-s-msn-com.akamaized.net/tenant/amp/entityid/BB16ZxBg.img"},"category":"money","reactionSummary":{"totalCount":356,"subReactionSummaries":[{"totalCount":194,"type":"like"},{"totalCount":84,"type":"love"},{"totalCount":38,"type":"thinking"},{"totalCount":28,"type":"surprised"},{"totalCount":10,"type":"angry"},{"totalCount":2,"type":"sad"}]},"commentSummary":{"totalCount":90,"subCommentSummaries":[{"totalCount":34,"type":"comment"},{"totalCount":56,"type":"reply"}]}},{"id":"AATCeeC","type":"article","title":"Mike Golic Jr. Releases Statement On His ESPN Departure","abstract":"After more than six years on radio and television on ESPN, Mike Golic Jr. announced Tuesday that he’s leaving the Worldwide Leader. ESPN apparently did not offer Golic an extension, but the 32-year-old was reportedly ready to move on from the company anyway. There’s speculation he could wind up reuniting with Dan Le Batard and […] The post Mike Golic Jr. Releases Statement On His ESPN Departure appeared first on The Spun.","readTimeMin":2,"url":"https://www.msn.com/en-us/sports/more-sports/mike-golic-jr-releases-statement-on-his-espn-departure/ar-AATCeeC?ocid=spartan-dhp-feeds","locale":"en-us","topics":[{"label":"Sports","subLabels":["Signing"],"weight":0.9829651117324829,"feedId":"Y_b09e3e40-000d-454d-87ef-96631d7c9e7c","locale":"en-us"},{"label":"Sports news","subLabels":["Signing"],"weight":0.8776066303253174,"feedId":"Y_cf67a66a-37a7-4248-a54b-91afc8129ef7","locale":"en-us"}],"feed":{"id":"Y_b09e3e40-000d-454d-87ef-96631d7c9e7c","feedName":"Sports"},"publishedDateTime":"2022-02-08T18:16:00Z","isFeatured":false,"images":[{"width":775,"height":465,"url":"https://www.bing.com/th?id=ORMS.e62463f4e12219ea06d9783512b9c5d9&pid=Wdp","colorSamples":[{"isDarkMode":true,"hexColor":"#6B4455"},{"isDarkMode":false,"hexColor":"#6B4455"}]}],"provider":{"id":"BB199c9L","name":"The Spun","logoUrl":"https://img-s-msn-com.akamaized.net/tenant/amp/entityid/AALER5n.img"},"category":"sports","reactionSummary":{"totalCount":13,"subReactionSummaries":[{"totalCount":7,"type":"like"},{"totalCount":4,"type":"love"},{"totalCount":1,"type":"surprised"},{"totalCount":1,"type":"sad"}]},"commentSummary":{"totalCount":2,"subCommentSummaries":[{"totalCount":2,"type":"comment"}]}},{"id":"AATCvHL","type":"article","title":"Will Arnett 'Cried for an Hour' on the Side of a Road After 'Brutal' Split from Ex-Wife Amy Poehler","abstract":"\"People talk about you like they know you and they talk about your relationship as if they know what's going on,\" Will Arnett said of his split from ex-wife Amy Poehler","readTimeMin":3,"url":"https://www.msn.com/en-us/tv/news/will-arnett-cried-for-an-hour-on-the-side-of-a-road-after-brutal-split-from-ex-wife-amy-poehler/ar-AATCvHL?ocid=spartan-dhp-feeds","locale":"en-us","topics":[{"label":"Entertainment News","weight":1.0,"feedId":"Y_fd29d629-260e-4efa-9836-feb7169c9841","locale":"en-us"},{"label":"TV News","weight":1.0,"feedId":"Y_a1cd9a12-a7ea-49f3-9366-12a2e2a0d5ca","locale":"en-us"},{"label":"Entertainment","weight":1.0,"feedId":"Y_414a7c40-a373-4025-b4ce-e9502e9e17ed","locale":"en-us"},{"label":"TV","weight":1.0,"feedId":"Y_ecf14ace-5910-4da7-a26f-3919270f1200","locale":"en-us"},{"label":"TV Slideshow","weight":1.0,"feedId":"Y_25a27619-efc7-4652-938c-0b9a5cf8be66","locale":"en-us"}],"feed":{"id":"Y_fd29d629-260e-4efa-9836-feb7169c9841","feedName":"Entertainment News"},"publishedDateTime":"2022-02-08T20:05:11Z","isFeatured":false,"images":[{"width":1500,"height":1000,"url":"https://www.bing.com/th?id=ORMS.7c044ea8c9862958a3320b723a055527&pid=Wdp","focalRegion":{"x1":163,"x2":847,"y1":169,"y2":418},"colorSamples":[{"isDarkMode":true,"hexColor":"#3E495E"},{"isDarkMode":false,"hexColor":"#F4F4F5"}]}],"provider":{"id":"BBlOXnw","name":"People","logoUrl":"https://img-s-msn-com.akamaized.net/tenant/amp/entityid/AAywHbG.img"},"category":"tv","reactionSummary":{"totalCount":323,"subReactionSummaries":[{"totalCount":150,"type":"like"},{"totalCount":76,"type":"sad"},{"totalCount":57,"type":"love"},{"totalCount":20,"type":"surprised"},{"totalCount":15,"type":"thinking"},{"totalCount":5,"type":"angry"}]},"commentSummary":{"totalCount":61,"subCommentSummaries":[{"totalCount":31,"type":"comment"},{"totalCount":30,"type":"reply"}]}},{"id":"AATC0m9","type":"slideshow","title":"Chantel Jeffries in Beachwear Says Hi From Miami","abstract":"Here’s how she stays so fit.","url":"https://www.msn.com/en-us/foodanddrink/foodnews/chantel-jeffries-in-beachwear-says-hi-from-miami/ss-AATC0m9?ocid=spartan-dhp-feeds","locale":"en-us","topics":[{"label":"Health news","weight":0.6911720037460327,"feedId":"Y_e9e6276b-7e2e-437e-8e9c-b45f1de22ba7","locale":"en-us"}],"galleryItemCount":6,"feed":{"id":"Y_e9e6276b-7e2e-437e-8e9c-b45f1de22ba7","feedName":"Health news"},"slides":[{"title":"Chantel Jeffries in Beachwear Says Hi From Miami","body":"<p><span>DJ Chantel Jeffries—aka Ceejay—is steaming up Miami this week, posting photos and videos of her time on the beach. \"80 degrees,\" she captioned her latest one, of her in a rainbow bathing suit. Chantel has some roots in Florida; she attended Florida International University, where she reportedly studied Communication Arts and Fine Arts. How does the 29-year-old stay so fit? Read on to see 5 ways Chantel Jeffries stays in shape and the photos that prove they work—and to get beach-ready yourself, don't miss these essential</span><a rel=\"noopener noreferrer\" href=\"https://celebwell.com/celebrity-swimsuit-photos/?utm_source=msn&utm_medium=feed&utm_campaign=msn-feed\"><span> 30 Best-Ever Celebrity Bathing Suit Photos!</span></a></p>","image":{"width":1200,"height":953,"quality":98,"url":"https://img-s-msn-com.akamaized.net/tenant/amp/entityid/AATC27k.img","attribution":"© Provided by Eat This, Not That!","title":"Chantel Jeffries in Beachwear Says Hi From Miami","caption":"<p><span>DJ Chantel Jeffries—aka Ceejay—is steaming up Miami this week, posting photos and videos of her time on the beach. \"80 degrees,\" she captioned her latest one, of her in a rainbow bathing suit. Chantel has some roots in Florida; she attended Florida International University, where she reportedly studied Communication Arts and Fine Arts. How does the 29-year-old stay so fit? Read on to see 5 ways Chantel Jeffries stays in shape and the photos that prove they work—and to get beach-ready yourself, don't miss these essential</span><a rel=\"noopener noreferrer\" href=\"https://celebwell.com/celebrity-swimsuit-photos/?utm_source=msn&utm_medium=feed&utm_campaign=msn-feed\"><span> 30 Best-Ever Celebrity Bathing Suit Photos!</span></a></p>","focalRegion":{"x1":351,"x2":632,"y1":232,"y2":513},"source":"msn"}},{"title":"1. She Invests Her Energy, Knowing It’s Contagious","body":"<p><span>\"Invest in your energy, invest in your environment. Your environment has a direct impact on your life, so be intentional with it. Surround yourself only with people who contribute to your broth and expansion. All energy is contagious,\" says a quote from BobssBabe.Inc, shared by Chantel on the same day as her swimsuit photo. \"Been on that for a decade,\" says Jeffries.</span></p>","image":{"width":710,"height":1200,"quality":100,"url":"https://img-s-msn-com.akamaized.net/tenant/amp/entityid/AATBXek.img","attribution":"© Provided by Eat This, Not That!","title":"1. She Invests Her Energy, Knowing It’s Contagious","caption":"<p><span>\"Invest in your energy, invest in your environment. Your environment has a direct impact on your life, so be intentional with it. Surround yourself only with people who contribute to your broth and expansion. All energy is contagious,\" says a quote from BobssBabe.Inc, shared by Chantel on the same day as her swimsuit photo. \"Been on that for a decade,\" says Jeffries.</span></p>","source":"msn"}},{"title":"2. This is Her Diet Plan","body":"<p><span>Chanel once photographed her diet plan for a friend and shared it on Twitter with the world. On it was a list of healthy things to heat (avocado, eggs, chicken, greens), a list of things to enjoy in moderation (bananas, berries) and a list of no-nos (rice, bread, high-sugar foods, dairy). It was a perfect balance of lean proteins, healthy fats and foods high in fiber.</span></p>","image":{"width":800,"height":1200,"quality":98,"url":"https://img-s-msn-com.akamaized.net/tenant/amp/entityid/AATC9nS.img","attribution":"© Provided by Eat This, Not That!","title":"2. This is Her Diet Plan","caption":"<p><span>Chanel once photographed her diet plan for a friend and shared it on Twitter with the world. On it was a list of healthy things to heat (avocado, eggs, chicken, greens), a list of things to enjoy in moderation (bananas, berries) and a list of no-nos (rice, bread, high-sugar foods, dairy). It was a perfect balance of lean proteins, healthy fats and foods high in fiber.</span></p>","focalRegion":{"x1":302,"x2":377,"y1":116,"y2":191},"source":"msn"}}],"publishedDateTime":"2022-02-08T14:11:17Z","isFeatured":false,"images":[{"width":1200,"height":953,"url":"https://www.bing.com/th?id=ORMS.feb4c62138da7ed7c0222e18e7f67638&pid=Wdp","focalRegion":{"x1":351,"x2":632,"y1":232,"y2":513},"colorSamples":[{"isDarkMode":true,"hexColor":"#DADBDC"},{"isDarkMode":false,"hexColor":"#DADBDC"}]}],"provider":{"id":"BBDtCYz","name":"Celebwell","logoUrl":"https://img-s-msn-com.akamaized.net/tenant/amp/entityid/AAMedqm.img"},"category":"foodanddrink","reactionSummary":{"totalCount":102,"subReactionSummaries":[{"totalCount":59,"type":"like"},{"totalCount":24,"type":"love"},{"totalCount":8,"type":"angry"},{"totalCount":7,"type":"surprised"},{"totalCount":3,"type":"thinking"},{"totalCount":1,"type":"sad"}]},"commentSummary":{"totalCount":5,"subCommentSummaries":[{"totalCount":5,"type":"comment"}]}},{"id":"AATBrsi","type":"article","title":"5 Growth Stocks Down 58% to 88% That Are Screaming Buys as the Market Corrects Lower","abstract":"Market crashes and corrections are the perfect time for investors to pounce on these deals.","readTimeMin":6,"url":"https://www.msn.com/en-us/money/topstocks/5-growth-stocks-down-58-to-88-that-are-screaming-buys-as-the-market-corrects-lower/ar-AATBrsi?ocid=spartan-dhp-feeds","locale":"en-us","topics":[{"label":"Business","weight":0.6709742546081543,"feedId":"Y_367b7be1-6bd2-44e7-95b3-b0d077ccc28d","locale":"en-us"},{"label":"Money","weight":0.6709742546081543,"feedId":"Y_f714b6e2-e9db-41d0-9b5f-b2e0a52f85da","locale":"en-us"}],"feed":{"id":"Y_367b7be1-6bd2-44e7-95b3-b0d077ccc28d","feedName":"Business"},"publishedDateTime":"2022-02-08T10:06:00Z","isFeatured":false,"images":[{"width":2121,"height":1414,"url":"https://www.bing.com/th?id=ORMS.23e4cc07700375fb7188dfef7fed70c5&pid=Wdp"}],"provider":{"id":"AA1xXxH","name":"The Motley Fool","logoUrl":"https://img-s-msn-com.akamaized.net/tenant/amp/entityid/BB16ZxBg.img"},"category":"money","reactionSummary":{"totalCount":5,"subReactionSummaries":[{"totalCount":4,"type":"like"},{"totalCount":1,"type":"love"}]},"commentSummary":{"totalCount":0}},{"id":"AATCPHl","type":"article","title":"This suburban community tops list of safest small towns and cities, according to study","abstract":"(NEXSTAR) – Small towns are often idealized as family-friendly, safe havens of comfortable living. But does the reality live up to the perfect image? MoneyGeek had researchers analyze FBI crime data of smaller towns and cities where the population is between 30,000 and 100,000. They used the crime data to calculate the cost of crime in each area. T...","readTimeMin":2,"url":"https://www.msn.com/en-us/news/us/this-suburban-community-tops-list-of-safest-small-towns-and-cities-according-to-study/ar-AATCPHl?ocid=spartan-dhp-feeds","locale":"en-us","isLocalContent":true,"topics":[{"label":"Chicago","weight":100.0,"feedId":"Y_645976e3-13d3-44f3-8f86-f2aabc50632c","locale":"en-us"},{"label":"News","weight":0.8265911936759949,"feedId":"Y_9eb0ac10-32bc-43cf-816e-5beaaf524f7a","locale":"en-us"},{"label":"US","weight":0.8265911936759949,"feedId":"Y_a3b33cc2-2c47-48ba-a975-4b87b597644b","locale":"en-us"},{"label":"Travel news","weight":0.19174881279468536,"feedId":"Y_d659302d-5ac4-460a-9baa-8c8684761110","locale":"en-us"}],"feed":{"id":"Y_645976e3-13d3-44f3-8f86-f2aabc50632c","feedName":"Chicago"},"publishedDateTime":"2022-02-08T20:49:35Z","isFeatured":false,"images":[{"width":899,"height":675,"url":"https://www.bing.com/th?id=ORMS.955317bf4de9a5eb7b3158e6cb69ae65&pid=Wdp","colorSamples":[{"isDarkMode":true,"hexColor":"#41382C"},{"isDarkMode":false,"hexColor":"#41382C"}]}],"provider":{"id":"BBQzoE0","name":"WGN-TV Chicago","logoUrl":"https://img-s-msn-com.akamaized.net/tenant/amp/entityid/BBTUWkq.img"},"category":"news","reactionSummary":{"totalCount":8,"subReactionSummaries":[{"totalCount":4,"type":"like"},{"totalCount":2,"type":"surprised"},{"totalCount":1,"type":"love"},{"totalCount":1,"type":"sad"}]},"commentSummary":{"totalCount":0}},{"id":"AATDscB","type":"article","title":"Canada’s Trucker Protest Blocking U.S. Border Has Few Semis as Others Join In","abstract":"The truck driver protest that started in Ottawa before spreading to shut Canada’s gateway to Detroit and its auto plants appears to be a bit short of one key element: truckers.","readTimeMin":4,"url":"https://www.msn.com/en-us/money/other/canada-s-trucker-protest-blocking-u-s-border-has-few-semis-as-others-join-in/ar-AATDscB?ocid=spartan-dhp-feeds","locale":"en-us","topics":[{"label":"Money","weight":0.7267996668815613,"feedId":"Y_f714b6e2-e9db-41d0-9b5f-b2e0a52f85da","locale":"en-us"},{"label":"Business","weight":0.7267996668815613,"feedId":"Y_367b7be1-6bd2-44e7-95b3-b0d077ccc28d","locale":"en-us"}],"feed":{"id":"Y_f714b6e2-e9db-41d0-9b5f-b2e0a52f85da","feedName":"Money"},"publishedDateTime":"2022-02-09T04:04:19Z","isFeatured":false,"images":[{"width":2000,"height":1310,"url":"https://www.bing.com/th?id=ORMS.da1839bff7c65048719ebdad5a4bc82d&pid=Wdp","colorSamples":[{"isDarkMode":true,"hexColor":"#D1DAE3"},{"isDarkMode":false,"hexColor":"#D1DAE3"}]}],"provider":{"id":"AAjfXM","name":"Bloomberg","logoUrl":"https://img-s-msn-com.akamaized.net/tenant/amp/entityid/AA3lldo.img"},"category":"money","reactionSummary":{"totalCount":47,"subReactionSummaries":[{"totalCount":27,"type":"like"},{"totalCount":8,"type":"angry"},{"totalCount":6,"type":"love"},{"totalCount":2,"type":"surprised"},{"totalCount":2,"type":"sad"},{"totalCount":2,"type":"thinking"}]},"commentSummary":{"totalCount":0}},{"id":"AATCRrb","type":"article","title":"5 Low-Sugar Foods Doctors Say You Can Eat Non-Stop While Trying To Lose Weight","abstract":"There are so many fad diets, supplements and weight loss shakes on the market that promise weight loss results fast, but the only thing that truly causes weight loss is creating a calorie deficit with your diet (ie. taking in fewer calories than you put out). Eating low-calorie, low-sugar foods will allow you to munch frequently, while never losing weight. It is that simple, doctors say. We asked Dr. Amy Lee, board certified doctor in internal...","readTimeMin":1,"url":"https://www.msn.com/en-us/health/nutrition/5-low-sugar-foods-doctors-say-you-can-eat-non-stop-while-trying-to-lose-weight/ar-AATCRrb?ocid=spartan-dhp-feeds","locale":"en-us","topics":[{"label":"Weight Loss","weight":1.0,"feedId":"Y_dd6ffcee-c451-4a3a-8c00-3a7b596062a4","locale":"en-us"},{"label":"Nutrition","weight":0.7048094272613525,"feedId":"Y_fb32374e-b434-4c98-a8fc-8be0caee2b6c","locale":"en-us"},{"label":"Health and Fitness","weight":0.7048094272613525,"feedId":"Y_39162ebb-61d9-4c26-8520-a66d3a51da5b","locale":"en-us"},{"label":"Health","weight":0.7048094272613525,"feedId":"Y_c95b134f-a01c-4439-a13f-337ca34f37ea","locale":"en-us"},{"label":"Health news","weight":0.6480021476745605,"feedId":"Y_e9e6276b-7e2e-437e-8e9c-b45f1de22ba7","locale":"en-us"}],"feed":{"id":"Y_dd6ffcee-c451-4a3a-8c00-3a7b596062a4","feedName":"Weight Loss"},"publishedDateTime":"2022-02-08T21:08:55Z","isFeatured":false,"images":[{"width":650,"height":650,"url":"https://www.bing.com/th?id=ORMS.ddf52e89a628d2078a6488800e9bdc27&pid=Wdp","colorSamples":[{"isDarkMode":true,"hexColor":"#69363B"},{"isDarkMode":false,"hexColor":"#FFE096"}]}],"provider":{"id":"AAPeFom","name":"SheFinds","logoUrl":"https://img-s-msn-com.akamaized.net/tenant/amp/entityid/AAPf1Zs.img"},"category":"health","reactionSummary":{"totalCount":176,"subReactionSummaries":[{"totalCount":114,"type":"like"},{"totalCount":22,"type":"thinking"},{"totalCount":20,"type":"love"},{"totalCount":13,"type":"surprised"},{"totalCount":6,"type":"sad"},{"totalCount":1,"type":"angry"}]},"commentSummary":{"totalCount":3,"subCommentSummaries":[{"totalCount":1,"type":"comment"},{"totalCount":2,"type":"reply"}]}},{"id":"AATdJU3","type":"video","title":"Lawmakers urge President Biden to cancel up to $50,000 in student debt","abstract":"More than 80 lawmakers wrote to President Biden to get the administration's memo on executive federal student loan cancellation authority. They also requested Biden forgive at least $50,000 in student loans per borrower.","url":"https://www.msn.com/en-us/money/other/lawmakers-urge-president-biden-to-cancel-up-to-50-000-in-student-debt/vi-AATdJU3?ocid=spartan-dhp-feeds","locale":"en-us","topics":[{"label":"Top Video","weight":1.0,"feedId":"Y_5abbb9ed-c7f6-46ef-9694-5bcd3aa68599","locale":"en-us"},{"label":"News","weight":0.4417971968650818,"feedId":"Y_9eb0ac10-32bc-43cf-816e-5beaaf524f7a","locale":"en-us"}],"videoMetadata":{"playTime":66,"closedCaptions":[{"locale":"en-us","href":"https://prod-video-cms-amp-microsoft-com.akamaized.net/tenant/amp/entityid/AATdJU3?blobrefkey=closedcaptionen-us&$blob=1"}]},"externalVideoFiles":[{"url":"https://prod-streaming-video-msn-com.akamaized.net/5e04bec5-0bfb-45e7-a7b8-447417826cde/175e11d1-14a8-488a-8342-38ba5df0316d.mp4","contentType":"video/mp4","fileSize":9184534},{"url":"https://prod-streaming-video-msn-com.akamaized.net/86b0cc28-23b4-4ebc-8f9a-67329c5293fc/175e11d1-14a8-488a-8342-38ba5df0.ism/manifest","width":640,"height":360},{"url":"https://prod-streaming-video-msn-com.akamaized.net/86b0cc28-23b4-4ebc-8f9a-67329c5293fc/175e11d1-14a8-488a-8342-38ba5df0.ism/manifest(format=m3u8-aapl)","width":640,"height":360},{"url":"https://prod-streaming-video-msn-com.akamaized.net/86b0cc28-23b4-4ebc-8f9a-67329c5293fc/175e11d1-14a8-488a-8342-38ba5df0.ism/manifest(format=mpd-time-csf)","width":640,"height":360},{"url":"https://prod-streaming-video-msn-com.akamaized.net/86b0cc28-23b4-4ebc-8f9a-67329c5293fc/175e11d1-14a8-488a-8342-38ba5df0_650.mp4","width":640,"height":360,"contentType":"video/mp4","fileSize":5937887}],"feed":{"id":"Y_5abbb9ed-c7f6-46ef-9694-5bcd3aa68599","feedName":"Top Video"},"publishedDateTime":"2022-02-08T19:04:21Z","isFeatured":false,"images":[{"width":1910,"height":1000,"url":"https://www.bing.com/th?id=ORMS.2eedf97f5a5377b1b872269ac63bae49&pid=Wdp"}],"provider":{"id":"AAnPvW","name":"CNBC","logoUrl":"https://img-s-msn-com.akamaized.net/tenant/amp/entityid/AAADLcm.img"},"category":"money","reactionSummary":{"totalCount":95,"subReactionSummaries":[{"totalCount":43,"type":"like"},{"totalCount":38,"type":"angry"},{"totalCount":12,"type":"love"},{"totalCount":2,"type":"thinking"}]},"commentSummary":{"totalCount":0}},{"id":"AATCfyj","type":"slideshow","title":"Mt. Pleasant by Rick McKee and Kent Sligh","abstract":"Mt. Pleasant by Rick McKee and Kent Sligh","url":"https://www.msn.com/en-us/entertainment/comics/mt-pleasant-by-rick-mckee-and-kent-sligh/ss-AATCfyj?ocid=spartan-dhp-feeds","locale":"en-us","topics":[],"galleryItemCount":43,"feed":{"feedName":"news"},"slides":[{"title":"Feb. 8, 2022","image":{"width":3860,"height":1200,"quality":98,"url":"https://img-s-msn-com.akamaized.net/tenant/amp/entityid/AATC8GD.img","attribution":"Provided by Tribune Content Agency","title":"Feb. 8, 2022","caption":"Feb. 8, 2022","source":"msn"}},{"title":"Feb. 7, 2022","image":{"width":3860,"height":1200,"quality":95,"url":"https://img-s-msn-com.akamaized.net/tenant/amp/entityid/AATCfo9.img","attribution":"Provided by Tribune Content Agency","title":"Feb. 7, 2022","caption":"Feb. 7, 2022","source":"msn"}},{"title":"Feb. 5, 2022","image":{"width":3860,"height":1200,"quality":95,"url":"https://img-s-msn-com.akamaized.net/tenant/amp/entityid/AATCfou.img","attribution":"Provided by Tribune Content Agency","title":"Feb. 5, 2022","caption":"Feb. 5, 2022","source":"msn"}}],"publishedDateTime":"2022-02-08T15:58:52Z","isFeatured":false,"images":[{"width":3860,"height":1200,"url":"https://www.bing.com/th?id=ORMS.130bd5d09aae9f3fd8e69527c8e6850d&pid=Wdp","colorSamples":[{"isDarkMode":true,"hexColor":"#F4E4EC"},{"isDarkMode":false,"hexColor":"#F4E4EC"}]}],"provider":{"id":"AAvOFq","name":"Tribune Content Agency","logoUrl":"https://img-s-msn-com.akamaized.net/tenant/amp/entityid/AA4QDcg.img"},"category":"entertainment","reactionSummary":{"totalCount":22,"subReactionSummaries":[{"totalCount":11,"type":"like"},{"totalCount":9,"type":"love"},{"totalCount":1,"type":"surprised"},{"totalCount":1,"type":"sad"}]},"commentSummary":{"totalCount":0}},{"id":"AATCUeD","type":"video","title":"'Like it or don't like it, it's your duty, my beauty': What Putin's crude words mean","abstract":"Russian President Vladimir Putin set Russian media abuzz following a crude comment he made about Ukrainian President Zelensky during a news conference. CNN's Alex Marquardt has the story.","url":"https://www.msn.com/en-us/news/world/like-it-or-don-t-like-it-it-s-your-duty-my-beauty-what-putin-s-crude-words-mean/vi-AATCUeD?ocid=spartan-dhp-feeds","locale":"en-us","topics":[{"label":"Top Video","weight":1.0,"feedId":"Y_5abbb9ed-c7f6-46ef-9694-5bcd3aa68599","locale":"en-us"},{"label":"News","weight":0.8501757979393005,"feedId":"Y_9eb0ac10-32bc-43cf-816e-5beaaf524f7a","locale":"en-us"},{"label":"World","weight":0.8501757979393005,"feedId":"Y_ee352f2b-a60f-41b3-9b10-4d54b4e7f3f9","locale":"en-us"}],"videoMetadata":{"playTime":142,"closedCaptions":[{"locale":"en-us","href":"https://prod-video-cms-amp-microsoft-com.akamaized.net/tenant/amp/entityid/AATCUeD?blobrefkey=closedcaptionen-us&$blob=1"}]},"externalVideoFiles":[{"url":"https://prod-streaming-video-msn-com.akamaized.net/619477e3-0938-4c65-8982-93b0e6c57b66/93f9109c-e311-4b53-bfcd-500ea8dfd965.mp4","contentType":"video/mp4","fileSize":145869585},{"url":"https://prod-streaming-video-msn-com.akamaized.net/d3818c67-21f4-45ad-8620-c3f17dbc864d/93f9109c-e311-4b53-bfcd-500ea8df.ism/manifest","width":1920,"height":1080},{"url":"https://prod-streaming-video-msn-com.akamaized.net/d3818c67-21f4-45ad-8620-c3f17dbc864d/93f9109c-e311-4b53-bfcd-500ea8df.ism/manifest(format=m3u8-aapl)","width":1920,"height":1080},{"url":"https://prod-streaming-video-msn-com.akamaized.net/d3818c67-21f4-45ad-8620-c3f17dbc864d/93f9109c-e311-4b53-bfcd-500ea8df.ism/manifest(format=mpd-time-csf)","width":1920,"height":1080},{"url":"https://prod-streaming-video-msn-com.akamaized.net/d3818c67-21f4-45ad-8620-c3f17dbc864d/93f9109c-e311-4b53-bfcd-500ea8df_6750.mp4","width":1920,"height":1080,"contentType":"video/mp4","fileSize":121716347},{"url":"https://prod-streaming-video-msn-com.akamaized.net/d3818c67-21f4-45ad-8620-c3f17dbc864d/93f9109c-e311-4b53-bfcd-500ea8df_3400.mp4","width":1280,"height":720,"contentType":"video/mp4","fileSize":62205884},{"url":"https://prod-streaming-video-msn-com.akamaized.net/d3818c67-21f4-45ad-8620-c3f17dbc864d/93f9109c-e311-4b53-bfcd-500ea8df_2250.mp4","width":960,"height":540,"contentType":"video/mp4","fileSize":42052598},{"url":"https://prod-streaming-video-msn-com.akamaized.net/d3818c67-21f4-45ad-8620-c3f17dbc864d/93f9109c-e311-4b53-bfcd-500ea8df_1500.mp4","width":960,"height":540,"contentType":"video/mp4","fileSize":28671034},{"url":"https://prod-streaming-video-msn-com.akamaized.net/d3818c67-21f4-45ad-8620-c3f17dbc864d/93f9109c-e311-4b53-bfcd-500ea8df_650.mp4","width":640,"height":360,"contentType":"video/mp4","fileSize":13599933}],"feed":{"id":"Y_5abbb9ed-c7f6-46ef-9694-5bcd3aa68599","feedName":"Top Video"},"publishedDateTime":"2022-02-09T00:24:29Z","isFeatured":false,"images":[{"width":1100,"height":619,"url":"https://www.bing.com/th?id=ORMS.0838f12aab24b5b774c76ea93244d97d&pid=Wdp","focalRegion":{"x1":40,"x2":912,"y1":163,"y2":483},"colorSamples":[{"isDarkMode":true,"hexColor":"#242B3A"},{"isDarkMode":false,"hexColor":"#E1E1E3"}]}],"provider":{"id":"AAqcK7","name":"CNN","logoUrl":"https://img-s-msn-com.akamaized.net/tenant/amp/entityid/AAywGC0.img"},"category":"news","reactionSummary":{"totalCount":215,"subReactionSummaries":[{"totalCount":81,"type":"angry"},{"totalCount":78,"type":"like"},{"totalCount":25,"type":"love"},{"totalCount":12,"type":"thinking"},{"totalCount":11,"type":"surprised"},{"totalCount":8,"type":"sad"}]},"commentSummary":{"totalCount":10,"subCommentSummaries":[{"totalCount":10,"type":"comment"}]}},{"id":"AATCMmP","type":"article","title":"Grading the Matt Eberflus hire","abstract":"Now that all nine NFL teams that were looking for a new head coach has hired — or reported to have hired — their guy, SB Nation has graded each team’s new head coach addition. The hit rate on immediate grades in regards to any sports topic is usually around 1% (trust me the math checks out), but that doesn’t stop anyone from compiling them or complaining about them. Whether it be grades about coaching hires, GM hires, drafts, free agency, or...","readTimeMin":2,"url":"https://www.msn.com/en-us/sports/nfl/grading-the-matt-eberflus-hire/ar-AATCMmP?ocid=spartan-dhp-feeds","locale":"en-us","isLocalContent":true,"topics":[{"label":"Chicago","weight":100.0,"feedId":"Y_645976e3-13d3-44f3-8f86-f2aabc50632c","locale":"en-us"},{"label":"Sports","subLabels":["Preview"],"weight":0.9949045181274414,"feedId":"Y_b09e3e40-000d-454d-87ef-96631d7c9e7c","locale":"en-us"}],"feed":{"id":"Y_645976e3-13d3-44f3-8f86-f2aabc50632c","feedName":"Chicago"},"publishedDateTime":"2022-02-08T20:00:00Z","isFeatured":false,"images":[{"width":1920,"height":1080,"url":"https://www.bing.com/th?id=ORMS.dee96dc1a527985ba98da8901cea0231&pid=Wdp","focalRegion":{"x1":494,"x2":611,"y1":115,"y2":232},"colorSamples":[{"isDarkMode":true,"hexColor":"#282A34"},{"isDarkMode":false,"hexColor":"#D9DBDC"}]}],"provider":{"id":"AAjyO4","name":"SB Nation","logoUrl":"https://img-s-msn-com.akamaized.net/tenant/amp/entityid/BBACBCB.img"},"category":"sports","reactionSummary":{"totalCount":2,"subReactionSummaries":[{"totalCount":2,"type":"love"}]},"commentSummary":{"totalCount":2,"subCommentSummaries":[{"totalCount":1,"type":"comment"},{"totalCount":1,"type":"reply"}]}},{"id":"AATCT2X","type":"article","title":"Savannah River: A dozen more cannons have been found and lifted in Georgia city","abstract":"Dredging the Savannah River is like a box of chocolates, say those who head up the task. You never know what you're gonna find. How about three cannons that may date to the American Revolution, an anchor and a likely piece of ship's timber?","readTimeMin":6,"url":"https://www.msn.com/en-us/news/us/savannah-river-a-dozen-more-cannons-have-been-found-and-lifted-in-georgia-city/ar-AATCT2X?ocid=spartan-dhp-feeds","locale":"en-us","topics":[{"label":"Top News","weight":1.0,"feedId":"Y_8c1db373-86c0-4213-9e06-0bb6deb2a336","locale":"en-us"},{"label":"Technology","weight":1.0,"feedId":"Y_d1cad308-780e-4a75-ba34-6460811ccfe3","locale":"en-us"},{"label":"US Headlines","weight":1.0,"feedId":"Y_a314198b-b366-47c3-9775-dcc4ed22543f","locale":"en-us"},{"label":"News","weight":0.6923708915710449,"feedId":"Y_9eb0ac10-32bc-43cf-816e-5beaaf524f7a","locale":"en-us"},{"label":"US","weight":0.6923708915710449,"feedId":"Y_a3b33cc2-2c47-48ba-a975-4b87b597644b","locale":"en-us"},{"label":"Travel news","weight":0.10763117671012878,"feedId":"Y_d659302d-5ac4-460a-9baa-8c8684761110","locale":"en-us"}],"feed":{"id":"Y_8c1db373-86c0-4213-9e06-0bb6deb2a336","feedName":"Top News"},"publishedDateTime":"2022-02-08T22:57:23Z","isFeatured":false,"images":[{"width":1100,"height":619,"url":"https://www.bing.com/th?id=ORMS.c81c7beb133875c87ed90bcbac40c8df&pid=Wdp","colorSamples":[{"isDarkMode":true,"hexColor":"#405066"},{"isDarkMode":false,"hexColor":"#405066"}]}],"provider":{"id":"AAqcK7","name":"CNN","logoUrl":"https://img-s-msn-com.akamaized.net/tenant/amp/entityid/AAywGC0.img"},"category":"news","reactionSummary":{"totalCount":236,"subReactionSummaries":[{"totalCount":142,"type":"like"},{"totalCount":49,"type":"love"},{"totalCount":32,"type":"surprised"},{"totalCount":10,"type":"thinking"},{"totalCount":3,"type":"angry"}]},"commentSummary":{"totalCount":56,"subCommentSummaries":[{"totalCount":25,"type":"comment"},{"totalCount":31,"type":"reply"}]}},{"id":"AATC6CF","type":"article","title":"Tim McGraw & Faith Hill Hold Hands While Visiting Daughter Gracie In NYC — Cute Photo","abstract":"While in New York City to do press for '1883,' Tim McGraw and Faith Hill also got to spend some quality time with their oldest daughter, who lives in the Big Apple.","readTimeMin":2,"url":"https://www.msn.com/en-us/music/news/tim-mcgraw-faith-hill-hold-hands-while-visiting-daughter-gracie-in-nyc-cute-photo/ar-AATC6CF?ocid=spartan-dhp-feeds","locale":"en-us","topics":[{"label":"Entertainment News","weight":1.0,"feedId":"Y_fd29d629-260e-4efa-9836-feb7169c9841","locale":"en-us"}],"feed":{"id":"Y_fd29d629-260e-4efa-9836-feb7169c9841","feedName":"Entertainment News"},"publishedDateTime":"2022-02-08T14:05:44Z","isFeatured":false,"images":[{"width":620,"height":465,"url":"https://www.bing.com/th?id=ORMS.d85047af2e480dd3e05c8d4ebdae9042&pid=Wdp","focalRegion":{"x1":90,"x2":167,"y1":116,"y2":193},"colorSamples":[{"isDarkMode":true,"hexColor":"#2A2823"},{"isDarkMode":false,"hexColor":"#2A2823"}]}],"provider":{"id":"AAPNJCG","name":"Hollywood Life","logoUrl":"https://img-s-msn-com.akamaized.net/tenant/amp/entityid/AAPNJEL.img"},"category":"music","reactionSummary":{"totalCount":192,"subReactionSummaries":[{"totalCount":85,"type":"like"},{"totalCount":59,"type":"love"},{"totalCount":18,"type":"thinking"},{"totalCount":13,"type":"surprised"},{"totalCount":9,"type":"angry"},{"totalCount":8,"type":"sad"}]},"commentSummary":{"totalCount":6,"subCommentSummaries":[{"totalCount":4,"type":"comment"},{"totalCount":2,"type":"reply"}]}},{"id":"AATCZUW","type":"article","title":"The ugly Covid side effect no one talks about","abstract":"An Australian haircare brand has seen sales of its hair growth supplement skyrocket in the past 12 months because the average Covid patient is suffering from hair loss.","readTimeMin":3,"url":"https://www.msn.com/en-us/news/technology/the-ugly-covid-side-effect-no-one-talks-about/ar-AATCZUW?ocid=spartan-dhp-feeds","locale":"en-us","topics":[{"label":"Wellness","weight":1.0,"feedId":"Y_c19564fe-ba4d-49be-9fe4-4324d244e1c0","locale":"en-us"},{"label":"Top News","weight":1.0,"feedId":"Y_8c1db373-86c0-4213-9e06-0bb6deb2a336","locale":"en-us"},{"label":"News","weight":0.7168581485748291,"feedId":"Y_9eb0ac10-32bc-43cf-816e-5beaaf524f7a","locale":"en-us"},{"label":"Self","weight":0.31114661693573,"feedId":"Y_8e3b418c-86d2-4bca-bd25-27f6bbccd090","locale":"en-us"}],"feed":{"id":"Y_c19564fe-ba4d-49be-9fe4-4324d244e1c0","feedName":"Wellness"},"publishedDateTime":"2022-02-08T22:48:57Z","isFeatured":false,"images":[{"width":1908,"height":1146,"url":"https://www.bing.com/th?id=ORMS.7debea40f341703e4858ae0c63cc8703&pid=Wdp","focalRegion":{"x1":110,"x2":309,"y1":87,"y2":286},"colorSamples":[{"isDarkMode":true,"hexColor":"#382929"},{"isDarkMode":false,"hexColor":"#EEE0CD"}]}],"provider":{"id":"AAuyR5X","name":"Daily Mail","logoUrl":"https://img-s-msn-com.akamaized.net/tenant/amp/entityid/AAvcS6D.img"},"category":"news","reactionSummary":{"totalCount":265,"subReactionSummaries":[{"totalCount":131,"type":"like"},{"totalCount":46,"type":"love"},{"totalCount":35,"type":"thinking"},{"totalCount":22,"type":"surprised"},{"totalCount":16,"type":"angry"},{"totalCount":15,"type":"sad"}]},"commentSummary":{"totalCount":0}},{"id":"AATDtFm","type":"video","title":"Apollo 16 spacecraft prepared for 50th anniversary","abstract":"The Apollo 16 spacecraft that carried astronauts Charlie Duke, Ken Mattingly and John Young to the moon is being spruced up ahead of the 50th anniversary of its 1972 flight. (Feb. 9)","url":"https://www.msn.com/en-us/video/peopleandplaces/apollo-16-spacecraft-prepared-for-50th-anniversary/vi-AATDtFm?ocid=spartan-dhp-feeds","locale":"en-us","topics":[],"videoMetadata":{"playTime":109,"closedCaptions":[{"locale":"en-us","href":"https://prod-video-cms-amp-microsoft-com.akamaized.net/tenant/amp/entityid/AATDtFm?blobrefkey=closedcaptionen-us&$blob=1"}]},"externalVideoFiles":[{"url":"https://prod-streaming-video-msn-com.akamaized.net/71daaae1-4145-4308-af6f-ccbd454cf5ef/c1ab41f9-b404-46c9-9b71-dae299780106.mp4","contentType":"video/mp4","fileSize":24295096},{"url":"https://prod-streaming-video-msn-com.akamaized.net/f91ced05-10d3-4a21-a5df-13949d8a6007/c1ab41f9-b404-46c9-9b71-dae29978.ism/manifest","width":640,"height":360},{"url":"https://prod-streaming-video-msn-com.akamaized.net/f91ced05-10d3-4a21-a5df-13949d8a6007/c1ab41f9-b404-46c9-9b71-dae29978.ism/manifest(format=m3u8-aapl)","width":640,"height":360},{"url":"https://prod-streaming-video-msn-com.akamaized.net/f91ced05-10d3-4a21-a5df-13949d8a6007/c1ab41f9-b404-46c9-9b71-dae29978.ism/manifest(format=mpd-time-csf)","width":640,"height":360},{"url":"https://prod-streaming-video-msn-com.akamaized.net/f91ced05-10d3-4a21-a5df-13949d8a6007/c1ab41f9-b404-46c9-9b71-dae29978_650.mp4","width":640,"height":360,"contentType":"video/mp4","fileSize":10340609}],"feed":{"feedName":"news"},"publishedDateTime":"2022-02-09T06:00:57Z","isFeatured":false,"images":[{"width":1920,"height":1080,"url":"https://www.bing.com/th?id=ORMS.7ea468add823f22406af85a6954cf633&pid=Wdp"}],"provider":{"id":"AA7mZ3","name":"Associated Press","logoUrl":"https://img-s-msn-com.akamaized.net/tenant/amp/entityid/AACl4vY.img"},"category":"video","reactionSummary":{"totalCount":1,"subReactionSummaries":[{"totalCount":1,"type":"thinking"}]},"commentSummary":{"totalCount":0}},{"id":"AATC9zC","type":"article","title":"3 Teams Tom Brady Could Come Out Of Retirement To Play For","abstract":"Tom Brady officially announced his retirement from the National Football League last week, but the seven-time Super Bowl champion is fueling some speculation following his Monday night comments. The legendary NFL quarterback was asked on Monday night if it is possible he could think about coming out of retirement. It’s happened before in the NFL, […] The post 3 Teams Tom Brady Could Come Out Of Retirement To Play For appeared first on The Spun.","readTimeMin":2,"url":"https://www.msn.com/en-us/sports/nfl/3-teams-tom-brady-could-come-out-of-retirement-to-play-for/ar-AATC9zC?ocid=spartan-dhp-feeds","locale":"en-us","topics":[{"label":"Sports","subLabels":["Retirement"],"weight":0.9999493956565857,"feedId":"Y_b09e3e40-000d-454d-87ef-96631d7c9e7c","locale":"en-us"}],"feed":{"id":"Y_b09e3e40-000d-454d-87ef-96631d7c9e7c","feedName":"Sports"},"publishedDateTime":"2022-02-08T14:30:00Z","isFeatured":false,"images":[{"width":775,"height":465,"url":"https://www.bing.com/th?id=ORMS.8914606f7625b3e0e3ce5c5b14da7ace&pid=Wdp","colorSamples":[{"isDarkMode":true,"hexColor":"#2A2A34"},{"isDarkMode":false,"hexColor":"#D8DBE3"}]}],"provider":{"id":"BB199c9L","name":"The Spun","logoUrl":"https://img-s-msn-com.akamaized.net/tenant/amp/entityid/AALER5n.img"},"category":"sports","reactionSummary":{"totalCount":77,"subReactionSummaries":[{"totalCount":37,"type":"like"},{"totalCount":16,"type":"love"},{"totalCount":10,"type":"angry"},{"totalCount":8,"type":"thinking"},{"totalCount":4,"type":"surprised"},{"totalCount":2,"type":"sad"}]},"commentSummary":{"totalCount":40,"subCommentSummaries":[{"totalCount":21,"type":"comment"},{"totalCount":19,"type":"reply"}]}},{"id":"AATD504","type":"article","title":"Joliet Double Murder Defendant Gets OK To Attend Dad's Funeral","abstract":"Will County Judge Dave Carlson recently entered the emergency order for Tommie McDonald who is charged with killing two Joliet men in 2020.","readTimeMin":3,"url":"https://www.msn.com/en-us/news/crime/joliet-double-murder-defendant-gets-ok-to-attend-dad-s-funeral/ar-AATD504?ocid=spartan-dhp-feeds","locale":"en-us","isLocalContent":true,"topics":[{"label":"Chicago","weight":100.0,"feedId":"Y_645976e3-13d3-44f3-8f86-f2aabc50632c","locale":"en-us"},{"label":"Crime","weight":0.8779929280281067,"feedId":"Y_6f320357-0418-4bb0-a654-f5ba77f31552","locale":"en-us"},{"label":"News","weight":0.8779929280281067,"feedId":"Y_9eb0ac10-32bc-43cf-816e-5beaaf524f7a","locale":"en-us"}],"feed":{"id":"Y_645976e3-13d3-44f3-8f86-f2aabc50632c","feedName":"Chicago"},"publishedDateTime":"2022-02-09T00:00:17Z","isFeatured":false,"images":[{"width":812,"height":609,"url":"https://www.bing.com/th?id=ORMS.fe5e7d05115d0f11745c51aa1b4c9103&pid=Wdp","focalRegion":{"x1":259,"x2":545,"y1":217,"y2":503}}],"provider":{"id":"AAyhTTE","name":"Patch","logoUrl":"https://img-s-msn-com.akamaized.net/tenant/amp/entityid/AAyhxXG.img"},"category":"news","reactionSummary":{"totalCount":8,"subReactionSummaries":[{"totalCount":3,"type":"like"},{"totalCount":3,"type":"thinking"},{"totalCount":1,"type":"surprised"},{"totalCount":1,"type":"sad"}]},"commentSummary":{"totalCount":0}},{"id":"AATBBNH","type":"article","title":"Two inmates who escaped Tennessee jail through air vent are dead, authorities say","abstract":"Two of three Tennessee inmates who escaped a county jail through the HVAC air vent system are now dead, and the hunt for the third is ongoing, authorities announced.","readTimeMin":2,"url":"https://www.msn.com/en-us/news/crime/two-inmates-who-escaped-tennessee-jail-through-air-vent-are-dead-authorities-say/ar-AATBBNH?ocid=spartan-dhp-feeds","locale":"en-us","topics":[{"label":"Crime","weight":0.7208189964294434,"feedId":"Y_6f320357-0418-4bb0-a654-f5ba77f31552","locale":"en-us"},{"label":"News","weight":0.7208189964294434,"feedId":"Y_9eb0ac10-32bc-43cf-816e-5beaaf524f7a","locale":"en-us"}],"feed":{"id":"Y_6f320357-0418-4bb0-a654-f5ba77f31552","feedName":"Crime"},"publishedDateTime":"2022-02-09T03:15:16Z","isFeatured":false,"images":[{"width":1200,"height":600,"url":"https://www.bing.com/th?id=ORMS.d0a6ccbe32b42290868b80b1ecd5db51&pid=Wdp","focalRegion":{"x1":70,"x2":975,"y1":107,"y2":325},"colorSamples":[{"isDarkMode":true,"hexColor":"#1C5180"},{"isDarkMode":false,"hexColor":"#B5DCF2"}]}],"provider":{"id":"BBpg4Jv","name":"NBC News","logoUrl":"https://img-s-msn-com.akamaized.net/tenant/amp/entityid/BBAJ56P.img"},"category":"news","reactionSummary":{"totalCount":1312,"subReactionSummaries":[{"totalCount":694,"type":"like"},{"totalCount":293,"type":"love"},{"totalCount":193,"type":"surprised"},{"totalCount":63,"type":"thinking"},{"totalCount":37,"type":"sad"},{"totalCount":32,"type":"angry"}]},"commentSummary":{"totalCount":190,"subCommentSummaries":[{"totalCount":125,"type":"comment"},{"totalCount":65,"type":"reply"}]}},{"id":"AATCNNS","type":"article","title":"Trumpy Colorado County Clerk Tina Peters Arrested After Resisting Search Warrant: Reports","abstract":"Tina Peters, the clerk of Mesa County, Colorado who’s long been suspected of involvement in a leak of county election...","readTimeMin":3,"url":"https://www.msn.com/en-us/news/crime/trumpy-colorado-county-clerk-tina-peters-arrested-after-resisting-search-warrant-reports/ar-AATCNNS?ocid=spartan-dhp-feeds","locale":"en-us","topics":[{"label":"News","weight":0.8130224347114563,"feedId":"Y_9eb0ac10-32bc-43cf-816e-5beaaf524f7a","locale":"en-us"},{"label":"Crime","weight":0.8130224347114563,"feedId":"Y_6f320357-0418-4bb0-a654-f5ba77f31552","locale":"en-us"}],"feed":{"id":"Y_9eb0ac10-32bc-43cf-816e-5beaaf524f7a","feedName":"News"},"publishedDateTime":"2022-02-08T23:38:30Z","isFeatured":false,"images":[{"width":800,"height":447,"url":"https://www.bing.com/th?id=ORMS.b5e9fbbdc5837c6f2345c68576fb3f4f&pid=Wdp","focalRegion":{"x1":513,"x2":574,"y1":8,"y2":69},"colorSamples":[{"isDarkMode":true,"hexColor":"#31343F"},{"isDarkMode":false,"hexColor":"#31343F"}]}],"provider":{"id":"BB1fQ0yL","name":"Talking Points Memo","logoUrl":"https://img-s-msn-com.akamaized.net/tenant/amp/entityid/BB1fPWc1.img"},"category":"news","reactionSummary":{"totalCount":958,"subReactionSummaries":[{"totalCount":540,"type":"like"},{"totalCount":268,"type":"love"},{"totalCount":102,"type":"angry"},{"totalCount":20,"type":"surprised"},{"totalCount":17,"type":"thinking"},{"totalCount":11,"type":"sad"}]},"commentSummary":{"totalCount":0}},{"id":"AATCtQT","type":"article","title":"Hyundai and Kia tell owners of 500,000 vehicles to park outside","abstract":"Hyundai and Kia are telling owners of almost 500,000 cars and SUVs in the United States to park outside and away from buildings due to a possible defect that can cause the vehicles to spontaneously catch fire even when not running.","readTimeMin":2,"url":"https://www.msn.com/en-us/money/companies/hyundai-and-kia-tell-owners-of-500-000-vehicles-to-park-outside/ar-AATCtQT?ocid=spartan-dhp-feeds","locale":"en-us","topics":[{"label":"Fortune 500","weight":0.9310927987098694,"feedId":"Y_66aab8cd-65a4-477c-b208-d18459ad42e4","locale":"en-us"},{"label":"Money","weight":0.9310927987098694,"feedId":"Y_f714b6e2-e9db-41d0-9b5f-b2e0a52f85da","locale":"en-us"},{"label":"Business","weight":0.9310927987098694,"feedId":"Y_367b7be1-6bd2-44e7-95b3-b0d077ccc28d","locale":"en-us"}],"feed":{"id":"Y_66aab8cd-65a4-477c-b208-d18459ad42e4","feedName":"Fortune 500"},"publishedDateTime":"2022-02-08T19:34:53Z","isFeatured":false,"images":[{"width":1100,"height":619,"url":"https://www.bing.com/th?id=ORMS.a5717326046845fd3679a53678613c91&pid=Wdp","colorSamples":[{"isDarkMode":true,"hexColor":"#604E2E"},{"isDarkMode":false,"hexColor":"#D7D9DA"}]}],"provider":{"id":"AAqcK7","name":"CNN","logoUrl":"https://img-s-msn-com.akamaized.net/tenant/amp/entityid/AAywGC0.img"},"category":"money","reactionSummary":{"totalCount":267,"subReactionSummaries":[{"totalCount":129,"type":"like"},{"totalCount":50,"type":"angry"},{"totalCount":30,"type":"love"},{"totalCount":27,"type":"surprised"},{"totalCount":19,"type":"thinking"},{"totalCount":12,"type":"sad"}]},"commentSummary":{"totalCount":61,"subCommentSummaries":[{"totalCount":31,"type":"comment"},{"totalCount":30,"type":"reply"}]}},{"id":"AATCM4O","type":"article","title":"Watch: This Husky Has Absolutely No Interest in Leaving the Dog Park and It's So Funny","abstract":"There is only one thing, apparently, that will persuade Archer to leave the dog park. (It rhymes with \"beats.\")","readTimeMin":2,"url":"https://www.msn.com/en-us/lifestyle/pets/watch-this-husky-has-absolutely-no-interest-in-leaving-the-dog-park-and-it-s-so-funny/ar-AATCM4O?ocid=spartan-dhp-feeds","locale":"en-us","topics":[{"label":"Lifestyle","weight":1.0,"feedId":"Y_99096e96-6d4f-401c-832b-461e08143a5a","locale":"en-us"},{"label":"Pets","weight":0.4590988755226135,"feedId":"Y_61bcb5f6-7540-4056-84d0-2bdb86f06789","locale":"en-us"}],"feed":{"id":"Y_99096e96-6d4f-401c-832b-461e08143a5a","feedName":"Lifestyle"},"publishedDateTime":"2022-02-08T22:26:25Z","isFeatured":false,"images":[{"width":2000,"height":1333,"url":"https://www.bing.com/th?id=ORMS.a629ae5458f435cbde45a174674b7de7&pid=Wdp","colorSamples":[{"isDarkMode":true,"hexColor":"#6A4F2D"},{"isDarkMode":false,"hexColor":"#DED2C0"}]}],"provider":{"id":"BB1cGYuG","name":"Daily Paws","logoUrl":"https://img-s-msn-com.akamaized.net/tenant/amp/entityid/BB1cGPuF.img"},"category":"lifestyle","reactionSummary":{"totalCount":237,"subReactionSummaries":[{"totalCount":137,"type":"like"},{"totalCount":63,"type":"love"},{"totalCount":23,"type":"surprised"},{"totalCount":7,"type":"angry"},{"totalCount":6,"type":"thinking"},{"totalCount":1,"type":"sad"}]},"commentSummary":{"totalCount":17,"subCommentSummaries":[{"totalCount":11,"type":"comment"},{"totalCount":6,"type":"reply"}]}}]}