{ "@odata.context": "https://api.msn.com/msn/$metadata#topics", "value": [{"id":"Y_46b78bbb-31c4-4fc5-8a4a-858072348d06","title":"Top Stories","locale":"en-us","image":{"width":292,"height":342,"quality":98,"url":"https://img-s-msn-com.akamaized.net/tenant/amp/entityid/AAufbDK.img","title":"Top Stories large interest image"},"isInferred":true,"feedType":"SysTag","canonicalName":"topstories"},{"id":"Y_645976e3-13d3-44f3-8f86-f2aabc50632c","title":"Chicago","locale":"en-us","image":{"width":3823,"height":3086,"quality":80,"url":"http://img-s-msn-com.akamaized.net/tenant/amp/entityid/BB16rSpQ.img","attribution":"Chicago","title":"Chicago","source":"msn"},"isInferred":true,"feedType":"SysTag"},{"id":"Y_a3b33cc2-2c47-48ba-a975-4b87b597644b","title":"US","locale":"en-us","image":{"width":292,"height":342,"quality":98,"url":"http://img-s-msn-com.akamaized.net/tenant/amp/entityid/AAtJYmw.img","title":"US News large interest image"},"isInferred":true,"feedType":"SysTag","canonicalName":"usnews"},{"id":"Y_9eb0ac10-32bc-43cf-816e-5beaaf524f7a","title":"News","locale":"en-us","image":{"width":292,"height":342,"quality":98,"url":"http://img-s-msn-com.akamaized.net/tenant/amp/entityid/AAAsHUT.img","title":"News","source":"msn"},"isInferred":true,"feedType":"SysTag","canonicalName":"news"},{"id":"Y_3304d105-5132-427d-b027-2f472f2fac07","title":"Science","locale":"en-us","image":{"width":292,"height":342,"quality":98,"url":"http://img-s-msn-com.akamaized.net/tenant/amp/entityid/AAtJSmw.img","title":"Science large interest image","source":"msn"},"isInferred":true,"feedType":"SysTag","canonicalName":"news-science-and-technology"},{"id":"Y_c04ce4c5-936e-4be4-9966-ec142725c624","title":"Shopping","locale":"en-us","image":{"width":1500,"height":2250,"quality":99,"url":"http://img-s-msn-com.akamaized.net/tenant/amp/entityid/BB18CMuA.img","attribution":"Getty","title":"Shopping","source":"msn"},"isInferred":true,"feedType":"SysTag","canonicalName":"shopping"},{"id":"Y_414a7c40-a373-4025-b4ce-e9502e9e17ed","title":"Entertainment","locale":"en-us","image":{"width":292,"height":342,"quality":98,"url":"https://img-s-msn-com.akamaized.net/tenant/amp/entityid/AAAsmJ7.img","title":"Entertainment"},"isInferred":true,"feedType":"SysTag","canonicalName":"entertainment"},{"id":"Y_b09e3e40-000d-454d-87ef-96631d7c9e7c","title":"Sports","locale":"en-us","image":{"width":292,"height":342,"quality":91,"url":"http://img-s-msn-com.akamaized.net/tenant/amp/entityid/AAAAWUx.img","title":"Sports","source":"msn"},"isInferred":true,"feedType":"SysTag","canonicalName":"sports"},{"id":"Y_f714b6e2-e9db-41d0-9b5f-b2e0a52f85da","title":"Money","locale":"en-us","image":{"width":292,"height":342,"quality":91,"url":"https://img-s-msn-com.akamaized.net/tenant/amp/entityid/AAAB3TF.img","title":"Money"},"isInferred":true,"feedType":"SysTag","canonicalName":"money"},{"id":"Y_99096e96-6d4f-401c-832b-461e08143a5a","title":"Lifestyle","locale":"en-us","image":{"width":292,"height":342,"quality":98,"url":"http://img-s-msn-com.akamaized.net/tenant/amp/entityid/BBEMUwh.img","title":"Lifestyle large interest image"},"isInferred":true,"feedType":"SysTag","canonicalName":"lifestyle"},{"id":"Y_67f5f95c-e834-4429-8b6a-2d6c348d0726","title":"Autos","locale":"en-us","image":{"width":292,"height":342,"quality":98,"url":"https://img-s-msn-com.akamaized.net/tenant/amp/entityid/AAAB1Kj.img","title":"Autos"},"isInferred":true,"feedType":"SysTag","canonicalName":"autos"},{"id":"Y_5abbb9ed-c7f6-46ef-9694-5bcd3aa68599","title":"Top Video","locale":"en-us","image":{"width":292,"height":342,"quality":98,"url":"https://img-s-msn-com.akamaized.net/tenant/amp/entityid/AAAg48R.img","title":"Video","source":"msn"},"isInferred":true,"feedType":"SysTag"},{"id":"Y_625693d2-c2d2-402b-b225-af427fad88f3","title":"Food News","locale":"en-us","image":{"width":292,"height":342,"quality":98,"url":"https://img-s-msn-com.akamaized.net/tenant/amp/entityid/AAtK0hl.img","title":"Food News large interest image","source":"msn"},"isInferred":true,"feedType":"SysTag","canonicalName":"foodnews"}]}