{"$type":"topicStream","_id":"BBkVxnk","_name":"Top Sites","_sourceMetering":{"isMetered":false},"_lastEditedDateTime":"2021-09-11T03:24:01Z","_lastPublishedDateTime":"2021-09-11T03:24:01Z","_links":{"self":[{"href":"cms/api/amp/topicStream/BBkVxnk"}],"parent":[{"href":"cms/api/amp/section/AAa6nxg"}],"feed":[],"provider":[],"section":[],"sources":[{"$type":"topsitesource","sourceName":"Microsoft Start","title":"Microsoft Start","publisherDetails":{"publisherWebsiteUri":"https://aka.ms/top_sites_tile_ie_spartan"},"faviconHref":"cms/api/amp/image/AAO4Fkb","autoBackgroundColor":"#2c3978","editorialBackgroundColor":"#2c3978","foregroundColor":"","safeToRemove":true},{"$type":"topsitesource","publisherDetails":{"publisherWebsiteUri":"http://facebook.com"},"title":"Facebook","faviconHref":"cms/api/amp/image/AAdi7Rz","autoBackgroundColor":"#233668","editorialBackgroundColor":"#ffffff","foregroundColor":"","sourceName":"Facebook","href":"cms/api/amp/storeProduct/BBkGxso","safeToRemove":true},{"$type":"topsitesource","publisherDetails":{"publisherWebsiteUri":"https://www.ebay.com/?mkevt=1&mkcid=1&mkrid=711-53200-19255-0&campid=5338586075&customid=enus-edge-ntp-topsites-curate-ie11"},"title":"eBay","faviconHref":"cms/api/amp/image/AAc9vHK","autoBackgroundColor":"#262626","editorialBackgroundColor":"#ffffff","foregroundColor":"#000000","sourceName":"ebay","safeToRemove":true},{"$type":"topsitesource","sourceName":"Wayfair","title":"Wayfair","publisherDetails":{"publisherWebsiteUri":"https://redirect.viglink.com?key=9308c0224a8221b6e9a9aedd4ee1e4ed&u=http%3A%2F%2Fwayfair.com"},"faviconHref":"cms/api/amp/image/BB14ZYTK","autoBackgroundColor":"#ECECEC","editorialBackgroundColor":"#ffffff","foregroundColor":"","safeToRemove":true,"isChildAppropriate":false},{"$type":"topsitesource","sourceName":"Amazon Assistant","title":"Amazon Assistant","publisherDetails":{"publisherWebsiteUri":"https://www.amazon.com/gp/BIT/ref=bit_v2_msnpage?tagbase=edge1"},"faviconHref":"cms/api/amp/image/AAL7wYl","autoBackgroundColor":"#007A68","editorialBackgroundColor":"#ffffff","foregroundColor":"","safeToRemove":true,"isChildAppropriate":false},{"$type":"topsitesource","sourceName":"QVC","title":"QVC","publisherDetails":{"publisherWebsiteUri":"https://aka.ms/QVC"},"faviconHref":"cms/api/amp/image/BB14D0jG","autoBackgroundColor":"#ECECEC","editorialBackgroundColor":"#ffffff","foregroundColor":"","safeToRemove":true,"isChildAppropriate":false},{"$type":"topsitesource","publisherDetails":{"publisherWebsiteUri":"http://www.linkedin.com?trk=msn-top"},"title":"Linkedin","faviconHref":"cms/api/amp/image/AAdTRDX","autoBackgroundColor":"","editorialBackgroundColor":"#ffffff","foregroundColor":"","sourceName":"LinkedIn","safeToRemove":true},{"$type":"topsitesource","publisherDetails":{"publisherWebsiteUri":"https://www.amazon.com/ref=nosim?tag=msn015-20"},"title":"Amazon.com","faviconHref":"cms/api/amp/image/AAdTWx0","autoBackgroundColor":"#E9E7E3","editorialBackgroundColor":"#ffffff","foregroundColor":"","sourceName":"Amazon.com","safeToRemove":true},{"$type":"topsitesource","publisherDetails":{"publisherWebsiteUri":"https://aka.ms/Walmart"},"title":"Walmart","faviconHref":"cms/api/amp/image/BBw6nXf","autoBackgroundColor":"#ECECEC","editorialBackgroundColor":"#ffffff","foregroundColor":"","sourceName":"Walmart","safeToRemove":true},{"$type":"topsitesource","publisherDetails":{"publisherWebsiteUri":"https://reddit.com"},"title":"Reddit","faviconHref":"cms/api/amp/image/AAbzMB2","autoBackgroundColor":"","editorialBackgroundColor":"#C6DDF6","foregroundColor":"","sourceName":"Reddit","safeToRemove":true},{"$type":"topsitesource","publisherDetails":{"publisherWebsiteUri":"https://www.washingtonpost.com?utm_campaign=msnpartnership_explorer&utm_medium=referral&utm_source=msn.com"},"title":"Washington Post","faviconHref":"cms/api/amp/image/BB19ZoTS","autoBackgroundColor":"#EBEBEB","editorialBackgroundColor":"#ffffff","foregroundColor":"","sourceName":"Washington Post","safeToRemove":true},{"$type":"topsitesource","publisherDetails":{"publisherWebsiteUri":"https://www.bing.com"},"title":"Bing","faviconHref":"cms/api/amp/image/AAHrp2z","autoBackgroundColor":"#065050","editorialBackgroundColor":"#ffffff","foregroundColor":"#000000","sourceName":"Bing","safeToRemove":true,"isChildAppropriate":false},{"$type":"topsitesource","sourceName":"The Home Depot","title":"The Home Depot","publisherDetails":{"publisherWebsiteUri":"https://www.homedepot.com/"},"faviconHref":"cms/api/amp/image/BB15m5ZQ","autoBackgroundColor":"#EC3600","editorialBackgroundColor":"#ff5900","foregroundColor":"","safeToRemove":true,"isChildAppropriate":false},{"$type":"topsitesource","sourceName":"Zappos","title":"Zappos","publisherDetails":{"publisherWebsiteUri":"https://aka.ms/Zappos"},"faviconHref":"cms/api/amp/image/BB18enc7","autoBackgroundColor":"#014899","editorialBackgroundColor":"#ffffff","foregroundColor":"","safeToRemove":true,"isChildAppropriate":false},{"$type":"topsitesource","publisherDetails":{"publisherWebsiteUri":"http://www.msn.com/"},"title":"MSN","faviconHref":"cms/api/amp/image/AAolg8H","autoBackgroundColor":"#E9E9E9","editorialBackgroundColor":"#ffffff","foregroundColor":"#000000","sourceName":"MSN","safeToRemove":true},{"$type":"topsitesource","sourceName":"Disney+","title":"Disney+","publisherDetails":{"publisherWebsiteUri":"https://www.disneyplus.com/"},"faviconHref":"cms/api/amp/image/AAKnp1k","autoBackgroundColor":"#09214E","editorialBackgroundColor":"#ffffff","foregroundColor":"","safeToRemove":true,"isChildAppropriate":false},{"$type":"topsitesource","sourceName":"fuboTV","title":"fuboTV","publisherDetails":{"publisherWebsiteUri":"https://www.fubo.tv/welcome?irad=343747&irmp=2022797&subId1=topsites"},"faviconHref":"cms/api/amp/image/BB11Hzjm","autoBackgroundColor":"#E6290C","editorialBackgroundColor":"#fa4616","foregroundColor":"","safeToRemove":true,"isChildAppropriate":false},{"$type":"topsitesource","sourceName":"Target","title":"Target","publisherDetails":{"publisherWebsiteUri":"https://target.com"},"faviconHref":"cms/api/amp/image/BBY383y","autoBackgroundColor":"#ED0000","editorialBackgroundColor":"#ff0101","foregroundColor":"","safeToRemove":true,"isChildAppropriate":false},{"$type":"topsitesource","publisherDetails":{"publisherWebsiteUri":"http://outlook.com"},"title":"Outlook","faviconHref":"cms/api/amp/image/BBoz3qE","autoBackgroundColor":"#0045A3","editorialBackgroundColor":"","foregroundColor":"","sourceName":"Outlook","safeToRemove":true},{"$type":"topsitesource","sourceName":"Booking.com","title":"Booking.com","publisherDetails":{"publisherWebsiteUri":"https://booking.com"},"faviconHref":"cms/api/amp/image/BBZLxMS","autoBackgroundColor":"#00235A","editorialBackgroundColor":"#ffffff","foregroundColor":"","safeToRemove":true,"isChildAppropriate":false},{"$type":"topsitesource","publisherDetails":{"publisherWebsiteUri":"https://hulu.com/"},"title":"Hulu","faviconHref":"cms/api/amp/image/BBXKwrx","autoBackgroundColor":"#1CE783","editorialBackgroundColor":"#1CE783","foregroundColor":"","sourceName":"Hulu","href":"cms/api/amp/storeProduct/AAcAwlR","safeToRemove":true},{"$type":"topsitesource","sourceName":"ZipRecruiter","title":"ZipRecruiter","publisherDetails":{"publisherWebsiteUri":"https://www.ziprecruiter.com/"},"faviconHref":"cms/api/amp/image/BB13Huru","autoBackgroundColor":"#ECECEC","editorialBackgroundColor":"#ffffff","foregroundColor":"","safeToRemove":true,"isChildAppropriate":false},{"$type":"topsitesource","sourceName":"Best Buy","title":"Best Buy","publisherDetails":{"publisherWebsiteUri":"http://bestbuy.com"},"faviconHref":"cms/api/amp/image/BBY34it","autoBackgroundColor":"#005B9D","editorialBackgroundColor":"#003f6b","foregroundColor":"","safeToRemove":true,"isChildAppropriate":false},{"$type":"topsitesource","publisherDetails":{"publisherWebsiteUri":"https://tripadvisor.com/"},"title":"TripAdvisor","faviconHref":"cms/api/amp/image/AAhtgKr","autoBackgroundColor":"#E4E4E4","editorialBackgroundColor":"#ffffff","foregroundColor":"","sourceName":"TripAdvisor","href":"cms/api/amp/storeProduct/AActVJ3","safeToRemove":true},{"$type":"topsitesource","publisherDetails":{"publisherWebsiteUri":"https://www.coupons.com/"},"title":"Coupons.com","faviconHref":"cms/api/amp/image/BBr7MTk","autoBackgroundColor":"#FFFFFF","editorialBackgroundColor":"","foregroundColor":"","sourceName":"Coupons.com","href":"cms/api/amp/storeProduct/BBr7HWB","safeToRemove":true},{"$type":"topsitesource","publisherDetails":{"publisherWebsiteUri":"http://expedia.com"},"title":"Expedia","faviconHref":"cms/api/amp/image/AAht9pT","autoBackgroundColor":"#114D8B","editorialBackgroundColor":"#ffffff","foregroundColor":"","sourceName":"Expedia","href":"cms/api/amp/storeProduct/AAe9tds","safeToRemove":true},{"$type":"topsitesource","publisherDetails":{"publisherWebsiteUri":"http://netflix.com/"},"title":"Netflix","faviconHref":"cms/api/amp/image/AAcHSdq","autoBackgroundColor":"#D11917","editorialBackgroundColor":"#ffffff","foregroundColor":"#000000","sourceName":"Netflix","href":"cms/api/amp/storeProduct/BBkGkYo","safeToRemove":true},{"$type":"topsitesource","publisherDetails":{"publisherWebsiteUri":"http://weather.com"},"title":"The Weather Channel","faviconHref":"cms/api/amp/image/BBsrkEx","autoBackgroundColor":"#001E6A","editorialBackgroundColor":"#003399","foregroundColor":"#ffffff","sourceName":"The Weather Channel","href":"cms/api/amp/storeProduct/AAcf18C","safeToRemove":true},{"$type":"topsitesource","publisherDetails":{"publisherWebsiteUri":"https://www.spotify.com/us/"},"title":"Spotify","faviconHref":"cms/api/amp/image/AArPQvT","autoBackgroundColor":"#12BA3B","editorialBackgroundColor":"#ffffff","foregroundColor":"#ffffff","sourceName":"Spotify","href":"cms/api/amp/storeProduct/BBCYoWh","safeToRemove":true},{"$type":"topsitesource","publisherDetails":{"publisherWebsiteUri":"http://instagram.com"},"title":"Instagram","faviconHref":"cms/api/amp/image/AAjHavD","autoBackgroundColor":"#B01E4F","editorialBackgroundColor":"#ffffff","foregroundColor":"","sourceName":"Instagram","href":"cms/api/amp/storeProduct/AAiWk1d","safeToRemove":true},{"$type":"topsitesource","publisherDetails":{"publisherWebsiteUri":"https://twitter.com/"},"title":"Twitter","faviconHref":"cms/api/amp/image/BBK8S6z","autoBackgroundColor":"#E9E9E9","editorialBackgroundColor":"#55ACEe","foregroundColor":"#ffffff","sourceName":"Twitter","href":"cms/api/amp/storeProduct/BBlaial","safeToRemove":true},{"$type":"topsitesource","publisherDetails":{"publisherWebsiteUri":"http://wikipedia.org"},"title":"Wikipedia","faviconHref":"cms/api/amp/image/BBiK8oZ","autoBackgroundColor":"#FFFFFF","editorialBackgroundColor":"#ffffff","foregroundColor":"","sourceName":"Wikipedia","href":"cms/api/amp/storeProduct/AAbMYVh","safeToRemove":true},{"$type":"topsitesource","publisherDetails":{"publisherWebsiteUri":"http://bankofamerica.com"},"title":"Bank of America","faviconHref":"cms/api/amp/image/AAhp1oW","autoBackgroundColor":"#EBE8E9","editorialBackgroundColor":"#ffffff","foregroundColor":"","sourceName":"Bank of America","href":"cms/api/amp/storeProduct/BBtYmkA","safeToRemove":true},{"$type":"topsitesource","publisherDetails":{"publisherWebsiteUri":"http://usps.com"},"title":"USPS","faviconHref":"cms/api/amp/image/BBw6xHH","autoBackgroundColor":"#15255C","editorialBackgroundColor":"#ffffff","foregroundColor":"","sourceName":"USPS","href":"cms/api/amp/storeProduct/AAhoXOW","safeToRemove":true},{"$type":"topsitesource","publisherDetails":{"publisherWebsiteUri":"https://afflnk.microsoft.com/c/1239701/433017/7593?sharedid=EDGE_ENUS_NTP_TOPSITES&u=https://www.microsoft.com/en-us/store/b/home"},"title":"Microsoft Store","faviconHref":"cms/api/amp/image/AAteuaX","autoBackgroundColor":"","editorialBackgroundColor":"","foregroundColor":"","sourceName":"Microsoft Store","safeToRemove":true},{"$type":"topsitesource","publisherDetails":{"publisherWebsiteUri":"http://marriott.com"},"title":"Marriott International","faviconHref":"cms/api/amp/image/BBrFrSs","autoBackgroundColor":"#ffffff","editorialBackgroundColor":"#ffffff","foregroundColor":"","sourceName":"Marriott International","href":"cms/api/amp/storeProduct/BBrFrSG","safeToRemove":true},{"$type":"topsitesource","publisherDetails":{"publisherWebsiteUri":"http://popsugar.com/"},"title":"Popsugar","faviconHref":"cms/api/amp/image/BBuD2NV","autoBackgroundColor":"#001B7B","editorialBackgroundColor":"#ffffff","foregroundColor":"","sourceName":"Popsugar","href":"cms/api/amp/storeProduct/BBuCXPC","safeToRemove":true},{"$type":"topsitesource","publisherDetails":{"publisherWebsiteUri":"http://wsj.com"},"title":"WSJ","faviconHref":"cms/api/amp/image/BBqJNJL","autoBackgroundColor":"#ffffff","editorialBackgroundColor":"#ffffff","foregroundColor":"","sourceName":"WSJ","href":"cms/api/amp/storeProduct/AAcLylR","safeToRemove":true},{"$type":"topsitesource","publisherDetails":{"publisherWebsiteUri":"http://usatoday.com/"},"title":"USA Today","faviconHref":"cms/api/amp/image/AAdz06c","autoBackgroundColor":"#1F70D0","editorialBackgroundColor":"#000000","foregroundColor":"#ffffff","sourceName":"USA Today","href":"cms/api/amp/storeProduct/AAcLA1a","safeToRemove":true},{"$type":"topsitesource","publisherDetails":{"publisherWebsiteUri":"http://flipboard.com"},"title":"Flipboard","faviconHref":"cms/api/amp/image/BBkm3bf","autoBackgroundColor":"#AC0000","editorialBackgroundColor":"#e12828","foregroundColor":"","sourceName":"Flipboard","href":"cms/api/amp/storeProduct/BBkm8gB","safeToRemove":true},{"$type":"topsitesource","publisherDetails":{"publisherWebsiteUri":"http://www.bing.com/shop?FORM=EDGTBP"},"title":"Bing Shopping","faviconHref":"cms/api/amp/image/AAjfj0g","autoBackgroundColor":"#EBEBEB","editorialBackgroundColor":"#0C8484","foregroundColor":"#ffffff","sourceName":"Bing Shopping","safeToRemove":true,"isChildAppropriate":false},{"$type":"topsitesource","publisherDetails":{"publisherWebsiteUri":"http://microsoft.com/store/apps/9wzdncrfjbmp"},"title":"Windows Store","faviconHref":"cms/api/amp/image/BBqdxYS","autoBackgroundColor":"#0045A3","editorialBackgroundColor":"","foregroundColor":"","sourceName":"Windows Store","safeToRemove":true,"isChildAppropriate":false},{"$type":"topsitesource","publisherDetails":{"publisherWebsiteUri":"http://audible.com"},"title":"Audible","faviconHref":"cms/api/amp/image/AAfdlFh","autoBackgroundColor":"#DE630E","editorialBackgroundColor":"","foregroundColor":"","sourceName":"Audible","href":"cms/api/amp/storeProduct/BBloZ4q","safeToRemove":true},{"$type":"topsitesource","publisherDetails":{"publisherWebsiteUri":"http://opentable.com"},"title":"OpenTable","faviconHref":"cms/api/amp/image/AAdUrdb","autoBackgroundColor":"#C32127","editorialBackgroundColor":"","foregroundColor":"","sourceName":"OpenTable","href":"cms/api/amp/storeProduct/AAdlkkE","safeToRemove":true},{"$type":"topsitesource","publisherDetails":{"publisherWebsiteUri":"http://engadget.com/"},"title":"Engadget","faviconHref":"cms/api/amp/image/BBr8Ogl","autoBackgroundColor":"#000000","editorialBackgroundColor":"","foregroundColor":"","sourceName":"Engadget","href":"cms/api/amp/storeProduct/BBlpYbN","safeToRemove":true},{"$type":"topsitesource","publisherDetails":{"publisherWebsiteUri":"http://cnn.com/"},"title":"CNN","faviconHref":"cms/api/amp/image/AAdGn4H","autoBackgroundColor":"#AB0101","editorialBackgroundColor":"#CC2127","foregroundColor":"#ffffff","sourceName":"CNN","safeToRemove":true},{"$type":"topsitesource","publisherDetails":{"publisherWebsiteUri":"http://ESPN.com"},"title":"ESPN","faviconHref":"cms/api/amp/image/BBiKiGZ","autoBackgroundColor":"#AB0000","editorialBackgroundColor":"#ffffff","foregroundColor":"#000000","sourceName":"ESPN.com","href":"cms/api/amp/storeProduct/BBkGuRd","safeToRemove":true},{"$type":"topsitesource","publisherDetails":{"publisherWebsiteUri":"http://skype.com"},"title":"Skype","faviconHref":"cms/api/amp/image/AAc7mQz","autoBackgroundColor":"#0187DA","editorialBackgroundColor":"","foregroundColor":"","sourceName":"Skype","href":"cms/api/amp/storeProduct/AAbMxMD","safeToRemove":true},{"$type":"topsitesource","publisherDetails":{"publisherWebsiteUri":"http://yelp.com"},"title":"Yelp","faviconHref":"cms/api/amp/image/AAdkQkb","autoBackgroundColor":"#D0D0CB","editorialBackgroundColor":"#ffffff","foregroundColor":"#000000","sourceName":"Yelp","safeToRemove":true},{"$type":"topsitesource","publisherDetails":{"publisherWebsiteUri":"http://yahoo.com"},"title":"Yahoo","faviconHref":"cms/api/amp/image/BBoxw3c","autoBackgroundColor":"#262626","editorialBackgroundColor":"","foregroundColor":"","sourceName":"Yahoo","safeToRemove":true},{"$type":"topsitesource","publisherDetails":{"publisherWebsiteUri":"http://youtube.com"},"title":"YouTube","faviconHref":"cms/api/amp/image/AAHrrdl","autoBackgroundColor":"#0E2EA2","editorialBackgroundColor":"","foregroundColor":"","sourceName":"YouTube","safeToRemove":true},{"$type":"topsitesource","publisherDetails":{"publisherWebsiteUri":"http://msn.com/en-us/news"},"title":"MSN News","faviconHref":"cms/api/amp/image/AAc9lsT","autoBackgroundColor":"#484848","editorialBackgroundColor":"#313131","foregroundColor":"#ffffff","sourceName":"MSN News","href":"cms/api/amp/storeProduct/AAbR3yO","safeToRemove":true},{"$type":"topsitesource","publisherDetails":{"publisherWebsiteUri":"http://cnet.com/"},"title":"Cnet","faviconHref":"cms/api/amp/image/AAcLynm","autoBackgroundColor":"#9B110A","editorialBackgroundColor":"","foregroundColor":"","sourceName":"Cnet","href":"cms/api/amp/storeProduct/AAcLyno","safeToRemove":true},{"$type":"topsitesource","publisherDetails":{"publisherWebsiteUri":"http://accuweather.com/"},"title":"AccuWeather - Weather for Life","faviconHref":"cms/api/amp/image/BBlcXNw","autoBackgroundColor":"#FF6600","editorialBackgroundColor":"#ffffff","foregroundColor":"","sourceName":"AccuWeather - Weather for Life","href":"cms/api/amp/storeProduct/BBlcXNx","safeToRemove":true},{"$type":"topsitesource","publisherDetails":{"publisherWebsiteUri":"https://stumbleupon.com/"},"title":"StumbleUpon","faviconHref":"cms/api/amp/image/AAcLGbM","autoBackgroundColor":"#D12D15","editorialBackgroundColor":"","foregroundColor":"","sourceName":"StumbleUpon","href":"cms/api/amp/storeProduct/AAcLNTG","safeToRemove":true},{"$type":"topsitesource","publisherDetails":{"publisherWebsiteUri":"http://npr.org"},"title":"NPR","faviconHref":"cms/api/amp/image/BBqapfL","autoBackgroundColor":"#273F8B","editorialBackgroundColor":"","foregroundColor":"","sourceName":"NPR","href":"cms/api/amp/storeProduct/AAcPq13","safeToRemove":true},{"$type":"topsitesource","publisherDetails":{"publisherWebsiteUri":"http://gmail.com"},"title":"Gmail","faviconHref":"cms/api/amp/image/BBw6v5K","autoBackgroundColor":"#D1261D","editorialBackgroundColor":"#ffffff","foregroundColor":"","sourceName":"Gmail","safeToRemove":true},{"$type":"topsitesource","publisherDetails":{"publisherWebsiteUri":"http://google.com"},"title":"Google","faviconHref":"cms/api/amp/image/BBq49aB","autoBackgroundColor":"#D22820","editorialBackgroundColor":"#FFFFFF","foregroundColor":"","sourceName":"Google","href":"cms/api/amp/storeProduct/AAdSkQj","safeToRemove":true},{"$type":"topsitesource","publisherDetails":{"publisherWebsiteUri":"http://mail.aol.com"},"title":"Mail.AOL","faviconHref":"cms/api/amp/image/BBoy1pX","autoBackgroundColor":"#FFFFFF","editorialBackgroundColor":"","foregroundColor":"","sourceName":"AOL Mail","safeToRemove":true},{"$type":"topsitesource","publisherDetails":{"publisherWebsiteUri":"http://nfl.com/"},"title":"NFL","faviconHref":"cms/api/amp/image/AAe9c2n","autoBackgroundColor":"#EBE6E6","editorialBackgroundColor":"#FFFFFF","foregroundColor":"#000000","sourceName":"NFL","href":"cms/api/amp/storeProduct/AAe78n1","safeToRemove":true},{"$type":"topsitesource","publisherDetails":{"publisherWebsiteUri":"http://chase.com"},"title":"Chase","faviconHref":"cms/api/amp/image/BBoy6t5","autoBackgroundColor":"#05377B","editorialBackgroundColor":"","foregroundColor":"","sourceName":"Chase","safeToRemove":true},{"$type":"topsitesource","publisherDetails":{"publisherWebsiteUri":"http://aol.com"},"title":"AOL","faviconHref":"cms/api/amp/image/BBoy1pX","autoBackgroundColor":"#FFFFFF","editorialBackgroundColor":"","foregroundColor":"","sourceName":"AOL","safeToRemove":true},{"$type":"topsitesource","publisherDetails":{"publisherWebsiteUri":"http://xfinity.com"},"title":"Xfinity","faviconHref":"cms/api/amp/image/BBw6o1W","autoBackgroundColor":"#B20E13","editorialBackgroundColor":"#ffffff","foregroundColor":"","sourceName":"Xfinity","safeToRemove":true},{"$type":"topsitesource","publisherDetails":{"publisherWebsiteUri":"http://wellsfargo.com"},"title":"Wells Fargo","faviconHref":"cms/api/amp/image/BBoy1h7","autoBackgroundColor":"#B00F14","editorialBackgroundColor":"","foregroundColor":"","sourceName":"Wells Fargo","safeToRemove":true},{"$type":"topsitesource","publisherDetails":{"publisherWebsiteUri":"http://xbox.com"},"title":"Xbox","faviconHref":"cms/api/amp/image/BBq49hO","autoBackgroundColor":"#B5B4B5","editorialBackgroundColor":"","foregroundColor":"","sourceName":"Xbox","href":"cms/api/amp/storeProduct/BBsny3S","safeToRemove":true},{"$type":"topsitesource","publisherDetails":{"publisherWebsiteUri":"http://hotmail.com"},"title":"Hotmail","faviconHref":"cms/api/amp/image/BBoz3qE","autoBackgroundColor":"#0045A3","editorialBackgroundColor":"","foregroundColor":"","sourceName":"Hotmail","safeToRemove":true},{"$type":"topsitesource","publisherDetails":{"publisherWebsiteUri":"http://pinterest.com"},"title":"Pinterest","faviconHref":"cms/api/amp/image/BBqgwaV","autoBackgroundColor":"#EBE6E6","editorialBackgroundColor":"#ffffff","foregroundColor":"","sourceName":"Pinterest","safeToRemove":true},{"$type":"topsitesource","publisherDetails":{"publisherWebsiteUri":"http://newsy.com"},"title":"Newsy","faviconHref":"cms/api/amp/image/AAcBrto","autoBackgroundColor":"#0078AA","editorialBackgroundColor":"","foregroundColor":"","sourceName":"Newsy","href":"cms/api/amp/storeProduct/AAcBM2G","safeToRemove":true},{"$type":"topsitesource","publisherDetails":{"publisherWebsiteUri":"http://theguardian.com"},"title":"The Guardian","faviconHref":"cms/api/amp/image/BBmT6xQ","autoBackgroundColor":"#000000","editorialBackgroundColor":"","foregroundColor":"","sourceName":"The Guardian","safeToRemove":true},{"$type":"topsitesource","publisherDetails":{"publisherWebsiteUri":"http://pbs.org"},"title":"PBS","faviconHref":"cms/api/amp/image/BBq75Ft","autoBackgroundColor":"#3A7ECF","editorialBackgroundColor":"","foregroundColor":"","sourceName":"PBS","href":"cms/api/amp/storeProduct/BBq7fOC","safeToRemove":true},{"$type":"topsitesource","publisherDetails":{"publisherWebsiteUri":"http://mail.yahoo.com"},"title":"Yahoo! Mail","faviconHref":"cms/api/amp/image/AAHrf03","autoBackgroundColor":"#27005F","editorialBackgroundColor":"","foregroundColor":"","sourceName":"Yahoo! Mail","href":"cms/api/amp/storeProduct/AAeo6K0","safeToRemove":true},{"$type":"topsitesource","publisherDetails":{"publisherWebsiteUri":"http://dropbox.com"},"title":"Dropbox","faviconHref":"cms/api/amp/image/AAfde5p","autoBackgroundColor":"#3A7ECF","editorialBackgroundColor":"","foregroundColor":"","sourceName":"Dropbox","href":"cms/api/amp/storeProduct/AAc1hF5","safeToRemove":true},{"$type":"topsitesource","publisherDetails":{"publisherWebsiteUri":"http://nascar.com"},"title":"NASCAR","faviconHref":"cms/api/amp/image/AAfsNNC","autoBackgroundColor":"#2E3032","editorialBackgroundColor":"","foregroundColor":"","sourceName":"NASCAR","href":"cms/api/amp/storeProduct/AAdy8vQ","safeToRemove":true},{"$type":"topsitesource","publisherDetails":{"publisherWebsiteUri":"http://siriusxm.com"},"title":"SiriusXM","faviconHref":"cms/api/amp/image/AAhG1Ye","autoBackgroundColor":"#DDE0E2","editorialBackgroundColor":"#ffffff","foregroundColor":"","sourceName":"SiriusXM","href":"cms/api/amp/storeProduct/AAhFSfO","safeToRemove":true},{"$type":"topsitesource","publisherDetails":{"publisherWebsiteUri":"https://uber.com"},"title":"Uber","faviconHref":"cms/api/amp/image/BBr5vYj","autoBackgroundColor":"#000000","editorialBackgroundColor":"","foregroundColor":"","sourceName":"Uber","href":"cms/api/amp/storeProduct/AAgeyv4","safeToRemove":true},{"$type":"topsitesource","publisherDetails":{"publisherWebsiteUri":"http://espn.go.com/"},"title":"ESPN","faviconHref":"cms/api/amp/image/BBiKiGZ","autoBackgroundColor":"#AB0000","editorialBackgroundColor":"#ffffff","foregroundColor":"#000000","sourceName":"ESPN","safeToRemove":true},{"$type":"topsitesource","publisherDetails":{"publisherWebsiteUri":"http://usaa.com"},"title":"USAA","faviconHref":"cms/api/amp/image/BBpP1jk","autoBackgroundColor":"#00548E","editorialBackgroundColor":"","foregroundColor":"","sourceName":"USAA","href":"cms/api/amp/storeProduct/BBpOYnR","safeToRemove":true},{"$type":"topsitesource","publisherDetails":{"publisherWebsiteUri":"http://yummly.com"},"title":"Yummly","faviconHref":"cms/api/amp/image/AAfMBU0","autoBackgroundColor":"#C43B12","editorialBackgroundColor":"","foregroundColor":"","sourceName":"Yummly","href":"cms/api/amp/storeProduct/AAfMErj","safeToRemove":true},{"$type":"topsitesource","publisherDetails":{"publisherWebsiteUri":"http://capitalone.com"},"title":"Capital One","faviconHref":"cms/api/amp/image/BBqTfsA","autoBackgroundColor":"#FFFFFF","editorialBackgroundColor":"","foregroundColor":"","sourceName":"Capital One","safeToRemove":true},{"$type":"topsitesource","publisherDetails":{"publisherWebsiteUri":"http://www.match.com/cpx/en-us/partner/msn/index?trackingid=530290&bannerid=7044091"},"title":"Match","faviconHref":"cms/api/amp/image/AAgTZMf","autoBackgroundColor":"#FFFFFF","editorialBackgroundColor":"#FFFFFF","foregroundColor":"","sourceName":"Match","safeToRemove":true},{"$type":"topsitesource","publisherDetails":{"publisherWebsiteUri":"http://paypal.com"},"title":"PayPal","faviconHref":"cms/api/amp/image/BBqTic2","autoBackgroundColor":"#FFFFFF","editorialBackgroundColor":"","foregroundColor":"","sourceName":"PayPal","safeToRemove":true},{"$type":"topsitesource","publisherDetails":{"publisherWebsiteUri":"http://cbssports.com"},"title":"CBS Sports","faviconHref":"cms/api/amp/image/AAgqWJM","autoBackgroundColor":"#002F5C","editorialBackgroundColor":"","foregroundColor":"","sourceName":"CBS Sports","safeToRemove":true},{"$type":"topsitesource","sourceName":"Minecraft","title":"Minecraft","publisherDetails":{"publisherWebsiteUri":"https://minecraft.net/en-us"},"faviconHref":"cms/api/amp/image/AArJk4n","autoBackgroundColor":"#3C912D","editorialBackgroundColor":"","foregroundColor":"","href":"cms/api/amp/storeProduct/AAdFia7","safeToRemove":true,"isChildAppropriate":true},{"$type":"topsitesource","sourceName":"PBS Kids","title":"PBS Kids","publisherDetails":{"publisherWebsiteUri":"http://pbskids.org"},"faviconHref":"cms/api/amp/image/AArJc4s","autoBackgroundColor":"#E4E6DE","editorialBackgroundColor":"","foregroundColor":"","safeToRemove":true,"isChildAppropriate":true},{"$type":"topsitesource","sourceName":"Nat Geo Kids","title":"Nat Geo Kids","publisherDetails":{"publisherWebsiteUri":"http://kids.nationalgeographic.com"},"faviconHref":"cms/api/amp/image/AArJmdk","autoBackgroundColor":"#D22915","editorialBackgroundColor":"","foregroundColor":"","safeToRemove":true,"isChildAppropriate":true},{"$type":"topsitesource","sourceName":"Microsoft Math Solver","title":"Microsoft Math Solver","publisherDetails":{"publisherWebsiteUri":"https://mathsolver.microsoft.com/en?ref=msn"},"faviconHref":"cms/api/amp/image/BB1fPamK","autoBackgroundColor":"#014768","editorialBackgroundColor":"","foregroundColor":"","safeToRemove":true,"isChildAppropriate":true},{"$type":"topsitesource","publisherDetails":{"publisherWebsiteUri":"https://www.microsoft.com/en-us/makecode"},"title":"MakeCode","faviconHref":"cms/api/amp/image/BB17gkR3","autoBackgroundColor":"#9F0368","editorialBackgroundColor":"","foregroundColor":"#000000","sourceName":"MakeCode","safeToRemove":true,"isChildAppropriate":true},{"$type":"topsitesource","sourceName":"NASA Kids Club","title":"NASA Kids Club","publisherDetails":{"publisherWebsiteUri":"https://www.nasa.gov/kidsclub"},"faviconHref":"cms/api/amp/image/AArJbs1","autoBackgroundColor":"#E8E9E9","editorialBackgroundColor":"","foregroundColor":"","safeToRemove":true,"isChildAppropriate":true},{"$type":"topsitesource","sourceName":"Funbrain","title":"Funbrain","publisherDetails":{"publisherWebsiteUri":"https://www.funbrain.com"},"faviconHref":"cms/api/amp/image/AArJtKC","autoBackgroundColor":"#4DC6D6","editorialBackgroundColor":"","foregroundColor":"","safeToRemove":true,"isChildAppropriate":true},{"$type":"topsitesource","publisherDetails":{"publisherWebsiteUri":"http://roblox.com"},"title":"Roblox","faviconHref":"cms/api/amp/image/AAhpd8u","autoBackgroundColor":"#ECDFDE","editorialBackgroundColor":"","foregroundColor":"#000000","sourceName":"Roblox","href":"cms/api/amp/storeProduct/BBtnbVp","safeToRemove":true,"isChildAppropriate":true}]},"_editorial":{"newsdeskDiscoverable":true,"permittedTypes":[]},"tagEvaluationGroups":{"_tagsHash":"3145739","tags":[],"vectors":[]},"displayPublishedDateTime":"2015-06-10T17:44:46Z","updatedDateTime":"2015-06-10T17:44:46Z","_locale":"en-us","sourceId":"","keywords":[],"facets":[],"labels":{"category":[]},"orderingCriteria":"none","displayNames":[],"_systemName":"","isDiscoverable":false,"_systemTags":[],"_lastPublishedSequence":1855,"_createdDateTime":"2015-06-10T17:44:47Z"}