{"configs":{"AppConfig/default":{"properties":{"rootExperience":{"configRef":{"experienceType":"EntryPoint","instanceSrc":"default"}}}},"EntryPoint/default":{"properties":{"enableEarlyLoadChildren":true,"useIndividualFonts":true,"dataConnectors":[{"screenWidth":"Any","children":[{"instanceId":"","configRef":{"experienceType":"BingImageData","instanceSrc":"default"}},{"instanceId":"","configRef":{"experienceType":"TelemetryData","instanceSrc":"default"}}]}],"composition":{"type":"layout","page":{"margin":"0","maxWidth":"60000px","children":[{"children":[{"key":"EdgeHeader1","children":{"childType":"PeregrineExperience","child":{"instanceId":"cms/api/amp/experienceConfigIndex/AABHcqO","configRef":{"experienceType":"EdgeHeader","instanceSrc":"default"}}}},{"key":"PivotContent1","children":{"childType":"PeregrineExperience","child":{"instanceId":"cms/api/amp/experienceConfigIndex/AABKb0b","configRef":{"experienceType":"PivotContent","instanceSrc":"default"}}}},{"key":"PageSettings1","children":{"childType":"PeregrineExperience","child":{"instanceId":"cms/api/amp/experienceConfigIndex/AACuRPV","configRef":{"experienceType":"PageSettings","instanceSrc":"default"}}}},{"key":"ShowFeed1","children":{"childType":"PeregrineExperience","child":{"instanceId":"cms/api/amp/experienceConfigIndex/AACd0hv","configRef":{"experienceType":"ShowFeed","instanceSrc":"default"}}}},{"key":"OneFooter1","children":{"childType":"PeregrineExperience","child":{"instanceId":"cms/api/amp/experienceConfigIndex/AAC5KXV","configRef":{"experienceType":"OneFooter","instanceSrc":"default"}}}},{"key":"FeedbackLink1","children":{"childType":"PeregrineExperience","child":{"instanceId":"cms/api/amp/experienceConfigIndex/AAC6vQE","configRef":{"experienceType":"FeedbackLink","instanceSrc":"default"}}}},{"key":"CardAction","children":{"childType":"PeregrineExperience","child":{"instanceId":"cms/api/amp/experienceConfigIndex/AAC6iwQ","configRef":{"experienceType":"CardAction","instanceSrc":"default"}}}}]}]}},"styles":{"pageStyle":{"page":{"margin":"0 auto","position":"relative"}},"columnStyles":[[{},{"column":{"justify-self":"center","@media (max-width: 941px)":{"width":"624px"},"@media (min-width: 942px) and (max-width: 1263px)":{"width":"948px"},"@media (min-width: 1264px)":{"width":"1272px"}}}]]},"track":{"canvas":"Browser","channel":"spartan","department":"ntp","domainId":"200","msnocid":"spartanntp","pageConfiguration":11,"pageName":"default","pageProduct":"spartan","pageType":"ntp","pageVersion":"15","storeocid":"spartan_ntp","vertical":"homepage","viewportUpdateMethod":"requestAnimationFrame","viewportUpdateInterval":500,"waitForPageSettingsToUpdateTrack":"true"},"serviceWorker":{"enabled":"true","registrationEnabled":"false","unregistrationEnabled":"true"},"offlineMessage":{"tag":"h3","size":"5","children":"Can\u0027t reach this page. Check your internet connection."},"experienceTracker":{"instanceId":"ExperienceTrackerEdgeData","configRef":{"experienceType":"ExperienceTrackerEdgeData","instanceSrc":"default"}}}},"BingImageData/default":{"properties":{}},"TelemetryData/default":{"properties":{}},"EdgeHeader/default":{"properties":{"bingImageSupported":false,"composition":{"type":"layout","page":{"margin":"0","maxWidth":"60000px","gridStyles":[null,null,null,null,{"grid":{"justify-self":"center","@media (max-width: 941px)":{"width":"624px"},"@media (min-width: 942px) and (max-width: 1263px)":{"width":"948px"},"@media (min-width: 1264px)":{"width":"1272px"}}},{"grid":{"gridTemplateColumns":"1fr auto !important"}}],"children":[{"id":"c_banner","columnCount":1,"gutter":0,"style":{"width":"100%","zIndex":1000},"children":[{"id":"c_bannerManager","key":"BannerManager","span":1,"children":{"childType":"PeregrineExperience","child":{"instanceId":"BannerManager","configRef":{"experienceType":"BannerManager","instanceSrc":"default"}}}}]},{"id":"c_hdr","columnCount":1,"gutter":0,"children":[{"id":"c_hdrbg","span":1,"key":"Typography6","children":{"childType":"Typography","child":{"children":"","size":7}}},{"key":"BingWebSSO1","children":{"childType":"PeregrineExperience","child":{"instanceId":"BingWebSSO1","configRef":{"experienceType":"BingWebSSO","instanceSrc":"default"}}}},{"id":"c_usrp","key":"UserProfileDisplay1","children":{"childType":"PeregrineExperience","child":{"instanceId":"UserProfileDisplay1","configRef":{"experienceType":"UserProfileDisplay","instanceSrc":"default"}}}},{"id":"c_srch","key":"Search1","children":{"childType":"PeregrineExperience","child":{"instanceId":"Search1","configRef":{"experienceType":"SearchBoxEdge","instanceSrc":"default"}}}},{"id":"c_srchh","key":"SearchHistory1","children":{"childType":"PeregrineExperience","child":{"instanceId":"SearchHistory1","configRef":{"experienceType":"SearchHistoryEdge","instanceSrc":"default"}}}}]},{"columnCount":1,"id":"c_pivsbg","children":[{"span":1,"key":"Typography5","children":{"childType":"Typography","child":{"children":"","size":7}}}]},{"id":"c_tsh","columnCount":2,"children":[{"key":"TopSitesTypography","span":1,"children":{"childType":"Typography","child":{"children":"Top Sites","size":5}}},{"key":"HideFeedTypography","span":1,"children":{"childType":"Typography","child":{"id":"settings-cog","children":"Hide Feed ⚙️","size":7}}},{"key":"SettingsGearTypography","span":1,"position":3,"children":{"childType":"Typography","child":{"id":"settings-cog","children":"⚙️","size":7}}}]},{"columnCount":1,"children":[{"key":"TopSites1","children":{"childType":"PeregrineExperience","child":{"instanceId":"TopSitesEdge1","configRef":{"experienceType":"TopSitesEdge","instanceSrc":"default"}}}}]},{"columnCount":1,"children":[{"key":"BreakingNews1","span":1,"children":{"childType":"PeregrineExperience","child":{"instanceId":"BreakingNews1","configRef":{"experienceType":"BreakingNews","instanceSrc":"default"}}}}]},{"columnCount":1,"id":"c_piv","children":[{"key":"PivotsNav1","span":1,"children":{"childType":"PeregrineExperience","child":{"instanceId":"PivotsNav1","configRef":{"experienceType":"PivotsNav","instanceSrc":"default"}}}},{"key":"NotificationBell","span":1,"style":{"min-width":"32px"},"children":{"childType":"PeregrineExperience","child":{"instanceId":"NotificationBell","configRef":{"experienceType":"NotificationBell","instanceSrc":"default"}}}},{"key":"PoweredbyLegend1","span":1,"children":{"childType":"PeregrineExperience","child":{"instanceId":"PoweredbyLegend1","configRef":{"experienceType":"PoweredbyLegend","instanceSrc":"default"}}}}]},{"columnCount":1,"id":"c_pivsh","children":[{"span":1,"key":"Typography4","children":{"childType":"Typography","child":{"children":"","size":7}}}]}]}},"localization":{"TopSitesTypography":"Top Sites","HideFeedTypography":"Hide Feed ⚙️"}}},"PivotContent/default":{"properties":{"scrollTopOnChangeEnabled":true,"scrollTopOffset":115,"usePageSettingsData":true}},"PageSettings/default":{"properties":{"marketSelector":{"instanceId":"MarketSelector","configRef":{"experienceType":"MarketSelector","instanceSrc":"default"}},"settingsDialogHeading":{"tag":"h2","size":"4","children":"Customize"},"weatherToggle":{"id":"wt","statusMessageId":"span01","children":"Weather"},"save":{"appearance":"primary","children":"Save"},"resetConfirmationHeading":{"tag":"h3","size":"5","children":"Are you sure?"},"resetConfirmationText":{"size":"7","children":"Resetting your defaults will clear your language and personalization settings."},"resetConfirmationButton":{"appearance":"primary","children":"Reset"},"showNtpDisplayOptions":true,"showDhpDisplayOptions":false,"topSitesAndNewsFeed":{"inputId":"tsfeed","name":"displayoption","children":"Top sites and my feed"},"topSitesOnly":{"inputId":"tsonly","name":"displayoption","children":"Top sites"},"blankPage":{"inputId":"blankpage","name":"displayoption","children":"A blank page"},"moneyToggle":{"id":"mt","statusMessageId":"span02","children":"Money"},"sportsToggle":null,"bingShoppingToggle":{"id":"bt","statusMessageId":"span01","selectedMessage":"On","unselectedMessage":"Off","children":"Shopping"},"pageDisplaySettingsHeading":{"children":"Page display settings"},"sdCardSectionHeading":{"children":"Information cards"},"cancel":{"children":"Cancel"},"reset":{"children":"Reset to default settings"},"dhpHideNewsFeed":{"children":"Hide my news feed"},"hideHomepageImage":{"children":"Hide homepage image"},"resetCancelButton":{"children":"Cancel"},"toggleOffText":"Off","toggleOnText":"On"}},"ShowFeed/default":{"properties":{"useDhpSettings":false,"showMyFeedButtonProps":{"children":"SHOW TOP SITES AND MY FEED"},"showTopSitesButtonProps":{"children":"SHOW TOP SITES"},"localizedStrings":{"showMyFeedButtonOnly":"SHOW MY FEED","showMyFeedButton":"SHOW TOP SITES AND MY FEED","showTopSitesButton":"SHOW TOP SITES"}}},"OneFooter/default":{"properties":{"footer_copyright":{"itemType":"copyright","position":"left","children":""},"footer_privacy":{"children":"Privacy \u0026 Cookies","itemType":"link","href":"http://go.microsoft.com/fwlink/?LinkId=521839","position":"left"},"footer_cookie_consent":{"itemType":"link","children":"Manage Prefrences","href":"javascript:void(0)","position":"right","enableBoldText":false,"isCookieConsentLink":true},"footer_legal":{"children":"Terms of use","itemType":"link","href":"http://go.microsoft.com/fwlink/?LinkID=246338","position":"left"},"footer_advertise":{"children":"Advertise","itemType":"link","href":"http://go.microsoft.com/fwlink/?LinkID=2003950","position":"left"},"loadTimeout":500,"localizedStrings":{"privacy":"Privacy \u0026 Cookies","legal":"Terms of use","advertise":"Advertise","seeMoreAria":"See more","aboutOurAds":"About our Ads","help":"Help","newsletter":"Newsletter","msnWorldwide":"MSN Worldwide","msnBlog":"MSN Blog","aboutUs":"About Us","healthDisclaimer":"Disclaimer","aboutHealth":"About Health","moneyDataProviders":"Data Providers","weatherDataProviders":"Data Providers","msnEntertainment":"MSN Entertainment","msnTV":"MSN TV","msnMovies":"MSN Movies","msnMusic":"MSN Music","twitterFollowButtonAltText":"Follow @MSN on Twitter","facebookLikeButtonAltText":"Like MSN\u0027s page on Facebook","appleAppStoreBadgeAltText":"Download on the App store","googlePlayBadgeAltText":"Get it on Google Play"}}},"FeedbackLink/default":{"properties":{"loadTimeout":5000,"feedbackType":"Link","positionOverride":{"bottom":26},"removeBottomOverrideOnScroll":true,"anchorText":"Feedback","destination":"Windows-feedback://?contextid=509"}},"CardAction/default":{"properties":{"availableActions":["share","like","dislike","mute"],"shareSocialMedia":["linkedin","facebook","twitter","skype","whatsapp","email"],"showFewerToastText":{"children":"You\u0027ll see fewer stories like this."},"showMoreToastText":{"children":"You\u0027ll see more stories like this."},"openToastText":{"children":"Open"},"storySavedToastText":{"children":"Story saved"},"storiesHiddenToastText":{"children":"Stories are hidden"},"storyHiddenToastText":{"children":"Story is hidden"},"interestPivotInfo":{"pivotId":"oneriver.editinterests","displayName":"Personalize","configIndexRef":{"instanceId":"","configRef":{"experienceType":"InterestsV2","instanceSrc":"default"}}},"cardMenuProps":{"cardActionMenuItemShare":{"children":"Share"},"cardActionMenuItemSave":{"children":"Save for later"},"cardActionMenuItemLike":{"children":"Like"},"cardActionMenuItemDislike":{"children":"Dislike"},"cardActionMenuItemHide":{"children":"Hide this story"},"cardActionMenuItemMute":{"children":"Hide stories from {provider}"},"cardActionMenuItemUndoSave":{"children":"Undo Save"},"cardActionMenuItemUndoLike":{"children":"Undo Like"},"cardActionMenuItemUndoDislike":{"children":"Undo Dislike"},"cardActionMenuItemAdChoice":{"children":"Why am I seeing this ad?"},"cardActionMenuItemReportArticle":{"children":"Report an issue"},"cardActionMenuItemReport":{"children":"Report"},"cardActionMenuItemCancel":{"children":"Cancel"},"cardActionMenuItemShowFewer":{"children":"Fewer stories like this"},"cardActionMenuItemUndoShowFewer":{"children":"Undo fewer stories like this"},"cardActionMenuItemShowMore":{"children":"More stories like this"},"cardActionMenuItemUndoShowMore":{"children":"Undo more stories like this"},"cardActionMenuItemAdChoiceUrl":{"children":"https://account.microsoft.com/privacy/ad-settings"},"cardActionMenuItemManageInterests":{"children":"Manage interests"}},"muteDialogProps":{"muteDialogHeaderText":{"children":"Hide stories from {provider}"},"muteDialogButtonConfirmText":{"children":"Hide"},"muteDialogButtonConfirmAriaLabel":{"children":"Confirm hiding stories from selected provider"},"muteDialogButtonCancelText":{"children":"Cancel"},"muteDialogButtonCancelAriaLabel":{"children":"Cancel mute action"},"muteDialogRefreshBodyMessage":{"children":"We’ll hide all stories from {provider} and refresh your feed. If you decide you want them to show up again, visit {unmute_page} to change settings."},"muteDialogDefaultProviderName":{"children":"selected publisher"},"muteDialogUnmuteLinkText":{"children":"Personalize"},"muteToastBodyText":{"children":"Stories from {bold} have been hidden {personalize}"},"muteToastButtonText":{"children":"MANAGE"},"unmuteLinkTextTitle":{"children":"You can find personalize link in one of the headlines options on the current page."}},"saveStoryToastProps":{"saveStoryToastText":{"children":"Story saved in {personalize}"},"saveStoryToastPersonalizeText":{"children":"Personalize"}},"showMoreFewerToastProps":{"showFewerToastText":{"children":"You\u0027ll see fewer stories like this."},"showMoreToastText":{"children":"You\u0027ll see more stories like this."},"showMoreFewerUndoButtonText":{"children":"Undo"}},"toastCloseButtonTitle":"Close dialog","shareDialogLocalizedProps":{"emailBodyText":"I thought you would be interested in this story I found on MSN: {0} - {1}","shareDialogTitleText":"Share","shareDialogCloseButtonText":"Close Dialog","shareDialogCopyButtonText":"Copy","shareDialogCopyButtonAriaLabelText":"Copy link to clipboard","shareDialogCopiedButtonText":"Link Copied","shareDialogCopiedButtonAriaLabelText":"Link copied to clipboard","socialMediaEmailLabelConfigOverride":"Mail","socialMediaLinkedInLabelConfigOverride":"LinkedIn","socialMediaFacebookLabelConfigOverride":"Facebook","socialMediaTwitterLabelConfigOverride":"Twitter","socialMediaSkypeLabelConfigOverride":"Skype","socialMediaWhatsAppLabelConfigOverride":"WhatsApp","socialMediaEmailAriaLabelConfigOverride":"Share via {0}","socialMediaIconsAriaLabelConfigOverride":"Share on {0}"},"reportDialogProps":{"reportDialogHeaderText":{"children":"What was wrong with that ad?"},"reportDialogSubmitText":{"children":"Send"},"reportDialogButtonCancelText":{"children":"Cancel"},"reportDialogMisleadingText":{"children":"Misleading"},"reportDialogInappropriateText":{"children":"Inappropriate"},"reportDialogBadImageText":{"children":"Bad Image"},"reportDialogOtherText":{"children":"Other"},"reportThankYouDialogBodyText":{"children":"Thank you for your input!"},"reportThankYouDialogCloseButtonText":{"children":"Okay"},"reportDialogSubmitAriaLabel":{"children":"Confirm reporting the select ad"},"reportDialogButtonCancelAriaLabel":{"children":"Cancel report action"},"reportThankYouDialogCloseButtonAriaLabel":{"children":"Close the thank you dialog"}},"cardActionStatusMessages":{"LikeCard":"Liked","UnlikeCard":"Unliked","DislikeCard":"Disliked","UndislikeCard":"Undisliked","SaveCard":"Saved","UnsaveCard":"Unsaved","ShowMoreLikeThisCard":"Showing more like this","UnshowMoreLikeThisCard":"Undo showing more like this","ShowFewerLikeThisCard":"Showing fewer like this","UnshowFewerLikeThisCard":"Undo showing fewer like this"},"reportArticleDialogProps":{"reportArticleDialogHeaderText":{"children":"Report an issue"},"reportArticleDialogSubmitAriaLabel":{"children":"Confirm reporting the selected article"},"reportArticleDialogOffensiveOrAdultText":{"children":"Not relevant to me"},"reportArticleDialogInaccurateOrMisleadingText":{"children":"Image Quality"},"reportArticleDialogOutdatedText":{"children":"Misleading title"},"reportArticleDialogDuplicateText":{"children":"Outdated article"},"reportArticleDialogDisplayIssueText":{"children":"Duplicate article"},"reportArticleDialogOtherText":{"children":"Offensive"},"reportArticleDialogFeedbackText":"Enter your feedback here. Remember not to include personal info like phone numbers.","reportArticleDialogFeedbackDisclaimerText":"By pressing Send, your feedback will be used to improve Microsoft products and services.","reportArticleDialogPrivacyStatementLinkText":"Microsoft Privacy Statement"}}},"ExperienceTrackerEdgeData/default":{"properties":{"renderCacheConfig":{"expirationTime":43200000,"forceExpirationTime":518400000}}},"BannerManager/default":{"properties":{"dataConnectors":[{"screenWidth":"Any","children":[{"instanceId":"","configRef":{"experienceType":"IrisData","instanceSrc":"default"}}]}],"children":[{"childExperienceConfigInfo":{"instanceId":"ConditionalBanner","configRef":{"experienceType":"ConditionalBanner","instanceSrc":"default"}},"metadata":{"priority":1,"height":"48px"}}]}},"BingWebSSO/default":{"properties":{}},"UserProfileDisplay/default":{"properties":{"changeAccountSettings":"Change account settings"}},"SearchBoxEdge/default":{"properties":{"searchExperienceProps":{"buttonContainer":{"borderRadiusInPx":5},"form":{"shadowEnabled":true,"borderColor":"#9f9f9f","borderRadius":6,"boxShadow":"0 .03rem .09rem rgba(0,0,0,0.12), 0 .16rem .36rem rgba(0,0,0,0.12)","boxShadowOnHover":"0 0 .38rem rgba(0,0,0,0.11), 0 .38rem .72rem rgba(0,0,0,0.13)","focusEnabled":false,"height":46},"searchComponentProps":{"action":"https://www.bing.com/search?scope=web","target":"_self","input":{"name":"q","placeholder":{"children":"Search the web"},"ariaLabel":{"children":"Search:"},"title":"Enter your search term"},"formParameters":[{"name":"form","value":"EDGSPH"},{"name":"refig","value":""},{"name":"mkt","value":""},{"name":"msnews","value":"1"}],"button":{"title":"web search"}},"autoSuggest":{"delayBind":2,"cookieSharingDelay":1,"partnerEndpoint":"msnedgentp","enableNewSnrUrl":false,"disableSuggestionFetchOnEmpty":false,"useMarketBasedUrl":true},"searchBoxWidth":{"oneColumn":380,"twoColumn":380,"threeColumn":540,"fourColumn":744},"button":{"logoEnabled":true,"color":"#fff","backgroundColor":"#0078D7","opacity":0.92,"fontSizeInPx":15,"logoHeight":25,"logoWidth":25,"width":70,"buttonText":{"children":"web search"}},"searchOpenInNewWindow":false,"searchLogoEnabled":false,"searchLogoClickEnabled":false,"cookieBannerEnabled":false,"keyPressCaptureEnabled":true,"searchLogoIconSvgPath":"M20,19.3c0,0.2-0.1,0.3-0.2,0.5S19.6,20,19.4,20c-0.2,0-0.3-0.1-0.4-0.2l-7.7-7.7c-0.6,0.5-1.3,0.9-2.1,1.2  s-1.5,0.4-2.3,0.4c-0.6,0-1.2-0.1-1.8-0.2s-1.1-0.4-1.6-0.7s-1-0.7-1.4-1.1s-0.8-0.9-1.1-1.4C0.6,9.8,0.4,9.3,0.2,8.7S0,7.5,0,6.9  C0,6.2,0.1,5.6,0.2,5s0.4-1.1,0.7-1.6S1.6,2.4,2,2s0.9-0.8,1.4-1.1S4.5,0.4,5,0.2S6.2,0,6.9,0c0.6,0,1.2,0.1,1.8,0.2  s1.1,0.4,1.6,0.7s1,0.7,1.4,1.1s0.8,0.9,1.1,1.4s0.5,1.1,0.7,1.6s0.2,1.2,0.2,1.8c0,0.8-0.1,1.6-0.4,2.3s-0.7,1.4-1.2,2.1l0.6,0.6  c0.3,0.3,0.6,0.6,1,1s0.8,0.8,1.3,1.2s0.9,0.9,1.4,1.4s0.9,0.9,1.4,1.4s0.8,0.8,1.2,1.2s0.6,0.7,0.8,0.9S20,19.3,20,19.3z M6.9,12.5  c0.8,0,1.5-0.1,2.2-0.4s1.3-0.7,1.8-1.2s0.9-1.1,1.2-1.8s0.4-1.4,0.4-2.2c0-0.8-0.1-1.5-0.4-2.2s-0.7-1.3-1.2-1.8S9.7,2,9.1,1.7  S7.7,1.3,6.9,1.3c-0.8,0-1.5,0.1-2.2,0.4S3.4,2.4,2.9,2.9S2,4,1.7,4.7S1.3,6.1,1.3,6.9c0,0.8,0.1,1.5,0.4,2.2s0.7,1.3,1.2,1.8  s1.1,0.9,1.8,1.2S6.1,12.5,6.9,12.5z"},"formCodes":{"childMode":"EDGNTK","contentBased":{"bingSearchEngine":{"contenton":"EDNTHT","contentoff":"EDNTHN"},"nonBingSearchEngine":{"contenton":"EDGNB2","contentoff":"EDGNB3"}}}}},"SearchHistoryEdge/default":{"properties":{"formCodes":{"childMode":"EDGNTK","contentAlwaysOn":"","contentOn":"EDGSH3","contentOff":"EDGSH4"},"openItemLinkInNewTab":false,"fontSize":13,"labelColor":"#666","itemColor":"#333","colorWhenHomepageImageEnabled":"#fff","apiEndpoint":"https://www.bing.com/profile/history/data","apiTimeoutInMilliSeconds":15000,"manageHistoryLink":"https://www.bing.com/profile/history","widthInPx":{"threeColumn":540,"fourColumn":744},"searchHistoryLabel":{"children":"Recent Searches: "},"manageHistoryLabel":{"children":"Manage History"},"itemAriaLabel":{"children":"Recent search history result "}}},"TopSitesEdge/default":{"properties":{"curatedTilesToDisplay":2,"curatedSites":[{"background":"#008272","color":"","direction":"ltr","faviconUrl":"cms/api/amp/image/BB1gpoOU","title":"Bing","url":"http://www.bing.com"},{"title":"eBay","url":"https://www.ebay.com/?mkevt=1\u0026mkcid=1\u0026mkrid=711-53200-19255-0\u0026campid=5338586075\u0026customid=enus-edge-ntp-topsites","faviconUrl":"cms/api/amp/image/AAc9vHK","direction":"ltr"},{"title":"Wayfair","url":"https://aka.ms/Wayfair","direction":"ltr","faviconUrl":"cms/api/amp/image/BB14ZYTK"},{"title":"Amazon Assistant","url":"https://www.amazon.com/gp/BIT/ref=bit_v2_msnpage?tagbase=edge1","faviconUrl":"cms/api/amp/image/AAL7wYl","direction":"ltr"},{"title":"QVC","url":"https://aka.ms/QVC","faviconUrl":"cms/api/amp/image/BB14D0jG","direction":"ltr"},{"title":"Disney\u002B","faviconUrl":"cms/api/amp/image/AAKnp1k","url":"https://aka.ms/DisneyPlus","direction":"ltr"},{"title":"Kohl\u0027s","faviconUrl":"cms/api/amp/image/BB1bC1rn","url":"https://aka.ms/Kohls","direction":"ltr"},{"title":"Nordstrom","faviconUrl":"cms/api/amp/image/BB16AOlY","url":"https://aka.ms/Nordstrom","direction":"ltr"},{"title":"The Home Depot","faviconUrl":"cms/api/amp/image/BB15m5ZQ","url":"https://aka.ms/TheHomeDepot","direction":"ltr"},{"title":"Walmart","faviconUrl":"cms/api/amp/image/BB1e1yBn","url":"https://aka.ms/Walmart","direction":"ltr"},{"title":"Zappos","faviconUrl":"cms/api/amp/image/BB18eE6A","url":"https://aka.ms/Zappos","direction":"ltr"},{"direction":"ltr","faviconUrl":"cms/api/amp/image/BB19ZoTS","title":"Washington Post","url":"https://www.washingtonpost.com?utm_campaign=msnpartnership_edge\u0026utm_medium=referral\u0026utm_source=msn.com"},{"background":"#0178B6","color":"","direction":"ltr","faviconUrl":"cms/api/amp/image/AAdTRDX","title":"LinkedIn","url":"http://www.linkedin.com?trk=msn-top"},{"background":"#C6DDF6","color":"","direction":"ltr","faviconUrl":"cms/api/amp/image/AAbzMB2","title":"Reddit","url":"https://reddit.com"},{"background":"#ffffff","color":"#000000","direction":"ltr","faviconUrl":"cms/api/amp/image/AAolg8H","title":"MSN","url":"http://www.msn.com/"},{"background":"#3b589c","color":"#ffffff","direction":"ltr","faviconUrl":"cms/api/amp/image/AAdi7Rz","title":"Facebook","url":"http://facebook.com"},{"background":"#003399","color":"#ffffff","direction":"ltr","faviconUrl":"cms/api/amp/image/BBsrkEx","title":"The Weather Channel","url":"http://weather.com"},{"background":"#ffffff","color":"#ffffff","direction":"ltr","faviconUrl":"cms/api/amp/image/AArPQvT","title":"Spotify","url":"https://www.spotify.com/us/"},{"background":"#66aa33","color":"","direction":"ltr","faviconUrl":"cms/api/amp/image/BBsr65S","title":"Hulu Plus","url":"http://hulu.com"},{"background":"#ffffff","color":"#000000","direction":"ltr","faviconUrl":"cms/api/amp/image/AAcHSdq","title":"Netflix","url":"http://netflix.com/"}],"curatedUrl":"https://assets.msn.com/config/v1/cms/api/amp/document/BBkVxnk","maxTiles":8,"pinningSupported":true,"removeLabel":"Remove","reorderingSupported":false,"addTileSupported":true,"renderPlaceholders":true,"ariaLabel_urlInput":"Add a website dialog – Url input box","pxFromTop":"25px","whiteBackgroundSupported":true,"height":"96px","borderRadius":"4px","topSitesAffiliates":{"amazon.com":"/ref=nosim?tag=msn015-20","kayak.com":"/in?a=msnglobal\u0026url=/flights\u0026encoder=27_1\u0026enc_pid=deeplinks\u0026enc_lid=enus\u0026enc_cid=edge_ntp_topsites_affiliates\u0026utm_source=msnglobal\u0026utm_medium=affiliate\u0026utm_term=rev\u0026utm_campaign=deeplinks\u0026utm_content=enus","ebay.com":"/?mkevt=1\u0026mkcid=1\u0026mkrid=711-53200-19255-0\u0026campid=5338586075\u0026customid=enus-edge-ntp-topsites-affiliates","agoda.com":"/partners/partnersearch.aspx?pcs=1\u0026cid=1836572\u0026hl=en\u0026tag=edge-ntp-topsitesaffiliates","rentalcars.com":"/?affiliatecode=microsoft752\u0026adplat=en_us\u0026adcamp=enus_edge_ntp_topsites_affiliates\u0026preflang=en","momondo.com":"/in?a=msnglobal\u0026url=/flights\u0026encoder=27_1\u0026enc_pid=deeplinks\u0026enc_lid=enus\u0026enc_cid=edge_ntp_topsites_affiliates\u0026utm_source=msnglobal\u0026utm_medium=affiliate\u0026utm_term=rev\u0026utm_campaign=deeplinks\u0026utm_content=enus","cheapflights.com":"/in?a=msnglobal\u0026url=/flights\u0026encoder=27_1\u0026enc_pid=deeplinks\u0026enc_lid=enus\u0026enc_cid=edge_ntp_topsites_affiliates\u0026utm_source=msnglobal\u0026utm_medium=affiliate\u0026utm_term=rev\u0026utm_campaign=deeplinks\u0026utm_content=enus","fubo.tv":"/?irad=366904\u0026irmp=2022797"},"addDialogHeadingText":"Add a website","addText":"Add","ariaLabel_addTile":"Add a site","ariaLabel_addUrlInput":"Add a website dialog – Url input box","cancelText":"Cancel","closeButtonText":"Close","pinText":"Pin this site","removeText":"Remove this site","upinText":"Unpin this site","urlText":"URL:"}},"BreakingNews/default":{"properties":{"layout":{"headline":{"size":"6","tag":"span"},"headlineLead":{"size":"6","tag":"span"},"backgroundColor":"rgb(209, 52, 56)","textColor":"#FFF","center":"true","wrapHeadline":"true","leadFontWeight":"800","uppercaseLead":"true","margin":"0 0 12px 0"},"documentName":"breaking-news","contentId":"AA157JY"}},"PivotsNav/default":{"properties":{"fontSize":"t6","overflowHandlingMode":"Menu","defaultPivot":["oneriver.myfeed"],"staticPivots":[{"displayKey":"myFeed","pivotId":"oneriver.myfeed","telemetryPageName":"default","configIndexRef":{"instanceId":"","configRef":{"experienceType":"River","instanceSrc":"default"}}},{"displayKey":"personalize","pivotId":"oneriver.editinterests","targetId":"PersonalizeButton","telemetryPageName":"cinterests","newsIconName":"Pencil","configIndexRef":{"instanceId":"","configRef":{"experienceType":"InterestsV2","instanceSrc":"default"}}},{"displayKey":"Coronavirus","pivotId":"msn.coronavirus","configIndexHref":"","externalTargetUrl":{"href":"https://www.msn.com/en-us/news/coronavirus","openInNewTab":false}}],"dynamicPivots":{"telemetryPageName":"xfeed","defaultList":[{"display":"News","context":{"feedId":"Y_9eb0ac10-32bc-43cf-816e-5beaaf524f7a"}},{"display":"Entertainment","context":{"feedId":"Y_414a7c40-a373-4025-b4ce-e9502e9e17ed"}},{"display":"Sports","context":{"feedId":"Y_b09e3e40-000d-454d-87ef-96631d7c9e7c"}},{"display":"Money","context":{"feedId":"Y_f714b6e2-e9db-41d0-9b5f-b2e0a52f85da"}},{"display":"Lifestyle","context":{"feedId":"Y_99096e96-6d4f-401c-832b-461e08143a5a"}},{"display":"Health","context":{"feedId":"Y_39162ebb-61d9-4c26-8520-a66d3a51da5b"}},{"display":"Food \u0026 Drink","context":{"feedId":"Y_aae602ed-e842-4fef-819c-88c6d23b95da"}},{"display":"Travel","context":{"feedId":"Y_d5d7002e-3d1e-453e-8b3a-cc05502992dc"}},{"display":"Autos","context":{"feedId":"Y_67f5f95c-e834-4429-8b6a-2d6c348d0726"}},{"display":"Video","context":{"feedId":"Y_5abbb9ed-c7f6-46ef-9694-5bcd3aa68599"}},{"display":"Politics","context":{"feedId":"Y_bced654c-7e2e-4c63-acb4-f3b3b89bd4e3"}},{"display":"Good News","context":{"feedId":"Y_8ea5642c-e95d-4175-97df-36bc505aa12c"}}],"configIndexRef":{"instanceId":"","configRef":{"experienceType":"Xfeed","instanceSrc":"default"}}},"dataConnectors":[{"screenWidth":"Any","children":[{"instanceId":"","configRef":{"experienceType":"TopicData","instanceSrc":"default"}}]}],"usePageSettingsData":true,"selectedUnderlineColor":"#000000","dynamicPivotsSource":"TopicsDataAdapter","delayLoadDynamicPivots":true,"localizedStrings":{"eSports":"eSports","rootAriaLabel":"Site Navigation","myFeed":"My Feed","personalize":"Personalize","overflowButtonTooltip":"See more topics","navigationDescription":"More categories","hoverFeedAriaHelpText":"Press enter to see the full feed, or up or down for the top stories","office365":"Office 365","esports":"esports","money":"Money","markets":"Markets","stocks":"stocks"}}},"NotificationBell/default":{"properties":{"dialogZIndex":901,"settingsTextProps":{"saveButtonProps":{"size":8,"tag":"span"},"cancelButtonProps":{"size":8,"tag":"span"},"breakingNewsTitleProps":{"size":7,"tag":"span"},"breakingNewsDescriptionProps":{"size":8,"tag":"span"},"topStoriesTitleProps":{"size":7,"tag":"span"},"topStoriesDescriptionProps":{"size":8,"tag":"span"},"desktopNotificationsDescriptionProps":{"size":8,"tag":"span"},"desktopNotificationsBlockedProps":{"size":8,"tag":"span"},"desktopNotificationsTitleProps":{"size":7,"tag":"span"},"notificationTypeSelectionSectionDescriptionProps":{"size":8,"tag":"span"}},"notificationHeaderLayout":{"settingsButtonProps":{"size":8,"tag":"span"},"notificationsTitleProps":{"size":6,"tag":"span"}},"newsItemLayout":{"type":{"size":8,"tag":"span"},"headline":{"size":7,"tag":"span"},"attribution":{"size":8,"tag":"span"},"timestamp":{"size":8,"tag":"span"}},"dialogText":{"upToDate":{"headline":{"size":4,"tag":"p"},"description":{"size":7,"tag":"p"}},"errorState":{"headline":{"size":4,"tag":"p"},"description":{"size":7,"tag":"p"}},"notificationOff":{"headline":{"size":4,"tag":"p"},"description":{"size":7,"tag":"p"}}},"localizedStrings":{"saveButtonText":"Save","cancelButtonText":"Cancel","settingsButton":"Settings","notificationsTitle":"Notifications","breakingNewsHeader":"Breaking News","breakingNewsDescription":"Show major news events","desktopNotificationsBlocked":"To turn this on, you may need to update your browser\u0027s notifications settings.","enableDesktopNotificationsToggleHeader":"Desktop notification","enableDesktopNotificationsToggleDescription":"Get news alerts on your desktop","notificationTypeSelectionSectionDescription":"Choose the news alerts you\u0027d like to get.","topStoriesHeader":"Top Stories","topStoriesDescription":"Show general news headlines and interesting reads","onToggleText":"On","offToggleText":"Off","breakingNews":"Breaking news","dailyBrief":"Daily brief","topStory":"Top stories","upToDate":"You\u0027re up to date!","upToDateDescription":"You’ve seen all recent notifications. Check back later for more articles.","error":"We can\u0027t seem to find Notifications","errorDescription":"Try refreshing the page or check back later for more articles.","new":"new","earlier":"earlier","pushPromotionalBannerMessage":"Get news alerts on your desktop","pushPromotionalBannerButtonText":"Notify me","unreadNotification":"{0} unread notifications","socialRepliesHeader":"Replies","socialRepliesDescription":"Find out when someone replies to your comments","socialReactionsHeader":"Reactions","socialReactionsDescription":"Get notified when someone reacts to your comments","socialFollowersHeader":"Followers","socialFollowersDescription":"Get notified when someone follows your profile","socialAchievementsHeader":"Achievements","socialAchievementsDescription":"Find out when you earn a badge","socialAlertsHeader":"Alerts","socialAlertsDescription":"Get notified if there\u0027s a report related to your activity","socialReplies":"Community - Replies","socialReactions":"Community - Reactions","socialFollowers":"Community - Followers","socialAchievements":"Community - Achievements","socialAlerts":"Community - Alerts"}}},"PoweredbyLegend/default":{"properties":{"poweredBy":{"size":"7","children":"powered by"},"provider":{"size":"6","children":"Microsoft News"},"reverseOrder":false,"poweredByWrap":{"children":""}}},"MarketSelector/default":{"properties":{"usePageSettingsData":true,"changeMarketText":{"tag":"span","size":5,"children":"Language \u0026 content:"},"markets":[{"id":"ar-ae","value":"ar-ae","displayString":"الإمارات العربية المتحدة (العربية)","direction":"rtl"},{"id":"ar-eg","value":"ar-eg","displayString":"مصر (العربية)","direction":"rtl"},{"id":"ar-sa","value":"ar-sa","displayString":"المملكة العربية السعودية (العربية)","direction":"rtl"},{"id":"bn-in","value":"bn-in","displayString":"India (বাংলা)","direction":"ltr"},{"id":"cs-cz","value":"cs-cz","displayString":"Česká republika (čeština)","direction":"ltr"},{"id":"da-dk","value":"da-dk","displayString":"Danmark (Dansk)","direction":"ltr"},{"id":"de-at","value":"de-at","displayString":"Österreich (Deutsch)","direction":"ltr"},{"id":"de-ch","value":"de-ch","displayString":"Schweiz (Deutsch)","direction":"ltr"},{"id":"de-de","value":"de-de","displayString":"Deutschland (Deutsch)","direction":"ltr"},{"id":"el-gr","value":"el-gr","displayString":"Ελλάδα (ελληνικά)","direction":"ltr"},{"id":"en-ae","value":"en-ae","displayString":"United Arab Emirates (English)","direction":"ltr"},{"id":"en-au","value":"en-au","displayString":"Australia (English)","direction":"ltr"},{"id":"en-ca","value":"en-ca","displayString":"Canada (English)","direction":"ltr"},{"id":"en-gb","value":"en-gb","displayString":"United Kingdom (English)","direction":"ltr"},{"id":"en-ie","value":"en-ie","displayString":"Ireland (English)","direction":"ltr"},{"id":"en-in","value":"en-in","displayString":"India (English)","direction":"ltr"},{"id":"en-my","value":"en-my","displayString":"Malaysia (English)","direction":"ltr"},{"id":"en-nz","value":"en-nz","displayString":"New Zealand (English)","direction":"ltr"},{"id":"en-ph","value":"en-ph","displayString":"Philippines (English)","direction":"ltr"},{"id":"en-sg","value":"en-sg","displayString":"Singapore (English)","direction":"ltr"},{"id":"en-us","value":"en-us","displayString":"United States (English)","direction":"ltr"},{"id":"en-xl","value":"en-xl","displayString":"International Edition (English)","direction":"ltr"},{"id":"en-za","value":"en-za","displayString":"South Africa (English)","direction":"ltr"},{"id":"es-ar","value":"es-ar","displayString":"Argentina (español)","direction":"ltr"},{"id":"es-cl","value":"es-cl","displayString":"Chile (español)","direction":"ltr"},{"id":"es-co","value":"es-co","displayString":"Colombia (español)","direction":"ltr"},{"id":"es-es","value":"es-es","displayString":"España (español)","direction":"ltr"},{"id":"es-mx","value":"es-mx","displayString":"México (español)","direction":"ltr"},{"id":"es-pe","value":"es-pe","displayString":"Perú (español)","direction":"ltr"},{"id":"es-us","value":"es-us","displayString":"United States (español)","direction":"ltr"},{"id":"es-ve","value":"es-ve","displayString":"Venezuela (español)","direction":"ltr"},{"id":"es-xl","value":"es-xl","displayString":"América Latina (español)","direction":"ltr"},{"id":"fi-fi","value":"fi-fi","displayString":"Suomi (suomi)","direction":"ltr"},{"id":"fr-be","value":"fr-be","displayString":"Belgique (français)","direction":"ltr"},{"id":"fr-ca","value":"fr-ca","displayString":"Canada (français)","direction":"ltr"},{"id":"fr-ch","value":"fr-ch","displayString":"Suisse (français)","direction":"ltr"},{"id":"fr-fr","value":"fr-fr","displayString":"France (français)","direction":"ltr"},{"id":"fr-xl","value":"fr-xl","displayString":"Afrique Francophone (français)","direction":"ltr"},{"id":"he-il","value":"he-il","displayString":"ישראל (עברית)","direction":"rtl"},{"id":"hi-in","value":"hi-in","displayString":"India (हिंदी)","direction":"ltr"},{"id":"hu-hu","value":"hu-hu","displayString":"Magyarország (magyar)","direction":"ltr"},{"id":"id-id","value":"id-id","displayString":"Indonesia (Bahasa Indonesia)","direction":"ltr"},{"id":"it-it","value":"it-it","displayString":"Italia (italiano)","direction":"ltr"},{"id":"ja-jp","value":"ja-jp","displayString":"日本 (日本語)","direction":"ltr"},{"id":"ko-kr","value":"ko-kr","displayString":"한국 (한국어)","direction":"ltr"},{"id":"mr-in","value":"mr-in","displayString":"India (मराठी)","direction":"ltr"},{"id":"nb-no","value":"nb-no","displayString":"Norge (norsk, bokmål)","direction":"ltr"},{"id":"nl-be","value":"nl-be","displayString":"België (Nederlands)","direction":"ltr"},{"id":"nl-nl","value":"nl-nl","displayString":"Nederland (Nederlands)","direction":"ltr"},{"id":"pl-pl","value":"pl-pl","displayString":"Polska (polski)","direction":"ltr"},{"id":"pt-br","value":"pt-br","displayString":"Brasil (português)","direction":"ltr"},{"id":"pt-pt","value":"pt-pt","displayString":"Portugal (Português)","direction":"ltr"},{"id":"ru-ru","value":"ru-ru","displayString":"Россия (Pусский)","direction":"ltr"},{"id":"sv-se","value":"sv-se","displayString":"Sverige (svenska)","direction":"ltr"},{"id":"te-in","value":"te-in","displayString":"India (తెలుగు)","direction":"ltr"},{"id":"th-th","value":"th-th","displayString":"ไทย (ไทย)","direction":"ltr"},{"id":"tr-tr","value":"tr-tr","displayString":"Türkiye (Türkçe)","direction":"ltr"},{"id":"vi-vn","value":"vi-vn","displayString":"Việt Nam (Tiếng Việt)","direction":"ltr"},{"id":"zh-cn","value":"zh-cn","displayString":"中华人民共和国 (简体中文)","direction":"ltr"},{"id":"zh-hk","value":"zh-hk","displayString":"香港特别行政區 (繁體中文)","direction":"ltr"},{"id":"zh-tw","value":"zh-tw","displayString":"台灣 (繁體中文)","direction":"ltr"}]}},"InterestsV2/default":{"properties":{"topicListRenderCount":3,"topicListInitialRenderTimeout":1000,"followedInterestsSectionId":"followed-interests-section","mutedPublishersSectionId":"muted-publishers-section","mutedPublisherPlaceholderImageUrl":"https://img-s-msn-com.akamaized.net/tenant/amp/entityid/BBXk7XV.img","errorMessage":{"size":5,"tag":"p"},"errorMessageHeading":{"size":3,"tag":"p"},"topicListSectionTitleTag":"h5","topicListSectionTitleSize":5,"mutedPublisherSectionHeader":{"size":5,"tag":"h5"},"unMuteActionButton":{"children":"Show stories"},"confirmationHeading":{"size":7,"tag":"h6"},"confirmationMessage":{"tag":"p","size":7},"dialogConfirmButton":{"children":"Confirm"},"dialogCancelButton":{"children":"Cancel"},"publisherTitle":{"tag":"h3","size":6},"publisherActionDateLabel":{"tag":"h4","size":8},"mutedPublisherEmptyListMessage":{"tag":"h4","size":8},"backHeaderText":{"tag":"span"},"iconsMapping":{"My Interests":"myinterests","News":"news","Entertainment":"entertainmentlogolegacy","Sports":"sports","Business":"business","Your Money":"yourmoney","Lifestyle":"lifestyle","Fashion \u0026 Beauty":"fashionbeauty","Health":"health","Food":"food","Autos":"autos","Home \u0026 Garden":"homegarden","Self":"self","Video":"video","Local":"local","Hidden Publishers":"hiddenpublishers","Around the World":"globewestlegacy","World":"globewestlegacy","World News":"globewestlegacy","Lifestyle \u0026 Travel":"lifestyle","Travel":"suitcase","UK News (Beta)":"local","Australia News":"local","Movies":"entertainment","Sport":"sports","More Sport":"sports","Soccer":"soccerball","Football":"soccerball","Premier League":"soccerball","Premier League Teams":"soccerball","Rugby":"sports","Food and Drink":"food","Food \u0026 Drink":"food","Family and Relationships":"society","Food and Health":"health","Videos":"video","Technology and Science":"horoscope","Technology":"horoscope","Fashion and Beauty":"fashionbeauty","Motoring":"autos","Cars":"autos","Wellbeing":"society","Africa":"globewestlegacy","Asia":"globewestlegacy","Europe":"globewestlegacy","Middle East":"globewestlegacy","Australasia":"globewestlegacy","Latin America":"globewestlegacy","North America":"globewestlegacy","Saved Stories":"savedstories","Stocks":"yourmoney","Finance":"yourmoney","Money":"yourmoney","Personal Finance":"yourmoney","Information cards":"informationcards"},"resetFollowedInterestsActionText":{"tag":"span"},"followedInterestsEmptyListMessage":{"size":7,"tag":"span"},"sectionLoadingMessage":{"tag":"h4","size":8},"enablePublishersExperience":true,"stickyAnchorId":"c_piv","stickyHeaderHeightPx":153,"enableTopicCardWithSeparator":true,"xfeedConfigIndexRef":{"instanceId":"","configRef":{"experienceType":"Xfeed","instanceSrc":"default"}},"localizedStrings":{"contentLinkFormatText":"Go to {0}","errorMessage":"Don\u0027t worry, this won\u0027t last long! Try coming back in a few minutes or try refreshing the page.","errorMessageHeading":"Our Service is temporarily down","followFormatText":"{0} not followed. Click to follow.","followFormatAriaLabel":"Follow {0} interest","followedTopicsListSectionTitle":"My Interests","unfollowFormatText":"{0} followed. Click to unfollow.","unfollowFormatAriaLabel":"Unfollow {0} interest","sideNavigationTitle":"Interests","mutedPublisherSectionHeader":"Hidden Publishers","unMuteActionButtonText":"Show stories","unMuteActionButtonAriaLabel":"Show stories Button","mutedActionText":"Hidden","unMutePublisherDialogMessageTemplate":"We\u0027ll show all stories from ${publisher}. If you decide you want them to be hidden again, you can hide it from the card menu","unMutePublisherDialogHeaderTemplate":"Show stories from ${publisher}","dialogConfirmButtonText":"Confirm","dialogConfirmButtonAriaLabel":"Confirm Button","dialogCancelButtonText":"Cancel","dialogCancelButtonAriaLabel":"Cancel Button","dialogCloseButtonAriaLabel":"Close Dialog Button","mutedPublisherEmptyListMessage":"No muted publishers","backHeaderText":"Back to News Feed","moreOptionsAriaLabel":"More Options","followedInterestsEmptyListMessage":"You\u0027ve unfollowed all interests, so default interests from Microsoft News will be shown in your feed. To see a more personalized feed, add interests (\u002B) below.","resetFollowedInterestsActionText":"Restore default interests","sectionLoadingMessage":"Loading...","informationCardHeader":"Information cards","weather":"Weather","weatherForecast":"See weather forecast based on the chosen location","horoscope":"Horoscope","horoscopeDetail":"See your daily horoscope forecast","onThisDay":"On this Day in History","onThisDayDetail":"See the events that happened in the past on this day","elections":"Elections","electionsDetail":"See the latest elections news","esports":"Esports","esportsDetail":"See the latest scores of your favorite esports games","lottery":"Lottery","lotteryDetail":"See the latest Lottery information","qna":"Q\u0026A","qnaDetail":"See the latest and interesting Q\u0026A","money":"Money","moneyDetail":"Monitor chosen stock changes in real time","sports":"Sports","sportsUpdate":"See the latest scores of your favourite teams","shopping":"Shopping","shoppingOffers":"Find deals and discover trending products ","informationCardEmptyListMessage":"No information cards available","interestsSearchPlaceholder":"Search for interests","interestsSearchInputAriaLabel":"Search for additional interests","recommendedTopicsListSectionTitle":"Recommended for you","toastCloseButtonTitle":"Close dialog","toastErrorMessage":"We can\u0027t update your feed right now. Please try again later.","toastFollowSuccessMessage":"Great! You are now following {bold}.","toastFollowSageSuccessMessage":"You\u0027re now following\u202F{bold}. Click the {bold} tab to see the latest stories.","toastUnfollowSuccessMessage":"Unfollowed {bold}. Refresh page to see updated feed.","toastUnfollowSageSuccessMessage":"You\u0027re no longer following {bold}.","readStoriesEmptyListMessage":"Stories you’ve read in the last 48 hours will show up here","readStoriesSectionHeader":"Reading History","savedStoriesEmptyListMessage":"No saved stories","savedStoriesSectionHeader":"Saved Stories","followedInterestsSectionInfoText":"These interests are currently populating your feed.","followedSageInterestsSectionInfoText":"These topics will appear as sections. They do not influence My Feed.","explicitlyFollowedInterestsSectionEmptyListInfoText":"Welcome to your Personalization Hub. When you follow a topic it will appear here after page refresh. You\u0027ll also see more related stories in \u0022My Feed\u0022.","readingHistorySectionInfoText":"Stories you’ve read in the last 48 hours","mobileMenuButtonOpenAriaLabel":"Open Menu Button","mobileMenuButtonCloseAriaLabel":"Close Menu Button","layoutChoicesHeader":"Layout Choices","riverLayoutDisplayName":"Feed","riverLayoutDescription":"A personalized mix of the most recent news from different categories","stripeLayoutDisplayName":"Grouped","stripeLayoutDescription":"Your personalized news organized by category","discoverTopicsListSectionTitle":"Discover Interests","seeAllButtonText":"See all","workTopicsListSectionTitle":"My Work Topics","workTopicsListSectionInfoText":"News generated based on your work account."}}},"IrisData/default":{"properties":{"disableIrisCalls":false,"enableCaching":true,"frequency":1,"frequencyInterval":30,"frequencyIntervalBetweenCreatives":7,"storageCachingExpiration":1,"subscribers":{"ConditionalBanner":{"creativeCount":"1","performValidation":true,"active":true}}}},"ConditionalBanner/default":{"properties":{"autoDismissTimeoutSeconds":60}},"River/default":{"properties":{"dataConnectors":[{"screenWidth":"Any","children":[{"instanceId":"","configRef":{"experienceType":"PlacementManager","instanceSrc":"default"}}]}],"childExperienceMap":{"ContentPreview":{"instanceId":"ContentPreview","configRef":{"experienceType":"ContentPreview","instanceSrc":"default"}},"Infopane":{"instanceId":"Infopane","configRef":{"experienceType":"Infopane","instanceSrc":"default"}},"SpotlightPreview":{"instanceId":"SpotlightPreview","configRef":{"experienceType":"SpotlightPreview","instanceSrc":"default"}},"ExternalContentPreview":{"instanceId":"ExternalContentPreview","configRef":{"experienceType":"ExternalContentPreview","instanceSrc":"default"}}},"cardProviderName":"OneService","cardProviderConfig":{"initialRequest":{"complexInfopaneEnabled":true,"count":35,"feedName":"default","ocid":"spartan-ntp-feeds","start":0,"timeoutMs":1000,"infopaneItemCount":26,"contentType":"article,video,slideshow,content360,link","preloadRiverContentItemsInWebWorker":4,"useNextPageUrl":true,"disableFlatViewResponse":true}},"useMediaBreakpointManager":true,"disableAbstractCards":false,"disableBreakpointTracking":false,"gutterSize":24,"paginationSentinelPostionFromBottom":500,"paginationSentinelPositionFromBottom":500,"visualReadinessCounter":1,"onVisuallyReadyTimeoutMs":10000,"isMyFeed":true,"disableWaitForWebWorkerResponse":true,"childExpValidatorMap":{"edgeWeatherValidator":{"sectionName":"riverGridChildren","childExperienceConfigInfo":{"instanceId":"weatherplaceholder","configRef":{"experienceType":"RiverPlaceholder","instanceSrc":"index_weather_card-BBY0tPc"}}},"edgeMoneyValidator":{"sectionName":"riverGridChildren","childExperienceConfigInfo":{"instanceId":"moneyplaceholder","configRef":{"experienceType":"RiverPlaceholder","instanceSrc":"index_money_card-BBY0tPa"}}},"edgeBingShoppingValidator":{"sectionName":"riverGridChildren","childExperienceConfigInfo":{"instanceId":"bingminishoppingplaceholder","configRef":{"experienceType":"RiverPlaceholder","instanceSrc":"index_RiverPlaceholder_BingMiniShopping-BB14MdTh"}}}},"riverGridChildren":[{"screenWidth":"FourColumn","children":[{"childExperienceConfigInfo":{"instanceId":"aboveweathercard","configRef":{"experienceType":"RiverPlaceholder","instanceSrc":"index_AboveWeatherPlaceholder-BB15xBHx"}},"arrangement":{"column":4,"ordinalPosition":1}},{"arrangement":{"column":4},"childExperienceConfigInfo":{"instanceId":"weatherplaceholder","configRef":{"experienceType":"RiverPlaceholder","instanceSrc":"index_weather_card-BBY0tPc"}}},{"arrangement":{"column":4},"childExperienceConfigInfo":{"instanceId":"trendingNowplaceholder","configRef":{"experienceType":"RiverPlaceholder","instanceSrc":"index_trending_now-BB13kVNs"}}},{"arrangement":{"column":4},"childExperienceConfigInfo":{"instanceId":"bingminishoppingplaceholder","configRef":{"experienceType":"RiverPlaceholder","instanceSrc":"index_RiverPlaceholder_BingMiniShopping-BB14MdTh"}}},{"arrangement":{"column":4},"childExperienceConfigInfo":{"instanceId":"moneyplaceholder","configRef":{"experienceType":"RiverPlaceholder","instanceSrc":"index_money_card-BBY0tPa"}}}]},{"screenWidth":"ThreeColumn","children":[{"childExperienceConfigInfo":{"instanceId":"aboveweathercard","configRef":{"experienceType":"RiverPlaceholder","instanceSrc":"index_AboveWeatherPlaceholder-BB15xBHx"}},"arrangement":{"column":3,"ordinalPosition":1}},{"arrangement":{"column":3},"childExperienceConfigInfo":{"instanceId":"weatherplaceholder","configRef":{"experienceType":"RiverPlaceholder","instanceSrc":"index_weather_card-BBY0tPc"}}},{"arrangement":{"column":3},"childExperienceConfigInfo":{"instanceId":"trendingNowplaceholder","configRef":{"experienceType":"RiverPlaceholder","instanceSrc":"index_trending_now-BB13kVNs"}}},{"arrangement":{"column":3},"childExperienceConfigInfo":{"instanceId":"bingminishoppingplaceholder","configRef":{"experienceType":"RiverPlaceholder","instanceSrc":"index_RiverPlaceholder_BingMiniShopping-BB14MdTh"}}},{"arrangement":{"column":3},"childExperienceConfigInfo":{"instanceId":"moneyplaceholder","configRef":{"experienceType":"RiverPlaceholder","instanceSrc":"index_money_card-BBY0tPa"}}}]},{"screenWidth":"TwoColumn","children":[{"childExperienceConfigInfo":{"instanceId":"aboveweathercard","configRef":{"experienceType":"RiverPlaceholder","instanceSrc":"index_AboveWeatherPlaceholder-BB15xBHx"}},"arrangement":{"column":2,"ordinalPosition":1}},{"arrangement":{"column":2},"childExperienceConfigInfo":{"instanceId":"weatherplaceholder","configRef":{"experienceType":"RiverPlaceholder","instanceSrc":"index_weather_card-BBY0tPc"}}},{"arrangement":{"column":2},"childExperienceConfigInfo":{"instanceId":"trendingNowplaceholder","configRef":{"experienceType":"RiverPlaceholder","instanceSrc":"index_trending_now-BB13kVNs"}}},{"arrangement":{"column":2},"childExperienceConfigInfo":{"instanceId":"bingminishoppingplaceholder","configRef":{"experienceType":"RiverPlaceholder","instanceSrc":"index_RiverPlaceholder_BingMiniShopping-BB14MdTh"}}},{"arrangement":{"column":2},"childExperienceConfigInfo":{"instanceId":"moneyplaceholder","configRef":{"experienceType":"RiverPlaceholder","instanceSrc":"index_money_card-BBY0tPa"}}}]}],"additionalChildExperiences":[{"screenWidth":"Any","children":[{"arrangement":{"column":4,"startPosition":4},"childExperienceConfigInfo":{"instanceId":"cmsAdPlaceholder1","configRef":{"experienceType":"RiverPlaceholder","instanceSrc":"default"}}},{"arrangement":{"startPosition":6},"childExperienceConfigInfo":{"instanceId":"nativeAdPlaceholder1","configRef":{"experienceType":"RiverPlaceholder","instanceSrc":"index_native_ad-BBXPfvy"}}},{"arrangement":{"startPosition":12},"childExperienceConfigInfo":{"instanceId":"cmsAdPlaceholder2","configRef":{"experienceType":"RiverPlaceholder","instanceSrc":"default"}}},{"arrangement":{"startPosition":18},"childExperienceConfigInfo":{"instanceId":"nativeAdPlaceholder2","configRef":{"experienceType":"RiverPlaceholder","instanceSrc":"index_native_ad-BBXPfvy"}}},{"arrangement":{"startPosition":24},"childExperienceConfigInfo":{"instanceId":"cmsAdPlaceholder3","configRef":{"experienceType":"RiverPlaceholder","instanceSrc":"default"}}},{"arrangement":{"startPosition":30},"childExperienceConfigInfo":{"instanceId":"cmsAdPlaceholder4","configRef":{"experienceType":"RiverPlaceholder","instanceSrc":"default"}}},{"arrangement":{"startPosition":36},"childExperienceConfigInfo":{"instanceId":"cmsAdPlaceholder5","configRef":{"experienceType":"RiverPlaceholder","instanceSrc":"default"}}},{"arrangement":{"startPosition":42},"childExperienceConfigInfo":{"instanceId":"cmsAdPlaceholder6","configRef":{"experienceType":"RiverPlaceholder","instanceSrc":"default"}}},{"arrangement":{"startPosition":48},"childExperienceConfigInfo":{"instanceId":"nativeAdPlaceholder3","configRef":{"experienceType":"RiverPlaceholder","instanceSrc":"index_native_ad-BBXPfvy"}}},{"arrangement":{"startPosition":55},"childExperienceConfigInfo":{"instanceId":"nativeAdPlaceholder4","configRef":{"experienceType":"RiverPlaceholder","instanceSrc":"index_native_ad-BBXPfvy"}}},{"arrangement":{"startPosition":62},"childExperienceConfigInfo":{"instanceId":"nativeAd8","configRef":{"experienceType":"NativeAd","instanceSrc":"index_river_nativead-AACa6RK"}}},{"arrangement":{"startPosition":69},"childExperienceConfigInfo":{"instanceId":"nativeAd9","configRef":{"experienceType":"NativeAd","instanceSrc":"index_river_nativead-AACa6RK"}}},{"arrangement":{"startPosition":76},"childExperienceConfigInfo":{"instanceId":"nativeAd10","configRef":{"experienceType":"NativeAd","instanceSrc":"index_river_nativead-AACa6RK"}}},{"arrangement":{"startPosition":83},"childExperienceConfigInfo":{"instanceId":"nativeAd11","configRef":{"experienceType":"NativeAd","instanceSrc":"index_river_nativead-AACa6RK"}}},{"arrangement":{"startPosition":90},"childExperienceConfigInfo":{"instanceId":"nativeAd12","configRef":{"experienceType":"NativeAd","instanceSrc":"index_river_nativead-AACa6RK"}}},{"arrangement":{"startPosition":97},"childExperienceConfigInfo":{"instanceId":"nativeAd14","configRef":{"experienceType":"NativeAd","instanceSrc":"index_river_nativead-AACa6RK"}}},{"arrangement":{"startPosition":104},"childExperienceConfigInfo":{"instanceId":"nativeAd15","configRef":{"experienceType":"NativeAd","instanceSrc":"index_river_nativead-AACa6RK"}}},{"arrangement":{"startPosition":112},"childExperienceConfigInfo":{"instanceId":"nativeAd16","configRef":{"experienceType":"NativeAd","instanceSrc":"index_river_nativead-AACa6RK"}}},{"arrangement":{"startPosition":120},"childExperienceConfigInfo":{"instanceId":"nativeAd17","configRef":{"experienceType":"NativeAd","instanceSrc":"index_river_nativead-AACa6RK"}}},{"arrangement":{"startPosition":128},"childExperienceConfigInfo":{"instanceId":"nativeAd18","configRef":{"experienceType":"NativeAd","instanceSrc":"index_river_nativead-AACa6RK"}}},{"arrangement":{"startPosition":136},"childExperienceConfigInfo":{"instanceId":"nativeAd19","configRef":{"experienceType":"NativeAd","instanceSrc":"index_river_nativead-AACa6RK"}}},{"arrangement":{"startPosition":144},"childExperienceConfigInfo":{"instanceId":"nativeAd20","configRef":{"experienceType":"NativeAd","instanceSrc":"index_river_nativead-AACa6RK"}}},{"arrangement":{"startPosition":152},"childExperienceConfigInfo":{"instanceId":"nativeAd21","configRef":{"experienceType":"NativeAd","instanceSrc":"index_river_nativead-AACa6RK"}}},{"arrangement":{"startPosition":160},"childExperienceConfigInfo":{"instanceId":"nativeAd22","configRef":{"experienceType":"NativeAd","instanceSrc":"index_river_nativead-AACa6RK"}}},{"arrangement":{"startPosition":168},"childExperienceConfigInfo":{"instanceId":"nativeAd23","configRef":{"experienceType":"NativeAd","instanceSrc":"index_river_nativead-AACa6RK"}}},{"arrangement":{"startPosition":176},"childExperienceConfigInfo":{"instanceId":"nativeAd24","configRef":{"experienceType":"NativeAd","instanceSrc":"index_river_nativead-AACa6RK"}}},{"arrangement":{"startPosition":184},"childExperienceConfigInfo":{"instanceId":"nativeAd25","configRef":{"experienceType":"NativeAd","instanceSrc":"index_river_nativead-AACa6RK"}}},{"arrangement":{"startPosition":191},"childExperienceConfigInfo":{"instanceId":"nativeAd26","configRef":{"experienceType":"NativeAd","instanceSrc":"index_river_nativead-AACa6RK"}}},{"arrangement":{"startPosition":199},"childExperienceConfigInfo":{"instanceId":"nativeAd27","configRef":{"experienceType":"NativeAd","instanceSrc":"index_river_nativead-AACa6RK"}}},{"arrangement":{"startPosition":207},"childExperienceConfigInfo":{"instanceId":"nativeAd29","configRef":{"experienceType":"NativeAd","instanceSrc":"index_river_nativead-AACa6RK"}}},{"arrangement":{"startPosition":215},"childExperienceConfigInfo":{"instanceId":"nativeAd129","configRef":{"experienceType":"NativeAd","instanceSrc":"index_river_nativead-AACa6RK"}}},{"arrangement":{"startPosition":223},"childExperienceConfigInfo":{"instanceId":"nativeAd30","configRef":{"experienceType":"NativeAd","instanceSrc":"index_river_nativead-AACa6RK"}}},{"arrangement":{"startPosition":231},"childExperienceConfigInfo":{"instanceId":"nativeAd31","configRef":{"experienceType":"NativeAd","instanceSrc":"index_river_nativead-AACa6RK"}}},{"arrangement":{"startPosition":239},"childExperienceConfigInfo":{"instanceId":"nativeAd32","configRef":{"experienceType":"NativeAd","instanceSrc":"index_river_nativead-AACa6RK"}}},{"arrangement":{"startPosition":247},"childExperienceConfigInfo":{"instanceId":"nativeAd33","configRef":{"experienceType":"NativeAd","instanceSrc":"index_river_nativead-AACa6RK"}}},{"arrangement":{"startPosition":255},"childExperienceConfigInfo":{"instanceId":"nativeAd34","configRef":{"experienceType":"NativeAd","instanceSrc":"index_river_nativead-AACa6RK"}}},{"arrangement":{"startPosition":263},"childExperienceConfigInfo":{"instanceId":"nativeAd35","configRef":{"experienceType":"NativeAd","instanceSrc":"index_river_nativead-AACa6RK"}}},{"arrangement":{"startPosition":271},"childExperienceConfigInfo":{"instanceId":"nativeAd36","configRef":{"experienceType":"NativeAd","instanceSrc":"index_river_nativead-AACa6RK"}}},{"arrangement":{"startPosition":279},"childExperienceConfigInfo":{"instanceId":"nativeAd37","configRef":{"experienceType":"NativeAd","instanceSrc":"index_river_nativead-AACa6RK"}}},{"arrangement":{"startPosition":287},"childExperienceConfigInfo":{"instanceId":"nativeAd38","configRef":{"experienceType":"NativeAd","instanceSrc":"index_river_nativead-AACa6RK"}}},{"arrangement":{"startPosition":295},"childExperienceConfigInfo":{"instanceId":"nativeAd39","configRef":{"experienceType":"NativeAd","instanceSrc":"index_river_nativead-AACa6RK"}}},{"arrangement":{"startPosition":303},"childExperienceConfigInfo":{"instanceId":"nativeAd40","configRef":{"experienceType":"NativeAd","instanceSrc":"index_river_nativead-AACa6RK"}}},{"arrangement":{"startPosition":311},"childExperienceConfigInfo":{"instanceId":"nativeAd41","configRef":{"experienceType":"NativeAd","instanceSrc":"index_river_nativead-AACa6RK"}}},{"arrangement":{"startPosition":319},"childExperienceConfigInfo":{"instanceId":"nativeAd42","configRef":{"experienceType":"NativeAd","instanceSrc":"index_river_nativead-AACa6RK"}}},{"arrangement":{"startPosition":327},"childExperienceConfigInfo":{"instanceId":"nativeAd43","configRef":{"experienceType":"NativeAd","instanceSrc":"index_river_nativead-AACa6RK"}}},{"arrangement":{"startPosition":335},"childExperienceConfigInfo":{"instanceId":"nativeAd44","configRef":{"experienceType":"NativeAd","instanceSrc":"index_river_nativead-AACa6RK"}}},{"arrangement":{"startPosition":343},"childExperienceConfigInfo":{"instanceId":"nativeAd45","configRef":{"experienceType":"NativeAd","instanceSrc":"index_river_nativead-AACa6RK"}}},{"arrangement":{"startPosition":351},"childExperienceConfigInfo":{"instanceId":"nativeAd46","configRef":{"experienceType":"NativeAd","instanceSrc":"index_river_nativead-AACa6RK"}}},{"arrangement":{"startPosition":359},"childExperienceConfigInfo":{"instanceId":"nativeAd47","configRef":{"experienceType":"NativeAd","instanceSrc":"index_river_nativead-AACa6RK"}}},{"arrangement":{"startPosition":367},"childExperienceConfigInfo":{"instanceId":"nativeAd48","configRef":{"experienceType":"NativeAd","instanceSrc":"index_river_nativead-AACa6RK"}}},{"arrangement":{"startPosition":375},"childExperienceConfigInfo":{"instanceId":"nativeAd49","configRef":{"experienceType":"NativeAd","instanceSrc":"index_river_nativead-AACa6RK"}}},{"arrangement":{"startPosition":383},"childExperienceConfigInfo":{"instanceId":"nativeAd50","configRef":{"experienceType":"NativeAd","instanceSrc":"index_river_nativead-AACa6RK"}}},{"arrangement":{"startPosition":391},"childExperienceConfigInfo":{"instanceId":"nativeAd51","configRef":{"experienceType":"NativeAd","instanceSrc":"index_river_nativead-AACa6RK"}}}]}],"localizedStrings":{"manualPaginationText":"Show More","emptyRiverMessage":"There was an issue loading this feed","emptyRiverRefreshButtonText":"Refresh feed"}}},"Xfeed/default":{"properties":{"composition":{"type":"layout","page":{"margin":"0","gridStyles":[{"grid":{"grid-template-columns":"auto auto 1fr !important","align-items":"center !important","justify-items":"stretch !important","margin-top":"20px"}}],"columnStyles":[[null,null,{"column":{"margin-top":"10px"}}]],"children":[{"horizontalAlign":"left","children":[{"position":1,"span":1,"children":{"childType":"Typography","child":{"tag":"h2","size":3,"children":""}}},{"position":2,"span":1,"children":{"childType":"ActionTrigger","child":{"children":""}}},{"position":1,"span":3,"children":{"childType":"PeregrineExperience","child":{"instanceId":"River1","configRef":{"experienceType":"River","instanceSrc":"index_xfeed-AACo8kM"}}}}]}]}},"localizedStrings":{"followedText":"Following","followText":"Follow","unfollowText":"Following","toastFollowText":"Great! You are now following {bold}.","toastUnfollowText":"Unfollowed {bold}. Refresh page to see updated feed.","toastCloseDialog":"Close dialog"}}},"TopicData/default":{"properties":{}},"PlacementManager/default":{"properties":{"lastNthPositionToPreload":1,"preloadCardNumber":15,"samRTBEndpointUrl":"https://srtb.msn.com","samRTBTimeout":3000,"myFeedPivotId":"oneriver.myfeed","editInterestPivotId":"oneriver.editinterests","isCookieSyncEnabled":false,"samPlacementMaxIndexInInfopaneXFeed":7,"disableAdsPrefetch":true,"enableFireAuctionCallImmediately":true,"placements":[{"region":"oneriver.spartan.aboveweather","indices":["1"],"priority":1,"mappedRegion":"aboveweather"},{"region":"oneriver.spartan.infopane","indices":["3","11","15","20","25"],"priority":2,"mappedRegion":"infopane"},{"region":"resinfopane","indices":["6","29"],"priority":2,"mappedRegion":"resinfopane"},{"region":"resriver","indices":["6","12","24","30","36","42"],"priority":3,"mappedRegion":"resriver"},{"region":"oneriver.main","indices":["6","18","48","55","62","69","76","83","90","97","104","112","120","128","136","144","152","160","168","176","184","191","199","207","215","223","231","239","247","255","263","271","279","287","295","303","311","319","327","335","343","351","359","367","375","383","391"],"priority":4,"mappedRegion":"river"}],"backfillListId":["BBI4MeJ"],"cmsNativeAdListId":[],"privacyUrl":"https://go.microsoft.com/fwlink/?LinkID=286759","cmsNativeAd":[{"id":"BBlbsHE","indices":["1","3"],"positionInParentExperience":["6","29"],"mappedRegion":"resinfopane"},{"id":"BBlbsHE","indices":["4","4","4","5","5","6","6","7","7","9","8","9","4","7","7","8","5"],"positionInParentExperience":["3","4","6","11","12","21","24","26","30","31","36","42","48","51","54","60","69"],"mappedRegion":"resriver"}]}},"ContentPreview/default":{"properties":{"disableAbstractCards":false,"renderKickerAsLink":true,"enableCardAction":true,"telemetryPageName":"xfeed","openLinksInNewTab":true,"xfeedConfigIndexRef":{"instanceId":"","configRef":{"experienceType":"Xfeed","instanceSrc":"default"}},"cardActionTitles":{"moreButtonTitle":"More Options","savedButtonTitle":"Save","showMoreFewerNeutralEntryPointButtonTitle":"Options to show more or fewer stories","undoSavedButtonTitle":"Undo save","undoLikedButtonTitle":"Undo like","undoDislikedButtonTitle":"Undo dislike","commentCountButtonTitle":"Comments","hideStoryOnHoverTitle":"Hide Story","fewerLikeThisButtonTitle":"Show me fewer like this","moreLikeThisButtonTitle":"Show me more like this","undoFewerLikeThisButtonTitle":"Undo show me fewer like this","undoMoreLikeThisButtonTitle":"Undo show me more like this","socialReactionsCountTitle":"{0} reactions with {1} and {2} the most popular","socialReactionTitles":{"angryReactionTitle":"Angry","loveReactionTitle":"Love","likeReactionTitle":"Like","sadReactionTitle":"Sad","surprisedReactionTitle":"Surprised","thinkingReactionTitle":"Thinking","reactReactionTitle":"React"},"ariaLabelOpenReplies":"Open Comments","thousandsShort":"{number}k","ariaLabelShowReactions":"Show reactions","ariaLabelReactions":"Reactions","ariaLabelCommentsCount":"See {0} comments","ariaLabelReactionsCount":"{0} reactions","topCommentTitle":"TOP COMMENT","topCommentReplyCountText":"{number} replies","topCommentReadMoreButtonText":"Keep reading","premiumCardBadgeLabelNotSubscribed":"Subscription","premiumCardBadgeLabelSubscribed":"Subscribed"},"imageAttributionLabel":"Image: {0}","contentProviderAttributionLabel":"From: {0}","ariaLabelReactionButtonSingular":"{number} reaction","ariaLabelReactionButtonPlural":"{number} reactions","JustNow":"just now","NumberMinuteAgo":"min","NumberMinutesAgo":"mins","NumberHourAgo":"hour","NumberHoursAgo":"hours","NumberDayAgo":"day","NumberDaysAgo":"days","NumberWeekAgo":"week","NumberWeeksAgo":"weeks","NumberMonthAgo":"month","NumberMonthsAgo":"months","NumberYearAgo":"year","NumberYearsAgo":"years"}},"Infopane/default":{"properties":{"autoRotateIntervalMs":5000,"firstAutoRotateIntervalMs":4500,"childExperienceMap":{"ContentPreview":{"instanceId":"ContentPreview","configRef":{"experienceType":"ContentPreview","instanceSrc":"index_inst_infopane-AACymGR"}},"ComplexContentPreview":{"instanceId":"ComplexContentPreview","configRef":{"experienceType":"ComplexContentPreview","instanceSrc":"default"}},"SpotlightPreview":{"instanceId":"SpotlightPreview","configRef":{"experienceType":"SpotlightPreview","instanceSrc":"default"}},"ExternalContentPreview":{"instanceId":"ExternalContentPreview","configRef":{"experienceType":"ExternalContentPreview","instanceSrc":"default"}}},"enableInlineContentComponents":true,"contentPreviewConfig":{"disableAbstractCards":false,"renderKickerAsLink":true,"enableCardAction":true,"cardActionTitles":{"moreButtonTitle":"More Options","undoLikedButtonTitle":"Undo like","undoDislikedButtonTitle":"Undo dislike","undoSavedButtonTitle":"Undo save","savedButtonTitle":"Save"},"stockImage":{"id":"BB10piIP","height":1400,"width":2496},"openLinksInNewTab":true,"imageAttributionLabel":"Image: {0}","xfeedConfigIndexRef":{"instanceId":"","configRef":{"experienceType":"Xfeed","instanceSrc":"default"}}},"complexContentPreviewConfig":{"openLinksInNewTab":true,"localizedStrings":{"imageAttributionLabel":"Image: {0}"}},"additionalChildExperiences":[{"screenWidth":"Any","children":[{"arrangement":{"startPosition":3},"childExperienceConfigInfo":{"instanceId":"nativeAd1","configRef":{"experienceType":"NativeAd","instanceSrc":"default"}}},{"arrangement":{"startPosition":6},"childExperienceConfigInfo":{"instanceId":"cmsAd1","configRef":{"experienceType":"NativeAd","instanceSrc":"index_infopane_cms-AAC9SwR"}}},{"arrangement":{"startPosition":11},"childExperienceConfigInfo":{"instanceId":"nativeAd2","configRef":{"experienceType":"NativeAd","instanceSrc":"default"}}},{"arrangement":{"startPosition":15},"childExperienceConfigInfo":{"instanceId":"nativeAd3","configRef":{"experienceType":"NativeAd","instanceSrc":"default"}}},{"arrangement":{"startPosition":20},"childExperienceConfigInfo":{"instanceId":"nativeAd4","configRef":{"experienceType":"NativeAd","instanceSrc":"default"}}},{"arrangement":{"startPosition":25},"childExperienceConfigInfo":{"instanceId":"nativeAd5","configRef":{"experienceType":"NativeAd","instanceSrc":"default"}}},{"arrangement":{"startPosition":29},"childExperienceConfigInfo":{"instanceId":"cmsAd2","configRef":{"experienceType":"NativeAd","instanceSrc":"index_infopane_cms-AAC9SwR"}}}]}],"localizedStrings":{"prevSlideLabel":"Previous Slide","nextSlideLabel":"Next Slide"}}},"SpotlightPreview/default":{"properties":{"brandName":"SPOTLIGHT","defaultVertical":"news","defaultCategory":"other","displayPlaceholder":false}},"ExternalContentPreview/default":{"properties":{"disableAbstractCards":false,"renderKickerAsLink":true,"telemetryPageName":"xfeed","halfHeightImageTargetSize":130,"enableImageOn1x1y":true,"xfeedConfigIndexRef":{"instanceId":"","configRef":{"experienceType":"Xfeed","instanceSrc":"default"}}}},"RiverPlaceholder/index_weather_card-BBY0tPc":{"properties":{"childExperienceConfigInfo":{"instanceId":"weatherCard","configRef":{"experienceType":"WeatherCard","instanceSrc":"default"}},"supportedRiverCardSizes":16}},"RiverPlaceholder/index_money_card-BBY0tPa":{"properties":{"childExperienceConfigInfo":{"instanceId":"moneyCard","configRef":{"experienceType":"MoneyCard","instanceSrc":"default"}},"supportedRiverCardSizes":16}},"RiverPlaceholder/index_RiverPlaceholder_BingMiniShopping-BB14MdTh":{"properties":{"childExperienceConfigInfo":{"instanceId":"bingminishopping","configRef":{"experienceType":"BingMiniShopping","instanceSrc":"default"}},"supportedRiverCardSizes":16}},"RiverPlaceholder/index_AboveWeatherPlaceholder-BB15xBHx":{"properties":{"childExperienceConfigInfo":{"instanceId":"aboveweather","configRef":{"experienceType":"NativeAd","instanceSrc":"index_aboveweather_nativead-BB15xuTp"}},"supportedRiverCardSizes":16}},"RiverPlaceholder/index_trending_now-BB13kVNs":{"properties":{"childExperienceConfigInfo":{"instanceId":"trendingNow","configRef":{"experienceType":"TrendingNow","instanceSrc":"default"}},"supportedRiverCardSizes":16}},"RiverPlaceholder/default":{"properties":{"childExperienceConfigInfo":{"instanceId":"cmsAd1","configRef":{"experienceType":"NativeAd","instanceSrc":"index_river_cms-AAC9YmD"}},"supportedRiverCardSizes":16}},"RiverPlaceholder/index_native_ad-BBXPfvy":{"properties":{"childExperienceConfigInfo":{"instanceId":"nativeAd1","configRef":{"experienceType":"NativeAd","instanceSrc":"index_river_nativead-AACa6RK"}},"supportedRiverCardSizes":16}},"NativeAd/index_river_nativead-AACa6RK":{"properties":{"contentCardSize":"1x_2y","physicalWidth":300,"physicalHeight":350,"timeout":3000,"region":"river","supportedRiverCardSizes":16,"placementManagerId":"PlacementManager","backfillId":"BBI4MeJ","adsLabel":{"children":"Ad"},"youMayLike":{"children":"You May Like"},"localizedStrings":{"adsLabel":"Ad","youMayLike":"You May Like","replayVideo":"Replay video","learnMore":"Learn more"}}},"River/index_xfeed-AACo8kM":{"properties":{"childExperienceMap":{"ContentPreview":{"instanceId":"ContentPreview","configRef":{"experienceType":"ContentPreview","instanceSrc":"default"}},"Infopane":{"instanceId":"Infopane","configRef":{"experienceType":"Infopane","instanceSrc":"default"}},"ExternalContentPreview":{"instanceId":"ExternalContentPreview","configRef":{"experienceType":"ExternalContentPreview","instanceSrc":"default"}}},"cardProviderName":"OneService","cardProviderConfig":{"initialRequest":{"complexInfopaneEnabled":true,"count":30,"feedName":"default","ocid":"spartan-ntp-feeds","start":0,"timeoutMs":1000,"infopaneItemCount":5,"disableFlatViewResponse":true}},"useMediaBreakpointManager":true,"disableAbstractCards":false,"disableBreakpointTracking":false,"gutterSize":24,"paginationSentinelPostionFromBottom":500,"paginationSentinelPositionFromBottom":500,"visualReadinessCounter":1,"additionalChildExperiences":[{"screenWidth":"Any","children":[{"arrangement":{"column":4,"startPosition":4},"childExperienceConfigInfo":{"instanceId":"cmsAdPlaceholder1","configRef":{"experienceType":"RiverPlaceholder","instanceSrc":"default"}}},{"arrangement":{"startPosition":6},"childExperienceConfigInfo":{"instanceId":"nativeAd1","configRef":{"experienceType":"NativeAd","instanceSrc":"index_river_nativead-AACa6RK"}}},{"arrangement":{"startPosition":12},"childExperienceConfigInfo":{"instanceId":"cmsAd1","configRef":{"experienceType":"NativeAd","instanceSrc":"index_river_cms-AAC9YmD"}}},{"arrangement":{"startPosition":18},"childExperienceConfigInfo":{"instanceId":"nativeAd3","configRef":{"experienceType":"NativeAd","instanceSrc":"index_river_nativead-AACa6RK"}}},{"arrangement":{"startPosition":24},"childExperienceConfigInfo":{"instanceId":"cmsAd2","configRef":{"experienceType":"NativeAd","instanceSrc":"index_river_cms-AAC9YmD"}}},{"arrangement":{"startPosition":30},"childExperienceConfigInfo":{"instanceId":"cmsAd3","configRef":{"experienceType":"NativeAd","instanceSrc":"index_river_cms-AAC9YmD"}}},{"arrangement":{"startPosition":36},"childExperienceConfigInfo":{"instanceId":"cmsAd4","configRef":{"experienceType":"NativeAd","instanceSrc":"index_river_cms-AAC9YmD"}}},{"arrangement":{"startPosition":42},"childExperienceConfigInfo":{"instanceId":"cmsAd5","configRef":{"experienceType":"NativeAd","instanceSrc":"index_river_cms-AAC9YmD"}}},{"arrangement":{"startPosition":48},"childExperienceConfigInfo":{"instanceId":"nativeAd6","configRef":{"experienceType":"NativeAd","instanceSrc":"index_river_nativead-AACa6RK"}}},{"arrangement":{"startPosition":55},"childExperienceConfigInfo":{"instanceId":"nativeAd7","configRef":{"experienceType":"NativeAd","instanceSrc":"index_river_nativead-AACa6RK"}}},{"arrangement":{"startPosition":62},"childExperienceConfigInfo":{"instanceId":"nativeAd8","configRef":{"experienceType":"NativeAd","instanceSrc":"index_river_nativead-AACa6RK"}}},{"arrangement":{"startPosition":69},"childExperienceConfigInfo":{"instanceId":"nativeAd9","configRef":{"experienceType":"NativeAd","instanceSrc":"index_river_nativead-AACa6RK"}}},{"arrangement":{"startPosition":76},"childExperienceConfigInfo":{"instanceId":"nativeAd10","configRef":{"experienceType":"NativeAd","instanceSrc":"index_river_nativead-AACa6RK"}}},{"arrangement":{"startPosition":83},"childExperienceConfigInfo":{"instanceId":"nativeAd11","configRef":{"experienceType":"NativeAd","instanceSrc":"index_river_nativead-AACa6RK"}}},{"arrangement":{"startPosition":90},"childExperienceConfigInfo":{"instanceId":"nativeAd12","configRef":{"experienceType":"NativeAd","instanceSrc":"index_river_nativead-AACa6RK"}}},{"arrangement":{"startPosition":97},"childExperienceConfigInfo":{"instanceId":"nativeAd14","configRef":{"experienceType":"NativeAd","instanceSrc":"index_river_nativead-AACa6RK"}}},{"arrangement":{"startPosition":104},"childExperienceConfigInfo":{"instanceId":"nativeAd15","configRef":{"experienceType":"NativeAd","instanceSrc":"index_river_nativead-AACa6RK"}}},{"arrangement":{"startPosition":112},"childExperienceConfigInfo":{"instanceId":"nativeAd16","configRef":{"experienceType":"NativeAd","instanceSrc":"index_river_nativead-AACa6RK"}}},{"arrangement":{"startPosition":120},"childExperienceConfigInfo":{"instanceId":"nativeAd17","configRef":{"experienceType":"NativeAd","instanceSrc":"index_river_nativead-AACa6RK"}}},{"arrangement":{"startPosition":128},"childExperienceConfigInfo":{"instanceId":"nativeAd18","configRef":{"experienceType":"NativeAd","instanceSrc":"index_river_nativead-AACa6RK"}}},{"arrangement":{"startPosition":136},"childExperienceConfigInfo":{"instanceId":"nativeAd19","configRef":{"experienceType":"NativeAd","instanceSrc":"index_river_nativead-AACa6RK"}}},{"arrangement":{"startPosition":144},"childExperienceConfigInfo":{"instanceId":"nativeAd20","configRef":{"experienceType":"NativeAd","instanceSrc":"index_river_nativead-AACa6RK"}}},{"arrangement":{"startPosition":152},"childExperienceConfigInfo":{"instanceId":"nativeAd21","configRef":{"experienceType":"NativeAd","instanceSrc":"index_river_nativead-AACa6RK"}}},{"arrangement":{"startPosition":160},"childExperienceConfigInfo":{"instanceId":"nativeAd22","configRef":{"experienceType":"NativeAd","instanceSrc":"index_river_nativead-AACa6RK"}}},{"arrangement":{"startPosition":168},"childExperienceConfigInfo":{"instanceId":"nativeAd23","configRef":{"experienceType":"NativeAd","instanceSrc":"index_river_nativead-AACa6RK"}}},{"arrangement":{"startPosition":176},"childExperienceConfigInfo":{"instanceId":"nativeAd24","configRef":{"experienceType":"NativeAd","instanceSrc":"index_river_nativead-AACa6RK"}}},{"arrangement":{"startPosition":184},"childExperienceConfigInfo":{"instanceId":"nativeAd25","configRef":{"experienceType":"NativeAd","instanceSrc":"index_river_nativead-AACa6RK"}}},{"arrangement":{"startPosition":191},"childExperienceConfigInfo":{"instanceId":"nativeAd26","configRef":{"experienceType":"NativeAd","instanceSrc":"index_river_nativead-AACa6RK"}}},{"arrangement":{"startPosition":199},"childExperienceConfigInfo":{"instanceId":"nativeAd27","configRef":{"experienceType":"NativeAd","instanceSrc":"index_river_nativead-AACa6RK"}}},{"arrangement":{"startPosition":207},"childExperienceConfigInfo":{"instanceId":"nativeAd29","configRef":{"experienceType":"NativeAd","instanceSrc":"index_river_nativead-AACa6RK"}}},{"arrangement":{"startPosition":215},"childExperienceConfigInfo":{"instanceId":"nativeAd129","configRef":{"experienceType":"NativeAd","instanceSrc":"index_river_nativead-AACa6RK"}}},{"arrangement":{"startPosition":223},"childExperienceConfigInfo":{"instanceId":"nativeAd30","configRef":{"experienceType":"NativeAd","instanceSrc":"index_river_nativead-AACa6RK"}}},{"arrangement":{"startPosition":231},"childExperienceConfigInfo":{"instanceId":"nativeAd31","configRef":{"experienceType":"NativeAd","instanceSrc":"index_river_nativead-AACa6RK"}}},{"arrangement":{"startPosition":239},"childExperienceConfigInfo":{"instanceId":"nativeAd32","configRef":{"experienceType":"NativeAd","instanceSrc":"index_river_nativead-AACa6RK"}}},{"arrangement":{"startPosition":247},"childExperienceConfigInfo":{"instanceId":"nativeAd33","configRef":{"experienceType":"NativeAd","instanceSrc":"index_river_nativead-AACa6RK"}}},{"arrangement":{"startPosition":255},"childExperienceConfigInfo":{"instanceId":"nativeAd34","configRef":{"experienceType":"NativeAd","instanceSrc":"index_river_nativead-AACa6RK"}}},{"arrangement":{"startPosition":263},"childExperienceConfigInfo":{"instanceId":"nativeAd35","configRef":{"experienceType":"NativeAd","instanceSrc":"index_river_nativead-AACa6RK"}}},{"arrangement":{"startPosition":271},"childExperienceConfigInfo":{"instanceId":"nativeAd36","configRef":{"experienceType":"NativeAd","instanceSrc":"index_river_nativead-AACa6RK"}}},{"arrangement":{"startPosition":279},"childExperienceConfigInfo":{"instanceId":"nativeAd37","configRef":{"experienceType":"NativeAd","instanceSrc":"index_river_nativead-AACa6RK"}}},{"arrangement":{"startPosition":287},"childExperienceConfigInfo":{"instanceId":"nativeAd38","configRef":{"experienceType":"NativeAd","instanceSrc":"index_river_nativead-AACa6RK"}}},{"arrangement":{"startPosition":295},"childExperienceConfigInfo":{"instanceId":"nativeAd39","configRef":{"experienceType":"NativeAd","instanceSrc":"index_river_nativead-AACa6RK"}}},{"arrangement":{"startPosition":303},"childExperienceConfigInfo":{"instanceId":"nativeAd40","configRef":{"experienceType":"NativeAd","instanceSrc":"index_river_nativead-AACa6RK"}}},{"arrangement":{"startPosition":311},"childExperienceConfigInfo":{"instanceId":"nativeAd41","configRef":{"experienceType":"NativeAd","instanceSrc":"index_river_nativead-AACa6RK"}}},{"arrangement":{"startPosition":319},"childExperienceConfigInfo":{"instanceId":"nativeAd42","configRef":{"experienceType":"NativeAd","instanceSrc":"index_river_nativead-AACa6RK"}}},{"arrangement":{"startPosition":327},"childExperienceConfigInfo":{"instanceId":"nativeAd43","configRef":{"experienceType":"NativeAd","instanceSrc":"index_river_nativead-AACa6RK"}}},{"arrangement":{"startPosition":335},"childExperienceConfigInfo":{"instanceId":"nativeAd44","configRef":{"experienceType":"NativeAd","instanceSrc":"index_river_nativead-AACa6RK"}}},{"arrangement":{"startPosition":343},"childExperienceConfigInfo":{"instanceId":"nativeAd45","configRef":{"experienceType":"NativeAd","instanceSrc":"index_river_nativead-AACa6RK"}}},{"arrangement":{"startPosition":351},"childExperienceConfigInfo":{"instanceId":"nativeAd46","configRef":{"experienceType":"NativeAd","instanceSrc":"index_river_nativead-AACa6RK"}}},{"arrangement":{"startPosition":359},"childExperienceConfigInfo":{"instanceId":"nativeAd47","configRef":{"experienceType":"NativeAd","instanceSrc":"index_river_nativead-AACa6RK"}}},{"arrangement":{"startPosition":367},"childExperienceConfigInfo":{"instanceId":"nativeAd48","configRef":{"experienceType":"NativeAd","instanceSrc":"index_river_nativead-AACa6RK"}}},{"arrangement":{"startPosition":375},"childExperienceConfigInfo":{"instanceId":"nativeAd49","configRef":{"experienceType":"NativeAd","instanceSrc":"index_river_nativead-AACa6RK"}}},{"arrangement":{"startPosition":383},"childExperienceConfigInfo":{"instanceId":"nativeAd50","configRef":{"experienceType":"NativeAd","instanceSrc":"index_river_nativead-AACa6RK"}}},{"arrangement":{"startPosition":391},"childExperienceConfigInfo":{"instanceId":"nativeAd51","configRef":{"experienceType":"NativeAd","instanceSrc":"index_river_nativead-AACa6RK"}}}]}],"localizedStrings":{"manualPaginationText":"Show More","emptyRiverMessage":"There was an issue loading this feed","emptyRiverRefreshButtonText":"Refresh feed"}}},"ContentPreview/index_inst_infopane-AACymGR":{"properties":{"disableAbstractCards":false,"enableExtraBottomSpace":true,"openLinksInNewTab":true,"renderKickerAsLink":true,"stockImage":{"id":"BB10piIP","height":1400,"width":2496},"enableCardAction":true,"cardActionTitles":{"moreButtonTitle":"More Options","savedButtonTitle":"Save","showMoreFewerNeutralEntryPointButtonTitle":"Options to show more or fewer stories","undoSavedButtonTitle":"Undo save","undoLikedButtonTitle":"Undo like","undoDislikedButtonTitle":"Undo dislike","commentCountButtonTitle":"Comments","hideStoryOnHoverTitle":"Hide Story","fewerLikeThisButtonTitle":"Show me fewer like this","moreLikeThisButtonTitle":"Show me more like this","undoFewerLikeThisButtonTitle":"Undo show me fewer like this","undoMoreLikeThisButtonTitle":"Undo show me more like this","socialReactionsCountTitle":"{0} reactions with {1} and {2} the most popular","socialReactionTitles":{"angryReactionTitle":"Angry","loveReactionTitle":"Love","likeReactionTitle":"Like","sadReactionTitle":"Sad","surprisedReactionTitle":"Surprised","thinkingReactionTitle":"Thinking","reactReactionTitle":"React"},"ariaLabelOpenReplies":"Open Comments","thousandsShort":"{number}k","ariaLabelShowReactions":"Show reactions","ariaLabelReactions":"Reactions","ariaLabelCommentsCount":"See {0} comments","ariaLabelReactionsCount":"{0} reactions","topCommentTitle":"TOP COMMENT","topCommentReplyCountText":"{number} replies","topCommentReadMoreButtonText":"Keep reading","premiumCardBadgeLabelNotSubscribed":"Subscription","premiumCardBadgeLabelSubscribed":"Subscribed"},"imageAttributionLabel":"Image: {0}","contentProviderAttributionLabel":"From: {0}","ariaLabelReactionButtonSingular":"{number} reaction","ariaLabelReactionButtonPlural":"{number} reactions","JustNow":"just now","NumberMinuteAgo":"min","NumberMinutesAgo":"mins","NumberHourAgo":"hour","NumberHoursAgo":"hours","NumberDayAgo":"day","NumberDaysAgo":"days","NumberWeekAgo":"week","NumberWeeksAgo":"weeks","NumberMonthAgo":"month","NumberMonthsAgo":"months","NumberYearAgo":"year","NumberYearsAgo":"years"}},"ComplexContentPreview/default":{"properties":{"openLinksInNewTab":true,"localizedStrings":{"imageAttributionLabel":"Image: {0}","contentProviderAttributionLabel":"From: {0}"}}},"NativeAd/default":{"properties":{"contentCardSize":"2x_2y","physicalWidth":624,"physicalHeight":350,"region":"infopane","supportedRiverCardSizes":262144,"placementManagerId":"PlacementManager","timeout":3000,"backfillId":"BBI4MeJ","adsLabel":{"children":"Ad"},"youMayLike":{"children":"You May Like"},"localizedStrings":{"adsLabel":"Ad","youMayLike":"You May Like","replayVideo":"Replay video","learnMore":"Learn more"}}},"NativeAd/index_infopane_cms-AAC9SwR":{"properties":{"contentCardSize":"2x_2y","physicalWidth":624,"physicalHeight":350,"region":"resinfopane","supportedRiverCardSizes":262144,"placementManagerId":"PlacementManager","timeout":3000,"cmsNativeAdId":"BBlbsHE","enableRTBAdsInReservedPlacements":true,"adsLabel":{"children":"Ad"},"youMayLike":{"children":"You May Like"},"localizedStrings":{"adsLabel":"Ad","youMayLike":"You May Like","replayVideo":"Replay video","learnMore":"Learn more"}}},"WeatherCard/default":{"properties":{"dataConnectors":[{"screenWidth":"Any","children":[{"instanceId":"","configRef":{"experienceType":"WeatherData","instanceSrc":"default"}}]}],"addRemoveMenuItemBehaviour":"SwitchToPageSettings","sdCardPageSettingConnector":"EdgePageSettings","providerTitle":"Data from Foreca","providerName":"Foreca","editTitle":"Edit","celciusText":"Celsius","farenheitText":"Fahrenheit","detectLocationText":"Always detect my location","specifyLocationText":"Specify location","placeHoldertext":"Search for Location / City","updatedText":"Updated","unitsText":"Units","cancelText":"Cancel","saveText":"Save","noResultsText":"No results found","localNewsFeedApi":"msn/feed","localNewsFeedHost":"https://assets.msn.com/service","localNewsContentHost":"https://assets.msn.com/content","localNewsContentApi":"view/v1/Preview","localNewsCount":5,"enableLocalNews":false,"isDhpCard":false,"fullSpaCard":true,"enableEditMode":true,"linksInNewTab":true,"alertDisplayOption":"OnSummaryIfAny","actionButtonEnabled":true,"defaultLocation":{"latitude":"49","longitude":"123.113","locality":"Vancouver","region":"British Columbia","country":"Canada"},"localNews":{"heading":{"children":"Local News"},"seeMore":"See more {city} news","providedBy":"provided by {provider}"},"providerFormat":"Data from {provider}","providerFormatV2":"Based on {provider}","actionButtonText":"See full forecast","settingsMenu":{"menuButtonLabel":"Customize Weather Card","addRemove":"Add/Remove cards","edit":"Edit"},"settings":{"saving":"Saving settings","heading":{"children":"Edit"},"locationDetect":{"children":"Always detect my location"},"locationSpecify":{"children":"Specify location"},"locationSpecifyPlaceholder":"Search for location / city","locationSpecifyNoResults":"No results found","unitsHeading":{"children":"Units"},"unitsCelsius":{"children":"Celsius"},"unitsFahrenheit":{"children":"Fahrenheit"},"actionSave":{"children":"Save"},"actionCancel":{"children":"Cancel"}},"time":{"secondSingle":"sec","secondPlural":"secs","minuteSingle":"min","minutePlural":"mins","hourSingle":"hour","hourPlural":"hours","daySingle":"day","dayPlural":"days","updatedFormat":"Updated {num} {unit} ago","todayLabel":"Today","days":{"sun":"Sun","mon":"Mon","tue":"Tue","wed":"Wed","thu":"Thu","fri":"Fri","sat":"Sat"}},"localizedStrings":{"localNewsNotAvailableErrorMessage":"We can\u0027t find local news."}}},"MoneyCard/default":{"properties":{"addRemoveMenuItemBehaviour":"SwitchToPageSettings","sdCardPageSettingConnector":"EdgePageSettings","market":"en-us","language":"en-us","moneyQuotesHost":"https://assets.msn.com","moneyQuotesApi":"content/view/v1/Quotes","idMapHost":"https://int1.msn.com","idMapApi":"/en-us/money/stocks/getMicrosoftIds","pdpHost":"https://personalization.services.msn.com","pdpApi":"en-us/Finance/api/pdp/readpdpdata?debug=true","numTickers":3,"primeEndPoint":"https://msn.com/en-us/money/","watchlistLink":"https://msn.com/en-us/money/watchlist","homePageLink":"https://msn.com/en-us/money","providerLink":"https://go.microsoft.com/fwlink/?LinkID=249332","linksInNewTab":true,"defaultQuoteIds":["a3oxnm","a33k6h","a6qja2"],"unwrapCardBase":false,"enableContextMenu":true,"moneyCardLocalizationProps":{"watchlistCardTitleDisplayText":{"children":"My Watchlist"},"moneyCardTitleDisplayText":{"children":"Money"},"dataProvider":{"providerName":{"children":"Data Providers"}},"emptyMessage":{"children":"No Data Available"}},"addRemoveDropDownText":{"children":"Add/Remove cards"},"contextMenuButtonLabel":"Customize Money Card","localizedStrings":{"header":{"cardTitle":"Money"},"addRemoveDropDownText":"Add/Remove cards","dataProviderDropDownText":"Data Providers","emptyMessage":"No Data Available","contextMenuButtonLabel":"Customize Money Card","seeMore":"See More","tabs":{"watchlist":{"title":"Watchlist","seeMore":"See Watchlist"},"market":{"title":"Market","seeMore":"See Market"},"recent":{"title":"Recent","seeMore":"See Recent"},"currencies":{"title":"Currencies","seeMore":"See Currencies"},"movers":{"title":"Movers","seeMore":"See Movers"},"gainers":{"title":"Gainers","seeMore":"See Gainers"},"losers":{"title":"Losers","seeMore":"See Losers"}}}}},"BingMiniShopping/default":{"properties":{"cardSize":16,"cardType":2,"gps":"ntp-1-4-type1","primaryService":"Cdn","secondaryService":"Falcon","dataValidityInSeconds":3600,"formCodes":{"deals":{"ntp":"EDGNS1","dhp":"EDGBS1"},"trendingitems":{"ntp":"EDGNS1","dhp":"EDGBS1"}},"shoppingFalconServiceClientSettings":{"queryParams":{"entrypoint":"msn","trackingid":"","datasrcs":"dp,az","forceRefresh":"false"},"pathComponents":{},"serviceBaseUrl":"https://www.bing.com/retailexp/","servicePath":"msn/api/{version}/minishop","additionalUrlAugmentations":""},"shoppingCdnServiceClientSettings":{"pathComponents":{},"serviceBaseUrl":"https://bingretailmsndata.azureedge.net/","servicePath":"msndata/minishop/{version}/{market}/{gps}/minishopdata.json"},"enableContextMenu":true,"sdCardPageSettingConnector":"EdgePageSettings","addRemoveMenuItemBehaviour":"SwitchToNewsSettingsInPersonalizePivot","carouselSettings":{"numberOfItemsPerCarouselSlide":3,"autoplayInterval":6000,"randomizeDealsCarouselItems":true,"minDealsCarouselItems":3,"maxDealsCarouselItems":15,"enableDealsCarousel":true,"enableDealsCarouselAutoplay":false,"numberOfTrendingCategories":1,"randomizeTrendingCategories":true,"randomizeTrendingCarouselItems":true,"minTrendingCarouselItems":3,"maxTrendingCarouselItems":15,"enableTrendingCarouselAutoplay":false},"localizedStrings":{"emptyMessage":"","errorMessage":"","miniShoppingCardTitle":"Shopping","dealsHeaderTitle":"Deals from top brands","seeAllText":"See all","addRemoveDropDownText":"Add/Remove cards","accessibility":{"ariaLabel_CardHeaderSeeAll":"see-all","ariaLabel_DealsHeaderSeeAll":"see-all-deals","ariaLabel_DealsCarousel":"top-deals","ariaLabel_TrendingCategoriesHeaderSeeAll":"see-all-trending-items","ariaLabel_TrendingCategoriesCarousel":"trending-items","ariaLabel_CarouselFilter":"apply-filter","ariaLabel_ContextMenuButtonLabel":"settings-button"}}}},"NativeAd/index_aboveweather_nativead-BB15xuTp":{"properties":{"contentCardSize":"1x_2y","physicalWidth":300,"physicalHeight":350,"region":"aboveweather","supportedRiverCardSizes":16,"placementManagerId":"PlacementManager","timeout":3000,"backfillId":"BBI4MeJ","adsLabel":{"children":"Ad"},"youMayLike":{"children":"You May Like"},"localizedStrings":{"adsLabel":"Ad","youMayLike":"You May Like","replayVideo":"Replay video","learnMore":"Learn more"}}},"TrendingNow/default":{"properties":{"contentId":"BBorjTa","numberOfTermsToDisplay":5,"recommendedSearchEnabled":true,"recommendedSearchExperience":{"instanceId":"RecommendedSearch","configRef":{"experienceType":"RecommendedSearch","instanceSrc":"default"}},"oneServiceDataEnabled":true,"headingTitle":"Trending Now","headingLink":"https://www.msn.com/en-us/news","headlineLineLength":48,"oneServiceId":"Y_b1c993aa-a1dc-40ad-9a66-c770248a2656"}},"NativeAd/index_river_cms-AAC9YmD":{"properties":{"contentCardSize":"1x_2y","physicalWidth":300,"physicalHeight":350,"timeout":3000,"region":"resriver","supportedRiverCardSizes":16,"placementManagerId":"PlacementManager","cmsNativeAdId":"BBlbsHE","enableRTBAdsInReservedPlacements":true,"adsLabel":{"children":"Ad"},"youMayLike":{"children":"You May Like"},"localizedStrings":{"adsLabel":"Ad","youMayLike":"You May Like","replayVideo":"Replay video","learnMore":"Learn more"}}},"WeatherData/default":{"properties":{"setDefaultUnitToCelsius":false,"weatherApi":{"apiClientType":1,"endpoint":"https://api.msn.com","ocid":"weather-peregrine","appId":"4de6fc9f-3262-47bf-9c99-e189a8234fa2","apiKey":"UhJ4G66OjyLbn9mXARgajXLiLw6V75sHnfpU60aJBB","days":"5"},"autoSuggest":{"useV6":true,"num":5,"latinPercentageLimit":0,"suggestionTypes":"Place","escapeISO":[],"appId":"EDEC3CB74CF190BBBE26DF7938F3D961E925F593"},"crypto":{"salt":"W3@th3rS@LT","pass":"CSP@5sW@rD","ivKey":"@7C1e2B0s8G3k4V9"},"truncateTimezone":true}},"RecommendedSearch/default":{"properties":{"backfillContentId":"BB134k0e","recommendedSearchHeading":{"children":"Recommended Searches"},"serviceCallParameters":{"apiEndpoint":"https://www.bing.com/api/v1/mediation/trends","pageType":"vnext","appId":"B5DB19752CCFB2A8DBC11E7390600F78C2B22A56","formCode":"EDGBT2","partnerCode":"BT03","apiTimeoutInMilliSeconds":10000,"adUnitId":368231,"propertyId":361011},"localizedStrings":{"RecommendedSearchHeading":"Recommended Searches"}}}}}