{"nextPageUrl":"https://api.msn.com:443/msn/Feed/me?$top=35&$skip=35&$filter=_t eq 'CompositeCard'&contentType=article,video,slideshow,link,content360&infopaneCount=26&queryType=myfeed&location=41.5353|-87.2597&ocid=spartan-dhp-feeds&apikey=0QfOX3Vn51YCzitbLaRkTTBadtWpgTN8NZLW0C1SEM&responseSchema=cardview&market=en-us&fdhead=1s-bing-news,1s-br30min,1s-brsageboostre2,1s-jwtuserauth,1s-pagesegservice,1s-readaipalt,1s-winauthservice,1s-winsegservice,prg-1s-olympwhp,prg-1s-p2pre,prg-1sw-3dproc,prg-1sw-hdolmpc,prg-1sw-l2icon,prg-1sw-loc-hd,prg-1sw-pr1loc,prg-1sw-ski1,prg-1sw-snfall,prg-1sw-ucb20,prg-1sw-warn-icon,prg-1sw-wtt1,prg-2cardsdock,prg-adspeek,prg-bt-native,prg-dualauth,prg-dualautha,prg-dualauthlate,prg-hp-greyhdfeed,prg-hprewflyout-t,prg-ias,prg-inewssettings,prg-pres-sp,prg-rfeedsettings,prg-rrailsettings,prg-sc-2dockadsd,prg-sh-mitcarvt,prg-sh-mittab,prg-sh-xap-hubsecar,prg-wpo-2dockadsd,prg-wpo-hp-olympic,prg-wpo-olympwhp,prg-wpo-olyprod,prg-wtchsocial-c,prg-wx-cny&timeOut=1000&WrapOData=false&DisableTypeSerialization=true","subCards":[{"type":"infopane","subCards":[{"id":"AATCYbJ","type":"article","title":"DC-area sniper appeals life sentences given to him as a juvenile","abstract":"DC-area sniper Lee Boyd Malvo on Tuesday appealed the life sentences given him as a juvenile for the murders committed when he was 17.","readTimeMin":3,"url":"https://www.msn.com/en-us/news/crime/dc-area-sniper-appeals-life-sentences-given-to-him-as-a-juvenile/ar-AATCYbJ?ocid=spartan-dhp-feeds","locale":"en-us","topics":[{"label":"Top News","weight":1.0,"feedId":"Y_8c1db373-86c0-4213-9e06-0bb6deb2a336","locale":"en-us"},{"label":"News","weight":0.9011363983154297,"feedId":"Y_9eb0ac10-32bc-43cf-816e-5beaaf524f7a","locale":"en-us"},{"label":"Crime","weight":0.9011363983154297,"feedId":"Y_6f320357-0418-4bb0-a654-f5ba77f31552","locale":"en-us"}],"feed":{"id":"Y_8c1db373-86c0-4213-9e06-0bb6deb2a336","feedName":"Top News"},"publishedDateTime":"2022-02-09T03:21:22Z","isFeatured":false,"images":[{"width":1600,"height":900,"url":"https://www.bing.com/th?id=ORMS.3a18c894d9e3bf00d3ad22a9f6fc5544&pid=Wdp","focalRegion":{"x1":479,"x2":629,"y1":138,"y2":288},"colorSamples":[{"isDarkMode":true,"hexColor":"#DCECE3"},{"isDarkMode":false,"hexColor":"#DCECE3"}]}],"provider":{"id":"BBTquMf","name":"ABC News","logoUrl":"https://img-s-msn-com.akamaized.net/tenant/amp/entityid/AABiyAn.img"},"category":"news","reactionSummary":{"totalCount":443,"subReactionSummaries":[{"totalCount":338,"type":"angry"},{"totalCount":45,"type":"like"},{"totalCount":22,"type":"love"},{"totalCount":21,"type":"thinking"},{"totalCount":11,"type":"sad"},{"totalCount":6,"type":"surprised"}]},"commentSummary":{"totalCount":343,"subCommentSummaries":[{"totalCount":250,"type":"comment"},{"totalCount":93,"type":"reply"}]}},{"id":"AATCNvg","type":"article","title":"Canadian trucker protest spreads to second city, threatening U.S. auto industry lifeline","abstract":"Lengthy blockade could mean layoffs if companies can’t move their products.","readTimeMin":4,"url":"https://www.msn.com/en-us/news/world/canadian-trucker-protest-spreads-to-second-city-threatening-u-s-auto-industry-lifeline/ar-AATCNvg?ocid=spartan-dhp-feeds","locale":"en-us","topics":[{"label":"News","weight":0.5509276986122131,"feedId":"Y_9eb0ac10-32bc-43cf-816e-5beaaf524f7a","locale":"en-us"}],"feed":{"id":"Y_9eb0ac10-32bc-43cf-816e-5beaaf524f7a","feedName":"News"},"publishedDateTime":"2022-02-08T22:57:11Z","isFeatured":false,"images":[{"width":1920,"height":1080,"url":"https://www.bing.com/th?id=ORMS.c52e52edad371be9019052f125648e71&pid=Wdp","colorSamples":[{"isDarkMode":true,"hexColor":"#2B5272"},{"isDarkMode":false,"hexColor":"#D4DCE8"}]}],"provider":{"id":"AA2ed1","name":"The Washington Post","logoUrl":"https://img-s-msn-com.akamaized.net/tenant/amp/entityid/AAyxkRJ.img"},"category":"news","reactionSummary":{"totalCount":747,"subReactionSummaries":[{"totalCount":354,"type":"like"},{"totalCount":194,"type":"love"},{"totalCount":174,"type":"angry"},{"totalCount":9,"type":"sad"},{"totalCount":9,"type":"thinking"},{"totalCount":7,"type":"surprised"}]},"commentSummary":{"totalCount":0}},{"id":"AATC0eB","type":"article","title":"Snubbed! Ben Affleck, Jennifer Hudson, Lady Gaga, Leonardo DiCaprio miss out on Oscar nominations","abstract":"Did you see the powerhouse performances that missed out on Oscar nominations Tuesday? Here are the biggest snubs, from Lady Gaga to Ben Affleck.","readTimeMin":6,"url":"https://www.msn.com/en-us/entertainment/news/snubbed-ben-affleck-jennifer-hudson-lady-gaga-leonardo-dicaprio-miss-out-on-oscar-nominations/ar-AATC0eB?ocid=spartan-dhp-feeds","locale":"en-us","topics":[{"label":"Entertainment News","weight":1.0,"feedId":"Y_fd29d629-260e-4efa-9836-feb7169c9841","locale":"en-us"},{"label":"Movies","weight":0.6979753971099854,"feedId":"Y_2a7bc05a-60f4-46df-a4ef-e938b38a4ccd","locale":"en-us"},{"label":"Entertainment","weight":0.6979753971099854,"feedId":"Y_414a7c40-a373-4025-b4ce-e9502e9e17ed","locale":"en-us"}],"feed":{"id":"Y_fd29d629-260e-4efa-9836-feb7169c9841","feedName":"Entertainment News"},"publishedDateTime":"2022-02-09T00:53:40Z","isFeatured":false,"images":[{"width":4006,"height":2939,"url":"https://www.bing.com/th?id=ORMS.a36e593fb906fe7b9af02f3419c63dd4&pid=Wdp","focalRegion":{"x1":300,"x2":430,"y1":114,"y2":244},"colorSamples":[{"isDarkMode":true,"hexColor":"#373741"},{"isDarkMode":false,"hexColor":"#373741"}]}],"provider":{"id":"AAnTEc","name":"USA TODAY","logoUrl":"https://img-s-msn-com.akamaized.net/tenant/amp/entityid/BBNvr53.img"},"category":"entertainment","reactionSummary":{"totalCount":649,"subReactionSummaries":[{"totalCount":344,"type":"like"},{"totalCount":141,"type":"love"},{"totalCount":64,"type":"angry"},{"totalCount":43,"type":"surprised"},{"totalCount":29,"type":"sad"},{"totalCount":28,"type":"thinking"}]},"commentSummary":{"totalCount":188,"subCommentSummaries":[{"totalCount":146,"type":"comment"},{"totalCount":42,"type":"reply"}]}},{"id":"AATCPcT","type":"article","title":"McConnell Denounces R.N.C. Resolution Censuring Jan. 6 Panel Members","abstract":"WASHINGTON — Senator Mitch McConnell, the minority leader, pushed back hard on Tuesday on the Republican Party’s censure of Representatives Liz Cheney and Adam Kinzinger and its characterization of Jan. 6 as “legitimate political discourse,” saying the riot was a “violent insurrection.” The remarks from Mr. McConnell, the normally taciturn Kentucky Republican, added to a small but forceful chorus of G.O.P. lawmakers who have decried the action...","readTimeMin":3,"url":"https://www.msn.com/en-us/news/politics/mcconnell-denounces-r-n-c-resolution-censuring-jan-6-panel-members/ar-AATCPcT?ocid=spartan-dhp-feeds","locale":"en-us","topics":[{"label":"Top News","weight":1.0,"feedId":"Y_8c1db373-86c0-4213-9e06-0bb6deb2a336","locale":"en-us"},{"label":"Politics","weight":0.6348755955696106,"feedId":"Y_bced654c-7e2e-4c63-acb4-f3b3b89bd4e3","locale":"en-us"},{"label":"News","weight":0.6348755955696106,"feedId":"Y_9eb0ac10-32bc-43cf-816e-5beaaf524f7a","locale":"en-us"}],"feed":{"id":"Y_8c1db373-86c0-4213-9e06-0bb6deb2a336","feedName":"Top News"},"publishedDateTime":"2022-02-08T21:08:08Z","isFeatured":false,"images":[{"width":1600,"height":900,"url":"https://www.bing.com/th?id=ORMS.b356a398e9049faf0fe56c8e43913a88&pid=Wdp","focalRegion":{"x1":416,"x2":522,"y1":89,"y2":195},"colorSamples":[{"isDarkMode":true,"hexColor":"#303640"},{"isDarkMode":false,"hexColor":"#303640"}]}],"provider":{"id":"AA1jP16","name":"The New York Times","logoUrl":"https://img-s-msn-com.akamaized.net/tenant/amp/entityid/BBAq9.img"},"category":"news","reactionSummary":{"totalCount":2104,"subReactionSummaries":[{"totalCount":1011,"type":"like"},{"totalCount":605,"type":"angry"},{"totalCount":344,"type":"love"},{"totalCount":77,"type":"surprised"},{"totalCount":41,"type":"thinking"},{"totalCount":26,"type":"sad"}]},"commentSummary":{"totalCount":0}},{"id":"AATCXb8","type":"article","title":"The #1 Best Drink For Inflammation","abstract":"When it comes to reducing inflammation, what you drink is just as important as what you eat, so make sure you regularly drink this beverage.","readTimeMin":3,"url":"https://www.msn.com/en-us/health/nutrition/the-1-best-drink-for-inflammation/ar-AATCXb8?ocid=spartan-dhp-feeds","locale":"en-us","topics":[{"label":"Fortnite","weight":1.0,"feedId":"Y_864a0a28-5275-47eb-abd5-9a8cb8908544","locale":"en-us"},{"label":"Rocket League","weight":1.0,"feedId":"Y_be5a3572-1b3d-4995-8cea-e7aff24e83ae","locale":"en-us"},{"label":"Overwatch","weight":1.0,"feedId":"Y_f28a9b4a-2f63-4977-be72-7c43ffa5ba77","locale":"en-us"},{"label":"Health & Fitness","weight":1.0,"feedId":"Y_44f45265-863a-449b-b31c-7143a1d669a3","locale":"en-us"},{"label":"Health","weight":0.7797597050666809,"feedId":"Y_c95b134f-a01c-4439-a13f-337ca34f37ea","locale":"en-us"},{"label":"Nutrition","weight":0.7797597050666809,"feedId":"Y_fb32374e-b434-4c98-a8fc-8be0caee2b6c","locale":"en-us"},{"label":"Health and Fitness","weight":0.7797597050666809,"feedId":"Y_39162ebb-61d9-4c26-8520-a66d3a51da5b","locale":"en-us"},{"label":"Health news","weight":0.7742897868156433,"feedId":"Y_e9e6276b-7e2e-437e-8e9c-b45f1de22ba7","locale":"en-us"}],"feed":{"id":"Y_864a0a28-5275-47eb-abd5-9a8cb8908544","feedName":"Fortnite"},"publishedDateTime":"2022-02-08T22:14:53Z","isFeatured":false,"images":[{"width":1200,"height":879,"url":"https://www.bing.com/th?id=ORMS.5fddd849257b206885f93b5ab3d1849e&pid=Wdp","colorSamples":[{"isDarkMode":true,"hexColor":"#FFF4E6"},{"isDarkMode":false,"hexColor":"#FFF4E6"}]}],"provider":{"id":"AA9YvpU","name":"Eat This, Not That!","logoUrl":"https://img-s-msn-com.akamaized.net/tenant/amp/entityid/AA9YFNL.img"},"category":"health","reactionSummary":{"totalCount":37,"subReactionSummaries":[{"totalCount":24,"type":"like"},{"totalCount":5,"type":"love"},{"totalCount":4,"type":"thinking"},{"totalCount":2,"type":"surprised"},{"totalCount":2,"type":"angry"}]},"commentSummary":{"totalCount":1,"subCommentSummaries":[{"totalCount":1,"type":"comment"}]}},{"id":"AATD2dm","type":"article","title":"How can I add my WIC card to Amazon?","abstract":"Amazon gives a discount for WIC recipients for Prime, but the benefits can't be used as payment on their website.","readTimeMin":2,"url":"https://www.msn.com/en-us/health/nutrition/how-can-i-add-my-wic-card-to-amazon/ar-AATD2dm?ocid=spartan-dhp-feeds","locale":"en-us","topics":[{"label":"Health","weight":0.67298424243927,"feedId":"Y_c95b134f-a01c-4439-a13f-337ca34f37ea","locale":"en-us"},{"label":"Nutrition","weight":0.67298424243927,"feedId":"Y_fb32374e-b434-4c98-a8fc-8be0caee2b6c","locale":"en-us"},{"label":"Health and Fitness","weight":0.67298424243927,"feedId":"Y_39162ebb-61d9-4c26-8520-a66d3a51da5b","locale":"en-us"},{"label":"Food","weight":0.32378700375556946,"feedId":"Y_7af3de4b-665e-4109-bb4f-63a829f0495b","locale":"en-us"}],"feed":{"id":"Y_c95b134f-a01c-4439-a13f-337ca34f37ea","feedName":"Health"},"publishedDateTime":"2022-02-08T23:46:07Z","isFeatured":false,"images":[{"width":1200,"height":675,"url":"https://www.bing.com/th?id=ORMS.38463aa06af0ef6c49b8e45bb1247e15&pid=Wdp","colorSamples":[{"isDarkMode":true,"hexColor":"#4F5465"},{"isDarkMode":false,"hexColor":"#FDD199"}]}],"provider":{"id":"BBppuMh","name":"AS USA","logoUrl":"https://img-s-msn-com.akamaized.net/tenant/amp/entityid/BBr1pcL.img"},"category":"health","reactionSummary":{"totalCount":5,"subReactionSummaries":[{"totalCount":4,"type":"angry"},{"totalCount":1,"type":"like"}]},"commentSummary":{"totalCount":0}},{"id":"AATCIQ3","type":"video","title":"This designer is transforming Cameroon's fashion industry","abstract":"Cameroonian designer Kibonen Nfi is elevating the country's fashion industry while teaching locals the tricks of the trade.","url":"https://www.msn.com/en-us/health/medical/this-designer-is-transforming-cameroon-s-fashion-industry/vi-AATCIQ3?ocid=spartan-dhp-feeds","locale":"en-us","topics":[{"label":"Medical","weight":1.0,"feedId":"Y_0eb89e71-e765-4f2e-b608-b2f9d10e1b94","locale":"en-us"},{"label":"Health & Fitness","weight":1.0,"feedId":"Y_44f45265-863a-449b-b31c-7143a1d669a3","locale":"en-us"},{"label":"Health","weight":0.6486740112304688,"feedId":"Y_c95b134f-a01c-4439-a13f-337ca34f37ea","locale":"en-us"},{"label":"Medical news","weight":0.6486740112304688,"feedId":"Y_b5b3c1e9-25c5-4bc5-9953-eda566553e94","locale":"en-us"},{"label":"Health and Fitness","weight":0.6486740112304688,"feedId":"Y_39162ebb-61d9-4c26-8520-a66d3a51da5b","locale":"en-us"}],"videoMetadata":{"playTime":208,"closedCaptions":[{"locale":"en-us","href":"https://prod-video-cms-amp-microsoft-com.akamaized.net/tenant/amp/entityid/AATCIQ3?blobrefkey=closedcaptionen-us&$blob=1"}]},"externalVideoFiles":[{"url":"https://prod-streaming-video-msn-com.akamaized.net/01730ccd-737e-4cee-b37a-3a7ef122140f/5e2eda36-0f90-42d0-998b-94d4dc0d1b4e.mp4","contentType":"video/mp4","fileSize":211792019},{"url":"https://prod-streaming-video-msn-com.akamaized.net/86dbed8f-a6dd-4300-977e-4f8f07c47471/5e2eda36-0f90-42d0-998b-94d4dc0d.ism/manifest","width":1920,"height":1080},{"url":"https://prod-streaming-video-msn-com.akamaized.net/86dbed8f-a6dd-4300-977e-4f8f07c47471/5e2eda36-0f90-42d0-998b-94d4dc0d.ism/manifest(format=m3u8-aapl)","width":1920,"height":1080},{"url":"https://prod-streaming-video-msn-com.akamaized.net/86dbed8f-a6dd-4300-977e-4f8f07c47471/5e2eda36-0f90-42d0-998b-94d4dc0d.ism/manifest(format=mpd-time-csf)","width":1920,"height":1080},{"url":"https://prod-streaming-video-msn-com.akamaized.net/86dbed8f-a6dd-4300-977e-4f8f07c47471/5e2eda36-0f90-42d0-998b-94d4dc0d_6750.mp4","width":1920,"height":1080,"contentType":"video/mp4","fileSize":177011477},{"url":"https://prod-streaming-video-msn-com.akamaized.net/86dbed8f-a6dd-4300-977e-4f8f07c47471/5e2eda36-0f90-42d0-998b-94d4dc0d_3400.mp4","width":1280,"height":720,"contentType":"video/mp4","fileSize":90695085},{"url":"https://prod-streaming-video-msn-com.akamaized.net/86dbed8f-a6dd-4300-977e-4f8f07c47471/5e2eda36-0f90-42d0-998b-94d4dc0d_2250.mp4","width":960,"height":540,"contentType":"video/mp4","fileSize":61023796},{"url":"https://prod-streaming-video-msn-com.akamaized.net/86dbed8f-a6dd-4300-977e-4f8f07c47471/5e2eda36-0f90-42d0-998b-94d4dc0d_1500.mp4","width":960,"height":540,"contentType":"video/mp4","fileSize":41588957},{"url":"https://prod-streaming-video-msn-com.akamaized.net/86dbed8f-a6dd-4300-977e-4f8f07c47471/5e2eda36-0f90-42d0-998b-94d4dc0d_650.mp4","width":640,"height":360,"contentType":"video/mp4","fileSize":19611531}],"feed":{"id":"Y_0eb89e71-e765-4f2e-b608-b2f9d10e1b94","feedName":"Medical"},"publishedDateTime":"2022-02-08T21:59:28Z","isFeatured":false,"images":[{"width":1100,"height":619,"url":"https://www.bing.com/th?id=ORMS.3f3589a72cfd8244bdfb313c075324a9&pid=Wdp","focalRegion":{"x1":218,"x2":785,"y1":114,"y2":457},"colorSamples":[{"isDarkMode":true,"hexColor":"#494E6E"},{"isDarkMode":false,"hexColor":"#494E6E"}]}],"provider":{"id":"AAqcK7","name":"CNN","logoUrl":"https://img-s-msn-com.akamaized.net/tenant/amp/entityid/AAywGC0.img"},"category":"health","reactionSummary":{"totalCount":12,"subReactionSummaries":[{"totalCount":9,"type":"like"},{"totalCount":2,"type":"love"},{"totalCount":1,"type":"angry"}]},"commentSummary":{"totalCount":0}},{"id":"AATD7gj","type":"video","title":"Woman Learns Results Of Brain MRIs, How They May Explain What She’s Experienced Since Being Electrocuted","abstract":"Carly was electrocuted and almost died before her husband, Larry, resuscitated her. Since the accident, Carly says she’s having trouble and doesn’t feel like herself anymore. Larry says he’s noticed a difference in his wife, including some unusual behaviors, like talking slower, laughing at inappropriate times, and closely following him around. To determine if Carly’s brain may have been affected by the accident, Dr. Phil arranged for her to meet with Dr. Bradley Jabour, a world-renowned neuroradiologist who has pioneered cutting-edge breakthroughs in imaging and is one of the foremost experts on the impact trauma can have on the brain. Hear the results of Carly’s MRIs in the video above. Could they explain some of the behaviors she’s been experiencing? On Tuesday’s episode, \"Survived Electrocution, But Barely Living,\" hear the results of Carly's psychiatric assessment. Check local listings to find out where you can watch. WATCH: ‘I Just Feel Like I’m Not Myself Anymore,’ Says Woman Who Nearly Died After Being Electrocuted TELL DR. PHIL YOUR STORY: Hopelessly in need of Dr. Phil's Help?","url":"https://www.msn.com/en-us/health/medical/woman-learns-results-of-brain-mris-how-they-may-explain-what-she-s-experienced-since-being-electrocuted/vi-AATD7gj?ocid=spartan-dhp-feeds","locale":"en-us","topics":[{"label":"Wellness","weight":1.0,"feedId":"Y_c19564fe-ba4d-49be-9fe4-4324d244e1c0","locale":"en-us"},{"label":"Health","weight":0.8752784132957458,"feedId":"Y_c95b134f-a01c-4439-a13f-337ca34f37ea","locale":"en-us"},{"label":"Medical news","weight":0.8752784132957458,"feedId":"Y_b5b3c1e9-25c5-4bc5-9953-eda566553e94","locale":"en-us"},{"label":"Health and Fitness","weight":0.8752784132957458,"feedId":"Y_39162ebb-61d9-4c26-8520-a66d3a51da5b","locale":"en-us"},{"label":"Health news","weight":0.8140200972557068,"feedId":"Y_e9e6276b-7e2e-437e-8e9c-b45f1de22ba7","locale":"en-us"},{"label":"Self","weight":0.3279980421066284,"feedId":"Y_8e3b418c-86d2-4bca-bd25-27f6bbccd090","locale":"en-us"}],"videoMetadata":{"playTime":289,"closedCaptions":[{"locale":"en-us","href":"https://prod-video-cms-amp-microsoft-com.akamaized.net/tenant/amp/entityid/AATD7gj?blobrefkey=closedcaptionen-us&$blob=1"}]},"externalVideoFiles":[{"url":"https://prod-streaming-video-msn-com.akamaized.net/808a6317-bc5a-4ae6-b5a6-540daca65490/7ca3ce2d-5624-4ec8-9000-e1d8166b51c7.mp4","contentType":"video/mp4","fileSize":187809235},{"url":"https://prod-streaming-video-msn-com.akamaized.net/00c6e2bc-6027-4511-af7d-0a4dc4012f56/7ca3ce2d-5624-4ec8-9000-e1d8166b.ism/manifest","width":1920,"height":1080},{"url":"https://prod-streaming-video-msn-com.akamaized.net/00c6e2bc-6027-4511-af7d-0a4dc4012f56/7ca3ce2d-5624-4ec8-9000-e1d8166b.ism/manifest(format=m3u8-aapl)","width":1920,"height":1080},{"url":"https://prod-streaming-video-msn-com.akamaized.net/00c6e2bc-6027-4511-af7d-0a4dc4012f56/7ca3ce2d-5624-4ec8-9000-e1d8166b.ism/manifest(format=mpd-time-csf)","width":1920,"height":1080},{"url":"https://prod-streaming-video-msn-com.akamaized.net/00c6e2bc-6027-4511-af7d-0a4dc4012f56/7ca3ce2d-5624-4ec8-9000-e1d8166b_6750.mp4","width":1920,"height":1080,"contentType":"video/mp4","fileSize":246813752},{"url":"https://prod-streaming-video-msn-com.akamaized.net/00c6e2bc-6027-4511-af7d-0a4dc4012f56/7ca3ce2d-5624-4ec8-9000-e1d8166b_3400.mp4","width":1280,"height":720,"contentType":"video/mp4","fileSize":126505257},{"url":"https://prod-streaming-video-msn-com.akamaized.net/00c6e2bc-6027-4511-af7d-0a4dc4012f56/7ca3ce2d-5624-4ec8-9000-e1d8166b_2250.mp4","width":960,"height":540,"contentType":"video/mp4","fileSize":84998589},{"url":"https://prod-streaming-video-msn-com.akamaized.net/00c6e2bc-6027-4511-af7d-0a4dc4012f56/7ca3ce2d-5624-4ec8-9000-e1d8166b_1500.mp4","width":960,"height":540,"contentType":"video/mp4","fileSize":57961097},{"url":"https://prod-streaming-video-msn-com.akamaized.net/00c6e2bc-6027-4511-af7d-0a4dc4012f56/7ca3ce2d-5624-4ec8-9000-e1d8166b_650.mp4","width":640,"height":360,"contentType":"video/mp4","fileSize":27287938}],"feed":{"id":"Y_c19564fe-ba4d-49be-9fe4-4324d244e1c0","feedName":"Wellness"},"publishedDateTime":"2022-02-09T00:01:54Z","isFeatured":false,"images":[{"width":1920,"height":1080,"url":"https://www.bing.com/th?id=ORMS.7dc30944ccad96a32337b3b3b95df40c&pid=Wdp","colorSamples":[{"isDarkMode":true,"hexColor":"#303C32"},{"isDarkMode":false,"hexColor":"#303C32"}]}],"provider":{"id":"BBrl2la","name":"Dr. Phil","logoUrl":"https://img-s-msn-com.akamaized.net/tenant/amp/entityid/BBrmqI6.img"},"category":"health","reactionSummary":{"totalCount":8,"subReactionSummaries":[{"totalCount":5,"type":"like"},{"totalCount":2,"type":"love"},{"totalCount":1,"type":"surprised"}]},"commentSummary":{"totalCount":0}},{"id":"AATC5ex","type":"article","title":"The state of Texas is suing fitness influencer Brittany Dawn, saying she gave people with eating disorders bad health advice","abstract":"Brittany Dawn was called a \"scammer\" by some of her customers. Now, the Texas attorney general is suing her over her health and fitness plans.","readTimeMin":3,"url":"https://www.msn.com/en-us/news/other/the-state-of-texas-is-suing-fitness-influencer-brittany-dawn-saying-she-gave-people-with-eating-disorders-bad-health-advice/ar-AATC5ex?ocid=spartan-dhp-feeds","locale":"en-us","topics":[{"label":"Nutrition","weight":1.0,"feedId":"Y_fb32374e-b434-4c98-a8fc-8be0caee2b6c","locale":"en-us"},{"label":"Health and Fitness","weight":1.0,"feedId":"Y_39162ebb-61d9-4c26-8520-a66d3a51da5b","locale":"en-us"},{"label":"Health & Fitness","weight":1.0,"feedId":"Y_44f45265-863a-449b-b31c-7143a1d669a3","locale":"en-us"},{"label":"Health","weight":1.0,"feedId":"Y_c95b134f-a01c-4439-a13f-337ca34f37ea","locale":"en-us"},{"label":"Fitness","weight":1.0,"feedId":"Y_fa532640-8430-42e8-9fb6-3c7d0246bf20","locale":"en-us"},{"label":"Mental Health","weight":1.0,"feedId":"Y_c2d4ef6e-c1d5-48d5-ad84-66d730e4b5c5","locale":"en-us"},{"label":"News","weight":0.6311936974525452,"feedId":"Y_9eb0ac10-32bc-43cf-816e-5beaaf524f7a","locale":"en-us"}],"feed":{"id":"Y_fb32374e-b434-4c98-a8fc-8be0caee2b6c","feedName":"Nutrition"},"publishedDateTime":"2022-02-08T15:02:43Z","isFeatured":false,"images":[{"width":1478,"height":1109,"url":"https://www.bing.com/th?id=ORMS.3a8c50bb2991f6d7dfe88f120b3ff94b&pid=Wdp","focalRegion":{"x1":327,"x2":627,"y1":44,"y2":344}}],"provider":{"id":"BBmKCAX","name":"INSIDER","logoUrl":"https://img-s-msn-com.akamaized.net/tenant/amp/entityid/BB10dZNR.img"},"category":"news","reactionSummary":{"totalCount":323,"subReactionSummaries":[{"totalCount":185,"type":"like"},{"totalCount":49,"type":"love"},{"totalCount":37,"type":"surprised"},{"totalCount":31,"type":"thinking"},{"totalCount":19,"type":"angry"},{"totalCount":2,"type":"sad"}]},"commentSummary":{"totalCount":108,"subCommentSummaries":[{"totalCount":78,"type":"comment"},{"totalCount":30,"type":"reply"}]}},{"id":"AATCHsA","type":"article","title":"Arnold Schwarzenegger's son Joseph Baena reflects on dad","abstract":"Arnold Schwarzenegger's son Joseph Baena is opening up about his relationship with his father in the Men's Health March issue cover story.","readTimeMin":3,"url":"https://www.msn.com/en-us/movies/celebrity/arnold-schwarzenegger-s-son-joseph-baena-reflects-on-dad/ar-AATCHsA?ocid=spartan-dhp-feeds","locale":"en-us","topics":[{"label":"Entertainment News","weight":1.0,"feedId":"Y_fd29d629-260e-4efa-9836-feb7169c9841","locale":"en-us"},{"label":"Parenting","weight":1.0,"feedId":"Y_8cff069d-1db1-4a47-bbb1-ac9713055c77","locale":"en-us"},{"label":"Entertainment","weight":1.0,"feedId":"Y_414a7c40-a373-4025-b4ce-e9502e9e17ed","locale":"en-us"},{"label":"Health and Fitness","weight":1.0,"feedId":"Y_39162ebb-61d9-4c26-8520-a66d3a51da5b","locale":"en-us"},{"label":"Health & Fitness","weight":1.0,"feedId":"Y_44f45265-863a-449b-b31c-7143a1d669a3","locale":"en-us"},{"label":"Health","weight":1.0,"feedId":"Y_c95b134f-a01c-4439-a13f-337ca34f37ea","locale":"en-us"},{"label":"Movies","weight":1.0,"feedId":"Y_2a7bc05a-60f4-46df-a4ef-e938b38a4ccd","locale":"en-us"},{"label":"Family","weight":0.257922500371933,"feedId":"Y_29fdc676-8bda-45eb-a83a-664cdec026c9","locale":"en-us"}],"feed":{"id":"Y_fd29d629-260e-4efa-9836-feb7169c9841","feedName":"Entertainment News"},"publishedDateTime":"2022-02-08T19:05:45Z","isFeatured":false,"images":[{"width":1908,"height":1146,"url":"https://www.bing.com/th?id=ORMS.287f891a43bb58c913ff2be71e2e3b2a&pid=Wdp","focalRegion":{"x1":269,"x2":782,"y1":66,"y2":235},"colorSamples":[{"isDarkMode":true,"hexColor":"#664D2A"},{"isDarkMode":false,"hexColor":"#664D2A"}]}],"provider":{"id":"AAuyR5X","name":"Daily Mail","logoUrl":"https://img-s-msn-com.akamaized.net/tenant/amp/entityid/AAvcS6D.img"},"category":"movies","reactionSummary":{"totalCount":32,"subReactionSummaries":[{"totalCount":18,"type":"like"},{"totalCount":5,"type":"angry"},{"totalCount":4,"type":"love"},{"totalCount":3,"type":"surprised"},{"totalCount":2,"type":"thinking"}]},"commentSummary":{"totalCount":4,"subCommentSummaries":[{"totalCount":3,"type":"comment"},{"totalCount":1,"type":"reply"}]}},{"id":"AATCYTb","type":"article","title":"'Jeopardy' champ Amy Schneider quits day job, says she's 'excited' for the new challenge","abstract":"Former \"Jeopardy!\" contestant Amy Schneider is changing career plans after becoming the quiz show's second all-time winner.","readTimeMin":2,"url":"https://www.msn.com/en-us/tv/news/jeopardy-champ-amy-schneider-quits-day-job-says-she-s-excited-for-the-new-challenge/ar-AATCYTb?ocid=spartan-dhp-feeds","locale":"en-us","topics":[{"label":"Entertainment News","weight":1.0,"feedId":"Y_fd29d629-260e-4efa-9836-feb7169c9841","locale":"en-us"},{"label":"TV News","weight":1.0,"feedId":"Y_a1cd9a12-a7ea-49f3-9366-12a2e2a0d5ca","locale":"en-us"},{"label":"TV","weight":0.8441617488861084,"feedId":"Y_ecf14ace-5910-4da7-a26f-3919270f1200","locale":"en-us"},{"label":"Entertainment","weight":0.8441617488861084,"feedId":"Y_414a7c40-a373-4025-b4ce-e9502e9e17ed","locale":"en-us"}],"feed":{"id":"Y_fd29d629-260e-4efa-9836-feb7169c9841","feedName":"Entertainment News"},"publishedDateTime":"2022-02-09T01:13:45Z","isFeatured":false,"images":[{"width":388,"height":388,"url":"https://www.bing.com/th?id=ORMS.2674b579f1513a4a9b1872d92b9a28e8&pid=Wdp","focalRegion":{"x1":142,"x2":226,"y1":48,"y2":132},"colorSamples":[{"isDarkMode":true,"hexColor":"#101367"},{"isDarkMode":false,"hexColor":"#101367"}]}],"provider":{"id":"AAnTEc","name":"USA TODAY","logoUrl":"https://img-s-msn-com.akamaized.net/tenant/amp/entityid/BBNvr53.img"},"category":"tv","reactionSummary":{"totalCount":131,"subReactionSummaries":[{"totalCount":62,"type":"like"},{"totalCount":33,"type":"angry"},{"totalCount":20,"type":"love"},{"totalCount":9,"type":"thinking"},{"totalCount":4,"type":"sad"},{"totalCount":3,"type":"surprised"}]},"commentSummary":{"totalCount":0}},{"id":"AATClDk","type":"article","title":"Lakers Have Reportedly Made Trade Offer To Celtics","abstract":"With the NBA trade deadline just two days away, the Boston Celtics and Los Angeles Lakers could potentially strike a deal. According to Brian Robb of MassLive, the Lakers have offered the Celtics a future pick and Talen Horton-Tucker in exchange for Josh Richardson. Robb’s latest report states that Los Angeles has been shopping a […] The post Lakers Have Reportedly Made Trade Offer To Celtics appeared first on The Spun.","readTimeMin":2,"url":"https://www.msn.com/en-us/sports/nba/lakers-have-reportedly-made-trade-offer-to-celtics/ar-AATClDk?ocid=spartan-dhp-feeds","locale":"en-us","topics":[{"label":"Sports","subLabels":["Preview"],"weight":0.9991374611854553,"feedId":"Y_b09e3e40-000d-454d-87ef-96631d7c9e7c","locale":"en-us"}],"feed":{"id":"Y_b09e3e40-000d-454d-87ef-96631d7c9e7c","feedName":"Sports"},"publishedDateTime":"2022-02-08T18:36:19Z","isFeatured":false,"images":[{"width":775,"height":465,"url":"https://www.bing.com/th?id=ORMS.50fc29713ebf7fffff3cc73bb0d9c453&pid=Wdp","colorSamples":[{"isDarkMode":true,"hexColor":"#E8D5B5"},{"isDarkMode":false,"hexColor":"#E8D5B5"}]}],"provider":{"id":"BB199c9L","name":"The Spun","logoUrl":"https://img-s-msn-com.akamaized.net/tenant/amp/entityid/AALER5n.img"},"category":"sports","reactionSummary":{"totalCount":33,"subReactionSummaries":[{"totalCount":17,"type":"like"},{"totalCount":11,"type":"love"},{"totalCount":3,"type":"surprised"},{"totalCount":1,"type":"angry"},{"totalCount":1,"type":"thinking"}]},"commentSummary":{"totalCount":3,"subCommentSummaries":[{"totalCount":2,"type":"comment"},{"totalCount":1,"type":"reply"}]}},{"id":"AATD0vQ","type":"article","title":"Model Lottie Moss Reveals She Has Checked Into Rehab, Saying 'I Took Euphoria Too Literally'","abstract":"Lottie Moss referenced HBO's Euphoria as she told fans she was recently admitted into treatment","readTimeMin":3,"url":"https://www.msn.com/en-us/tv/celebrity/model-lottie-moss-reveals-she-has-checked-into-rehab-saying-i-took-euphoria-too-literally/ar-AATD0vQ?ocid=spartan-dhp-feeds","locale":"en-us","topics":[{"label":"Entertainment News","weight":1.0,"feedId":"Y_fd29d629-260e-4efa-9836-feb7169c9841","locale":"en-us"},{"label":"TV News","weight":1.0,"feedId":"Y_a1cd9a12-a7ea-49f3-9366-12a2e2a0d5ca","locale":"en-us"},{"label":"Mental Health","weight":1.0,"feedId":"Y_c2d4ef6e-c1d5-48d5-ad84-66d730e4b5c5","locale":"en-us"},{"label":"TV Slideshow","weight":1.0,"feedId":"Y_25a27619-efc7-4652-938c-0b9a5cf8be66","locale":"en-us"},{"label":"Entertainment","weight":1.0,"feedId":"Y_414a7c40-a373-4025-b4ce-e9502e9e17ed","locale":"en-us"},{"label":"TV","weight":1.0,"feedId":"Y_ecf14ace-5910-4da7-a26f-3919270f1200","locale":"en-us"},{"label":"Health and Fitness","weight":1.0,"feedId":"Y_39162ebb-61d9-4c26-8520-a66d3a51da5b","locale":"en-us"},{"label":"Health & Fitness","weight":1.0,"feedId":"Y_44f45265-863a-449b-b31c-7143a1d669a3","locale":"en-us"},{"label":"Health","weight":1.0,"feedId":"Y_c95b134f-a01c-4439-a13f-337ca34f37ea","locale":"en-us"}],"feed":{"id":"Y_fd29d629-260e-4efa-9836-feb7169c9841","feedName":"Entertainment News"},"publishedDateTime":"2022-02-09T00:25:08Z","isFeatured":false,"images":[{"width":1500,"height":1000,"url":"https://www.bing.com/th?id=ORMS.e7e03f0f09ffee23f88245a52ba03d68&pid=Wdp","focalRegion":{"x1":466,"x2":644,"y1":121,"y2":299}}],"provider":{"id":"BBlOXnw","name":"People","logoUrl":"https://img-s-msn-com.akamaized.net/tenant/amp/entityid/AAywHbG.img"},"category":"tv","reactionSummary":{"totalCount":25,"subReactionSummaries":[{"totalCount":17,"type":"like"},{"totalCount":5,"type":"love"},{"totalCount":1,"type":"surprised"},{"totalCount":1,"type":"sad"},{"totalCount":1,"type":"angry"}]},"commentSummary":{"totalCount":2,"subCommentSummaries":[{"totalCount":2,"type":"comment"}]}},{"id":"AATBsfh","type":"article","title":"GOP frustration mounts as Trump focuses on Jan. 6","abstract":"Republicans are growing increasingly frustrated by former President Trump's renewed focus on the Jan. 6, 2021, riot on Capitol Hill, worried that it could throw a wrench into their midterm plans as they seek to retake Congress. Barely over a month ago, Trump was talking up his administration's success with the coronavirus vaccines. But in recent weeks he tacked back to focusing on the 2020 election and the insurrection, claiming former Vice...","readTimeMin":4,"url":"https://www.msn.com/en-us/news/politics/gop-frustration-mounts-as-trump-focuses-on-jan-6/ar-AATBsfh?ocid=spartan-dhp-feeds","locale":"en-us","topics":[{"label":"News","weight":0.9498777389526367,"feedId":"Y_9eb0ac10-32bc-43cf-816e-5beaaf524f7a","locale":"en-us"},{"label":"Politics","weight":0.9498777389526367,"feedId":"Y_bced654c-7e2e-4c63-acb4-f3b3b89bd4e3","locale":"en-us"}],"feed":{"id":"Y_9eb0ac10-32bc-43cf-816e-5beaaf524f7a","feedName":"News"},"publishedDateTime":"2022-02-08T11:00:20Z","isFeatured":false,"images":[{"width":980,"height":551,"url":"https://www.bing.com/th?id=ORMS.3818f5591d32680341447e71507a0843&pid=Wdp","colorSamples":[{"isDarkMode":true,"hexColor":"#2A2A34"},{"isDarkMode":false,"hexColor":"#2A2A34"}]}],"provider":{"id":"BB5lUEX","name":"The Hill","logoUrl":"https://img-s-msn-com.akamaized.net/tenant/amp/entityid/BBUvpML.img"},"category":"news","reactionSummary":{"totalCount":539,"subReactionSummaries":[{"totalCount":294,"type":"like"},{"totalCount":94,"type":"angry"},{"totalCount":90,"type":"love"},{"totalCount":30,"type":"thinking"},{"totalCount":19,"type":"sad"},{"totalCount":12,"type":"surprised"}]},"commentSummary":{"totalCount":0}},{"id":"AATCbGT","type":"article","title":"Johnson & Johnson quietly halted production of its COVID-19 vaccines: NYT","abstract":"The Times reported that the company shut down the only plant making usable vaccine batches in the Netherlands late last year.","readTimeMin":1,"url":"https://www.msn.com/en-us/health/medical/johnson-johnson-quietly-halted-production-of-its-covid-19-vaccines-nyt/ar-AATCbGT?ocid=spartan-dhp-feeds","locale":"en-us","topics":[{"label":"Coronavirus","weight":1.0,"feedId":"Y_46cba2b4-26fd-492e-a1c0-41ec9917c10b","locale":"en-us"},{"label":"Medical","weight":1.0,"feedId":"Y_0eb89e71-e765-4f2e-b608-b2f9d10e1b94","locale":"en-us"},{"label":"Medical News","weight":1.0,"feedId":"Y_b5b3c1e9-25c5-4bc5-9953-eda566553e94","locale":"en-us"},{"label":"Health and Fitness","weight":1.0,"feedId":"Y_39162ebb-61d9-4c26-8520-a66d3a51da5b","locale":"en-us"},{"label":"Health & Fitness","weight":1.0,"feedId":"Y_44f45265-863a-449b-b31c-7143a1d669a3","locale":"en-us"},{"label":"Health","weight":1.0,"feedId":"Y_c95b134f-a01c-4439-a13f-337ca34f37ea","locale":"en-us"},{"label":"Health news","weight":0.576219916343689,"feedId":"Y_e9e6276b-7e2e-437e-8e9c-b45f1de22ba7","locale":"en-us"}],"feed":{"id":"Y_46cba2b4-26fd-492e-a1c0-41ec9917c10b","feedName":"Coronavirus"},"publishedDateTime":"2022-02-08T16:18:50Z","isFeatured":false,"images":[{"width":910,"height":683,"url":"https://www.bing.com/th?id=ORMS.24a6f09215e0552e207cbe2b7eb534a4&pid=Wdp","colorSamples":[{"isDarkMode":true,"hexColor":"#E2E3DC"},{"isDarkMode":false,"hexColor":"#E2E3DC"}]}],"provider":{"id":"AA28VO","name":"Business Insider","logoUrl":"https://img-s-msn-com.akamaized.net/tenant/amp/entityid/AAQk7ql.img"},"category":"health","reactionSummary":{"totalCount":182,"subReactionSummaries":[{"totalCount":75,"type":"like"},{"totalCount":49,"type":"thinking"},{"totalCount":21,"type":"surprised"},{"totalCount":20,"type":"love"},{"totalCount":15,"type":"angry"},{"totalCount":2,"type":"sad"}]},"commentSummary":{"totalCount":0}},{"id":"AATBBNH","type":"article","title":"Two inmates who escaped Tennessee jail through air vent are dead, authorities say","abstract":"Two of three Tennessee inmates who escaped a county jail through the HVAC air vent system are now dead, and the hunt for the third is ongoing, authorities announced.","readTimeMin":2,"url":"https://www.msn.com/en-us/news/crime/two-inmates-who-escaped-tennessee-jail-through-air-vent-are-dead-authorities-say/ar-AATBBNH?ocid=spartan-dhp-feeds","locale":"en-us","topics":[{"label":"Crime","weight":0.7208189964294434,"feedId":"Y_6f320357-0418-4bb0-a654-f5ba77f31552","locale":"en-us"},{"label":"News","weight":0.7208189964294434,"feedId":"Y_9eb0ac10-32bc-43cf-816e-5beaaf524f7a","locale":"en-us"}],"feed":{"id":"Y_6f320357-0418-4bb0-a654-f5ba77f31552","feedName":"Crime"},"publishedDateTime":"2022-02-09T03:15:16Z","isFeatured":false,"images":[{"width":1200,"height":600,"url":"https://www.bing.com/th?id=ORMS.d0a6ccbe32b42290868b80b1ecd5db51&pid=Wdp","focalRegion":{"x1":70,"x2":975,"y1":107,"y2":325},"colorSamples":[{"isDarkMode":true,"hexColor":"#1C5180"},{"isDarkMode":false,"hexColor":"#1C5180"}]}],"provider":{"id":"BBpg4Jv","name":"NBC News","logoUrl":"https://img-s-msn-com.akamaized.net/tenant/amp/entityid/BBAJ56P.img"},"category":"news","reactionSummary":{"totalCount":1188,"subReactionSummaries":[{"totalCount":630,"type":"like"},{"totalCount":259,"type":"love"},{"totalCount":175,"type":"surprised"},{"totalCount":58,"type":"thinking"},{"totalCount":34,"type":"sad"},{"totalCount":32,"type":"angry"}]},"commentSummary":{"totalCount":179,"subCommentSummaries":[{"totalCount":118,"type":"comment"},{"totalCount":61,"type":"reply"}]}},{"id":"AATCgsd","type":"article","title":"Wild Theories Swirl After Plane Passenger Spots 'Dementor' Shape in the Sky","abstract":"Responding to accusations a video may have been faked, Zoë Montoya shared a follow-up, saying, \"Yeah bestie this is definitely my own video I took yesterday.\"","readTimeMin":4,"url":"https://www.msn.com/en-us/news/us/wild-theories-swirl-after-plane-passenger-spots-dementor-shape-in-the-sky/ar-AATCgsd?ocid=spartan-dhp-feeds","locale":"en-us","topics":[{"label":"Top News","weight":1.0,"feedId":"Y_8c1db373-86c0-4213-9e06-0bb6deb2a336","locale":"en-us"},{"label":"News","weight":0.8923355937004089,"feedId":"Y_9eb0ac10-32bc-43cf-816e-5beaaf524f7a","locale":"en-us"},{"label":"US","weight":0.8923355937004089,"feedId":"Y_a3b33cc2-2c47-48ba-a975-4b87b597644b","locale":"en-us"}],"feed":{"id":"Y_8c1db373-86c0-4213-9e06-0bb6deb2a336","feedName":"Top News"},"publishedDateTime":"2022-02-08T16:53:15Z","isFeatured":false,"images":[{"width":2400,"height":1600,"url":"https://www.bing.com/th?id=ORMS.1cbc02f14d4f4f781b60dbac061e44e0&pid=Wdp","colorSamples":[{"isDarkMode":true,"hexColor":"#23232D"},{"isDarkMode":false,"hexColor":"#23232D"}]}],"provider":{"id":"AA2e5M","name":"Newsweek","logoUrl":"https://img-s-msn-com.akamaized.net/tenant/amp/entityid/AA38A54.img"},"category":"news","reactionSummary":{"totalCount":1187,"subReactionSummaries":[{"totalCount":574,"type":"like"},{"totalCount":279,"type":"love"},{"totalCount":197,"type":"surprised"},{"totalCount":96,"type":"thinking"},{"totalCount":24,"type":"angry"},{"totalCount":17,"type":"sad"}]},"commentSummary":{"totalCount":301,"subCommentSummaries":[{"totalCount":171,"type":"comment"},{"totalCount":130,"type":"reply"}]}},{"id":"AATBWgn","type":"article","title":"My girlfriend moved to my city to be closer to me. We decided to live apart for the benefit of our children.","abstract":"The author shares how she and her girlfriend decided to live in separate apartments and what the benefits and drawbacks are.","readTimeMin":3,"url":"https://www.msn.com/en-us/lifestyle/lifestyle-buzz/my-girlfriend-moved-to-my-city-to-be-closer-to-me-we-decided-to-live-apart-for-the-benefit-of-our-children/ar-AATBWgn?ocid=spartan-dhp-feeds","locale":"en-us","topics":[{"label":"News","weight":0.6719715595245361,"feedId":"Y_9eb0ac10-32bc-43cf-816e-5beaaf524f7a","locale":"en-us"}],"feed":{"id":"Y_9eb0ac10-32bc-43cf-816e-5beaaf524f7a","feedName":"News"},"publishedDateTime":"2022-02-08T13:30:00Z","isFeatured":false,"images":[{"width":2316,"height":1741,"url":"https://www.bing.com/th?id=ORMS.9b1b3a7b180f45f48c04fd33a4b59a6c&pid=Wdp","focalRegion":{"x1":247,"x2":725,"y1":194,"y2":672},"colorSamples":[{"isDarkMode":true,"hexColor":"#271E20"},{"isDarkMode":false,"hexColor":"#E4DADA"}]}],"provider":{"id":"BBmKCAX","name":"INSIDER","logoUrl":"https://img-s-msn-com.akamaized.net/tenant/amp/entityid/BB10dZNR.img"},"category":"lifestyle","reactionSummary":{"totalCount":63,"subReactionSummaries":[{"totalCount":29,"type":"like"},{"totalCount":13,"type":"love"},{"totalCount":7,"type":"angry"},{"totalCount":6,"type":"surprised"},{"totalCount":6,"type":"thinking"},{"totalCount":2,"type":"sad"}]},"commentSummary":{"totalCount":11,"subCommentSummaries":[{"totalCount":7,"type":"comment"},{"totalCount":4,"type":"reply"}]}},{"id":"AATCIDH","type":"slideshow","title":"Wendy Williams 'healing slower than hoped' as producers consider her replacement, plus more news","abstract":"Wendy Williams won't return to her show this season amid reports Sherri Shepherd could take over. Plus, more celeb news for Feb. 8, 2022.","url":"https://www.msn.com/en-us/entertainment/entertainment-celebrity/wendy-williams-healing-slower-than-hoped-as-producers-consider-her-replacement-plus-more-news/ss-AATCIDH?ocid=spartan-dhp-feeds","locale":"en-us","topics":[{"label":"Entertainment","weight":1.0,"feedId":"Y_414a7c40-a373-4025-b4ce-e9502e9e17ed","locale":"en-us"},{"label":"Celebrities","weight":1.0,"feedId":"Y_c78438b0-ec84-49ed-b8f8-49fc91059089","locale":"en-us"},{"label":"Celebrities and Royals News","weight":1.0,"feedId":"Y_6da7c728-6dac-49b0-8e35-ecfe0b41c198","locale":"en-us"}],"galleryItemCount":8,"feed":{"id":"Y_414a7c40-a373-4025-b4ce-e9502e9e17ed","feedName":"Entertainment"},"slides":[{"title":"Sheri Shepherd is reportedly in talks to take over 'The Wendy Williams Show' semi-permanently","body":"<p>Goodbye, Wendy Williams, hello Sheri Shepherd? After <a href=\"https://www.wonderwall.com/news/wendy-williams-claims-lots-more-wendy-stuff-is-coming-as-she-leaves-wellness-center-529853.article\">months of struggling</a> with serious health issues, Wendy was expected to return to her eponymous talk show in March, following Sheri's guest host stint. But according to a report published by <a href=\"https://www.tmz.com/2022/02/08/wendy-williams-show-sherri-shepherd-replacement-permanent-guest-host/\">TMZ</a> on Feb. 8, Sheri and the show's execs are about to sign off on a deal that would make her the show's \"permanent guest host.\" Sources tell the outlet producers plan to keep an eye on Wendy's recovery from a variety of medical problems, including Graves Disease and a thyroid condition, that seemed to kick into overdrive after she <a href=\"https://www.wonderwall.com/celebrity/photos/stars-diagnosed-with-covid-19-428711.gallery\">contracted COVID-19 </a>and stepped away from the show last summer. Though she was rumored to have been dealing with mental health challenges around that time, as well, a source tells <a href=\"https://people.com/tv/wendy-williams-wont-be-returning-to-her-talk-show-for-rest-of-this-season-source/\">People</a> \"<span>reports of a stroke, drugs or addiction issues or a dementia diagnosis are all false.\" Should Wendy still feel unable to come back on as host in September, the plan is reportedly for Sherri to take over. The show's name would also be tweaked to reflect its new host, according to TMZ's sources. If she feels well enough to helm the show again, sources say she'll be welcomed to return, but according to People's source, </span>Wendy \"won't be returning for the rest of this season,\" as her \"healing is going slower than everyone had hoped.\" <span>Since Wendy's departure at the end of Season 13, other guest hosts have included Leah Remini, Whitney Cummings and Bill Bellamy. </span></p><p><em>Keep reading to find out which Hollywood power couples just made Oscar nomination history ...</em></p>","image":{"width":1676,"height":2514,"quality":92,"url":"https://img-s-msn-com.akamaized.net/tenant/amp/entityid/AATCSIH.img","attribution":"Gregory Pace/Shutterstock","title":"Sheri Shepherd is reportedly in talks to take over 'The Wendy Williams Show' semi-permanently","caption":"<p>Goodbye, Wendy Williams, hello Sheri Shepherd? After <a href=\"https://www.wonderwall.com/news/wendy-williams-claims-lots-more-wendy-stuff-is-coming-as-she-leaves-wellness-center-529853.article\">months of struggling</a> with serious health issues, Wendy was expected to return to her eponymous talk show in March, following Sheri's guest host stint. But according to a report published by <a href=\"https://www.tmz.com/2022/02/08/wendy-williams-show-sherri-shepherd-replacement-permanent-guest-host/\">TMZ</a> on Feb. 8, Sheri and the show's execs are about to sign off on a deal that would make her the show's \"permanent guest host.\" Sources tell the outlet producers plan to keep an eye on Wendy's recovery from a variety of medical problems, including Graves Disease and a thyroid condition, that seemed to kick into overdrive after she <a href=\"https://www.wonderwall.com/celebrity/photos/stars-diagnosed-with-covid-19-428711.gallery\">contracted COVID-19 </a>and stepped away from the show last summer. Though she was rumored to have been dealing with mental health challenges around that time, as well, a source tells <a href=\"https://people.com/tv/wendy-williams-wont-be-returning-to-her-talk-show-for-rest-of-this-season-source/\">People</a> \"<span>reports of a stroke, drugs or addiction issues or a dementia diagnosis are all false.\" Should Wendy still feel unable to come back on as host in September, the plan is reportedly for Sherri to take over. The show's name would also be tweaked to reflect its new host, according to TMZ's sources. If she feels well enough to helm the show again, sources say she'll be welcomed to return, but according to People's source, </span>Wendy \"won't be returning for the rest of this season,\" as her \"healing is going slower than everyone had hoped.\" <span>Since Wendy's departure at the end of Season 13, other guest hosts have included Leah Remini, Whitney Cummings and Bill Bellamy. </span></p><p><em>Keep reading to find out which Hollywood power couples just made Oscar nomination history ...</em></p>","focalRegion":{"x1":250,"x2":443,"y1":109,"y2":302},"source":"msn"}},{"title":"Couples Kirsten Dunst and Jesse Plemons and Javier Bardem and Penelope Cruz make Oscar history with acting nods","body":"<p>The <a href=\"https://www.wonderwall.com/awards-events/oscars/oscar-nominations-2022-see-how-the-stars-reacted-to-their-nods-556796.gallery\">2022 Oscar nominations </a>were announced on Feb. 8, and \"The Power of the Dog\" came out firmly in the lead with a whopping 12 nominations, including Best Picture and Best Director (Jane Campion). The Western psychodrama also earned nods for one of two high-profile Hollywood couples who snagged nominations this year. \"The Power of the Dog\" stars Kirsten Dunst is up for Best Actress, and her partner and costar Jesse Plemons is nominated for Best Actor in a Supporting Role. Married duo <a href=\"https://www.wonderwall.com/celebrity/profiles/overview/javier-bardem-1029.article\">Javier Bardem</a> and Penélope Cruz also both have a chance to win Oscar gold next month -- Javier is nominated for performance in \"Being the Ricardos,\" while Penelope is up for \"Parallel Mothers.\" That makes 2022 \"the first time we've had two couples nominated in the same year covering all 4 acting categories,\" The New York Times' reporter Kyle Buchanan <a href=\"https://twitter.com/kylebuchanan/status/1491044373789745161\">tweeted</a>. There's actually a long history of both members of Hollywood couples being nominated for Academy Awards in the same year. As for both partners winning in the same year ... not so much. In 2009, Angelina Jolie was nominated for best actress for \"Changeling\" and her husband at the time, <a href=\"https://www.wonderwall.com/celebrity/profiles/overview/brad-pitt-245.article\">Brad Pitt</a> was up for best actor for \"The Curious Case of Benjamin Button.\" Neither snagged a win. Two years earlier, Michelle Williams and Heath Ledger were both nominated -- and both lost -- for \"Brokeback Mountain.\" After Susan Sarandon and her then-husband Tim Robbins were both nominated for 1995's \"Dead Man Walking,\" only Susan won. Jack Nicholson also failed to win his category while his then-partner Anjelica Huston won hers after they both appeared in 1995's \"Prizzi's Honor.\" The Oscars air March 27 from Los Angeles.</p>","image":{"width":2518,"height":3600,"quality":91,"url":"https://img-s-msn-com.akamaized.net/tenant/amp/entityid/AATCWCT.img","attribution":"CraSH/imageSPACE/Shutterstock","title":"Couples Kirsten Dunst and Jesse Plemons and Javier Bardem and Penelope Cruz make Oscar history with acting nods","caption":"<p>The <a href=\"https://www.wonderwall.com/awards-events/oscars/oscar-nominations-2022-see-how-the-stars-reacted-to-their-nods-556796.gallery\">2022 Oscar nominations </a>were announced on Feb. 8, and \"The Power of the Dog\" came out firmly in the lead with a whopping 12 nominations, including Best Picture and Best Director (Jane Campion). The Western psychodrama also earned nods for one of two high-profile Hollywood couples who snagged nominations this year. \"The Power of the Dog\" stars Kirsten Dunst is up for Best Actress, and her partner and costar Jesse Plemons is nominated for Best Actor in a Supporting Role. Married duo <a href=\"https://www.wonderwall.com/celebrity/profiles/overview/javier-bardem-1029.article\">Javier Bardem</a> and Penélope Cruz also both have a chance to win Oscar gold next month -- Javier is nominated for performance in \"Being the Ricardos,\" while Penelope is up for \"Parallel Mothers.\" That makes 2022 \"the first time we've had two couples nominated in the same year covering all 4 acting categories,\" The New York Times' reporter Kyle Buchanan <a href=\"https://twitter.com/kylebuchanan/status/1491044373789745161\">tweeted</a>. There's actually a long history of both members of Hollywood couples being nominated for Academy Awards in the same year. As for both partners winning in the same year ... not so much. In 2009, Angelina Jolie was nominated for best actress for \"Changeling\" and her husband at the time, <a href=\"https://www.wonderwall.com/celebrity/profiles/overview/brad-pitt-245.article\">Brad Pitt</a> was up for best actor for \"The Curious Case of Benjamin Button.\" Neither snagged a win. Two years earlier, Michelle Williams and Heath Ledger were both nominated -- and both lost -- for \"Brokeback Mountain.\" After Susan Sarandon and her then-husband Tim Robbins were both nominated for 1995's \"Dead Man Walking,\" only Susan won. Jack Nicholson also failed to win his category while his then-partner Anjelica Huston won hers after they both appeared in 1995's \"Prizzi's Honor.\" The Oscars air March 27 from Los Angeles.</p>","focalRegion":{"x1":281,"x2":457,"y1":111,"y2":186},"source":"msn"}},{"title":"Cardi B's 3-year-old daughter reportedly targeted by cyberbullies","body":"<p>The Instagram account Cardi B set up for her daughter Kulture, now 3, back in 2020, has been set to <a href=\"https://www.instagram.com/kulturekiari/?hl=en\">private</a> after Cardi reportedly found hate-filled messages and comments on her toddler's page. The <a href=\"https://www.dailymail.co.uk/tvshowbiz/article-10487535/Cardi-B-makes-three-year-old-daughter-Kultures-Instagram-private-receiving-cruel-comments.html\">Daily Mail</a> reports Cardi made the change on Feb. 7. \"Haven't been checking my daughter account but now I'm going to lock her page,\" she reportedly tweeted before calling out \"weirdos\" for attacking her child. She later deleted the tweets, according to the Mail. Screenshots published by the outlet show some of the largely unprintable insults trolls were using to bully Kulture, who'd already racked up 2.3 million followers on the platform. Cardi's update to her daughter's Instagram comes after the rapper was awarded at least<a href=\"https://www.wonderwall.com/news/cardi-b-awarded-1m-in-libel-lawsuit-against-blogger-550783.article\"> $1 million </a>in a defamation case she filed against blogger and YouTuber Tasha K, who made unsubstantiated claims about Cardi's sex life, among other personal matters, years earlier. After the case went to trial and Cardi won, she said in a statement, \"The unchecked behavior and provably false content on platforms like YouTube have to be addressed and removed.\" Cardi shares Kulture with her husband, Migos rapper Offset. The two welcomed their second child together, a boy, in September.</p>","image":{"width":2400,"height":3600,"quality":79,"url":"https://img-s-msn-com.akamaized.net/tenant/amp/entityid/AATCFNg.img","attribution":"MediaPunch/Shutterstock","title":"Cardi B's 3-year-old daughter reportedly targeted by cyberbullies","caption":"<p>The Instagram account Cardi B set up for her daughter Kulture, now 3, back in 2020, has been set to <a href=\"https://www.instagram.com/kulturekiari/?hl=en\">private</a> after Cardi reportedly found hate-filled messages and comments on her toddler's page. The <a href=\"https://www.dailymail.co.uk/tvshowbiz/article-10487535/Cardi-B-makes-three-year-old-daughter-Kultures-Instagram-private-receiving-cruel-comments.html\">Daily Mail</a> reports Cardi made the change on Feb. 7. \"Haven't been checking my daughter account but now I'm going to lock her page,\" she reportedly tweeted before calling out \"weirdos\" for attacking her child. She later deleted the tweets, according to the Mail. Screenshots published by the outlet show some of the largely unprintable insults trolls were using to bully Kulture, who'd already racked up 2.3 million followers on the platform. Cardi's update to her daughter's Instagram comes after the rapper was awarded at least<a href=\"https://www.wonderwall.com/news/cardi-b-awarded-1m-in-libel-lawsuit-against-blogger-550783.article\"> $1 million </a>in a defamation case she filed against blogger and YouTuber Tasha K, who made unsubstantiated claims about Cardi's sex life, among other personal matters, years earlier. After the case went to trial and Cardi won, she said in a statement, \"The unchecked behavior and provably false content on platforms like YouTube have to be addressed and removed.\" Cardi shares Kulture with her husband, Migos rapper Offset. The two welcomed their second child together, a boy, in September.</p>","focalRegion":{"x1":159,"x2":511,"y1":61,"y2":251},"source":"msn"}}],"publishedDateTime":"2022-02-09T01:06:52Z","isFeatured":false,"images":[{"width":1676,"height":2514,"url":"https://www.bing.com/th?id=ORMS.03e45791ba01eb5d28d0ca5c594fb7ef&pid=Wdp","focalRegion":{"x1":250,"x2":443,"y1":109,"y2":302},"colorSamples":[{"isDarkMode":true,"hexColor":"#DCE3E9"},{"isDarkMode":false,"hexColor":"#DCE3E9"}]}],"provider":{"id":"AA5HhRQ","name":"Wonderwall","logoUrl":"https://img-s-msn-com.akamaized.net/tenant/amp/entityid/AAfZ6og.img"},"category":"entertainment","reactionSummary":{"totalCount":119,"subReactionSummaries":[{"totalCount":69,"type":"like"},{"totalCount":14,"type":"sad"},{"totalCount":13,"type":"love"},{"totalCount":12,"type":"angry"},{"totalCount":7,"type":"surprised"},{"totalCount":4,"type":"thinking"}]},"commentSummary":{"totalCount":4,"subCommentSummaries":[{"totalCount":4,"type":"comment"}]}},{"id":"AATCV7j","type":"article","title":"Try These 5 Simple Breathing Exercises for Sleep","abstract":"Experts break down everything you need to know about breathing techniques for sleep, including the best ones to try if you can’t seem to score those coveted zzz’s.","readTimeMin":7,"url":"https://www.msn.com/en-us/health/fitness/try-these-5-simple-breathing-exercises-for-sleep/ar-AATCV7j?ocid=spartan-dhp-feeds","locale":"en-us","topics":[{"label":"Nutrition","weight":1.0,"feedId":"Y_fb32374e-b434-4c98-a8fc-8be0caee2b6c","locale":"en-us"},{"label":"Fitness","weight":1.0,"feedId":"Y_fa532640-8430-42e8-9fb6-3c7d0246bf20","locale":"en-us"},{"label":"Mental Health","weight":1.0,"feedId":"Y_c2d4ef6e-c1d5-48d5-ad84-66d730e4b5c5","locale":"en-us"},{"label":"Lifestyle","weight":1.0,"feedId":"Y_99096e96-6d4f-401c-832b-461e08143a5a","locale":"en-us"},{"label":"Mindfulness","weight":1.0,"feedId":"Y_6d35becd-72c6-4880-ba85-3e56ee10fcf9","locale":"en-us"},{"label":"Health and Fitness","weight":1.0,"feedId":"Y_39162ebb-61d9-4c26-8520-a66d3a51da5b","locale":"en-us"},{"label":"Health & Fitness","weight":1.0,"feedId":"Y_44f45265-863a-449b-b31c-7143a1d669a3","locale":"en-us"},{"label":"Health","weight":1.0,"feedId":"Y_c95b134f-a01c-4439-a13f-337ca34f37ea","locale":"en-us"},{"label":"Wellness","weight":1.0,"feedId":"Y_c19564fe-ba4d-49be-9fe4-4324d244e1c0","locale":"en-us"},{"label":"Health news","weight":0.8483358025550842,"feedId":"Y_e9e6276b-7e2e-437e-8e9c-b45f1de22ba7","locale":"en-us"},{"label":"Self","weight":0.4669315814971924,"feedId":"Y_8e3b418c-86d2-4bca-bd25-27f6bbccd090","locale":"en-us"}],"feed":{"id":"Y_fb32374e-b434-4c98-a8fc-8be0caee2b6c","feedName":"Nutrition"},"publishedDateTime":"2022-02-09T00:21:25Z","isFeatured":false,"images":[{"width":2000,"height":1334,"url":"https://www.bing.com/th?id=ORMS.50b7dbf52ac70b0879781fdaa0212fc2&pid=Wdp"}],"provider":{"id":"BBLTOcT","name":"Shape","logoUrl":"https://img-s-msn-com.akamaized.net/tenant/amp/entityid/BBNSkEQ.img"},"category":"health","reactionSummary":{"totalCount":7,"subReactionSummaries":[{"totalCount":5,"type":"like"},{"totalCount":1,"type":"love"},{"totalCount":1,"type":"surprised"}]},"commentSummary":{"totalCount":0}},{"id":"AATBBDY","type":"article","title":"China's 'Debt Bomb' Is Going off Under Xi Jinping | Opinion","abstract":"Confidence that China can somehow avoid an impending financial crisis is misplaced.","readTimeMin":4,"url":"https://www.msn.com/en-us/news/world/china-s-debt-bomb-is-going-off-under-xi-jinping-opinion/ar-AATBBDY?ocid=spartan-dhp-feeds","locale":"en-us","topics":[{"label":"News","weight":0.6651552319526672,"feedId":"Y_9eb0ac10-32bc-43cf-816e-5beaaf524f7a","locale":"en-us"},{"label":"World","weight":0.6651552319526672,"feedId":"Y_ee352f2b-a60f-41b3-9b10-4d54b4e7f3f9","locale":"en-us"}],"feed":{"id":"Y_9eb0ac10-32bc-43cf-816e-5beaaf524f7a","feedName":"News"},"publishedDateTime":"2022-02-08T11:30:01Z","isFeatured":false,"images":[{"width":2500,"height":1667,"url":"https://www.bing.com/th?id=ORMS.8fd004f636b402a6d1905cf2dd4954c8&pid=Wdp","focalRegion":{"x1":336,"x2":652,"y1":164,"y2":480},"colorSamples":[{"isDarkMode":true,"hexColor":"#4D482C"},{"isDarkMode":false,"hexColor":"#E3D2BB"}]}],"provider":{"id":"AA2e5M","name":"Newsweek","logoUrl":"https://img-s-msn-com.akamaized.net/tenant/amp/entityid/AA38A54.img"},"category":"news","reactionSummary":{"totalCount":565,"subReactionSummaries":[{"totalCount":302,"type":"like"},{"totalCount":141,"type":"love"},{"totalCount":44,"type":"thinking"},{"totalCount":34,"type":"surprised"},{"totalCount":34,"type":"angry"},{"totalCount":10,"type":"sad"}]},"commentSummary":{"totalCount":286,"subCommentSummaries":[{"totalCount":130,"type":"comment"},{"totalCount":156,"type":"reply"}]}},{"id":"AATBFt2","type":"article","title":"Steve Irwin's son, Robert Irwin, almost attacked by 12-foot crocodile on camera","abstract":"The son of Steve Irwin, Robert Irwin, was almost attacked by a 12-foot crocodile while filming \"Crikey! It's the Irwins.\"","readTimeMin":2,"url":"https://www.msn.com/en-us/tv/news/steve-irwin-s-son-robert-irwin-almost-attacked-by-12-foot-crocodile-on-camera/ar-AATBFt2?ocid=spartan-dhp-feeds","locale":"en-us","topics":[{"label":"Entertainment","weight":1.0,"feedId":"Y_414a7c40-a373-4025-b4ce-e9502e9e17ed","locale":"en-us"},{"label":"TV","weight":1.0,"feedId":"Y_ecf14ace-5910-4da7-a26f-3919270f1200","locale":"en-us"},{"label":"Entertainment News","weight":1.0,"feedId":"Y_fd29d629-260e-4efa-9836-feb7169c9841","locale":"en-us"},{"label":"TV News","weight":1.0,"feedId":"Y_a1cd9a12-a7ea-49f3-9366-12a2e2a0d5ca","locale":"en-us"}],"feed":{"id":"Y_414a7c40-a373-4025-b4ce-e9502e9e17ed","feedName":"Entertainment"},"publishedDateTime":"2022-02-08T12:42:14Z","isFeatured":false,"images":[{"width":854,"height":480,"url":"https://www.bing.com/th?id=ORMS.504f65f865f9a0fa6cc7e5b31b314008&pid=Wdp","focalRegion":{"x1":134,"x2":775,"y1":78,"y2":224},"colorSamples":[{"isDarkMode":true,"hexColor":"#6E4E26"},{"isDarkMode":false,"hexColor":"#6E4E26"}]}],"provider":{"id":"AAnTEc","name":"USA TODAY","logoUrl":"https://img-s-msn-com.akamaized.net/tenant/amp/entityid/BBNvr53.img"},"category":"tv","reactionSummary":{"totalCount":838,"subReactionSummaries":[{"totalCount":351,"type":"like"},{"totalCount":293,"type":"surprised"},{"totalCount":105,"type":"love"},{"totalCount":38,"type":"sad"},{"totalCount":34,"type":"thinking"},{"totalCount":17,"type":"angry"}]},"commentSummary":{"totalCount":90,"subCommentSummaries":[{"totalCount":77,"type":"comment"},{"totalCount":13,"type":"reply"}]}},{"id":"AATCBG0","type":"article","title":"Look: Alvin Kamara’s Alleged Victim Shares Photo Of His Injuries","abstract":"Shortly after the Pro Bowl wrapped up on Sunday at Allegiant Stadium, New Orleans Saints running back Alvin Kamara was arrested and charged with battery resulting in substantial bodily harm. He was released after posting bail on Sunday night. According to multiple reports, video surveillance shows Kamara punching a man, Darnell Greene, several times. Kamara’s […] The post Look: Alvin Kamara’s Alleged Victim Shares Photo Of His Injuries appeared...","readTimeMin":1,"url":"https://www.msn.com/en-us/sports/nfl/look-alvin-kamara-s-alleged-victim-shares-photo-of-his-injuries/ar-AATCBG0?ocid=spartan-dhp-feeds","locale":"en-us","topics":[{"label":"Sports","weight":0.9998019933700562,"feedId":"Y_b09e3e40-000d-454d-87ef-96631d7c9e7c","locale":"en-us"},{"label":"Crime","weight":0.7023091912269592,"feedId":"Y_6f320357-0418-4bb0-a654-f5ba77f31552","locale":"en-us"},{"label":"News","weight":0.7023091912269592,"feedId":"Y_9eb0ac10-32bc-43cf-816e-5beaaf524f7a","locale":"en-us"}],"feed":{"id":"Y_b09e3e40-000d-454d-87ef-96631d7c9e7c","feedName":"Sports"},"publishedDateTime":"2022-02-08T20:06:21Z","isFeatured":false,"images":[{"width":775,"height":465,"url":"https://www.bing.com/th?id=ORMS.2ce22c7fc3889e024115e33f44a69d72&pid=Wdp","colorSamples":[{"isDarkMode":true,"hexColor":"#2C4395"},{"isDarkMode":false,"hexColor":"#B3DBF2"}]}],"provider":{"id":"BB199c9L","name":"The Spun","logoUrl":"https://img-s-msn-com.akamaized.net/tenant/amp/entityid/AALER5n.img"},"category":"sports","reactionSummary":{"totalCount":56,"subReactionSummaries":[{"totalCount":22,"type":"like"},{"totalCount":13,"type":"love"},{"totalCount":9,"type":"angry"},{"totalCount":8,"type":"surprised"},{"totalCount":4,"type":"thinking"}]},"commentSummary":{"totalCount":0}},{"id":"AATCM4O","type":"article","title":"Watch: This Husky Has Absolutely No Interest in Leaving the Dog Park and It's So Funny","abstract":"There is only one thing, apparently, that will persuade Archer to leave the dog park. (It rhymes with \"beats.\")","readTimeMin":2,"url":"https://www.msn.com/en-us/lifestyle/pets/watch-this-husky-has-absolutely-no-interest-in-leaving-the-dog-park-and-it-s-so-funny/ar-AATCM4O?ocid=spartan-dhp-feeds","locale":"en-us","topics":[{"label":"Lifestyle","weight":1.0,"feedId":"Y_99096e96-6d4f-401c-832b-461e08143a5a","locale":"en-us"},{"label":"Pets","weight":0.4590988755226135,"feedId":"Y_61bcb5f6-7540-4056-84d0-2bdb86f06789","locale":"en-us"}],"feed":{"id":"Y_99096e96-6d4f-401c-832b-461e08143a5a","feedName":"Lifestyle"},"publishedDateTime":"2022-02-08T22:26:25Z","isFeatured":false,"images":[{"width":2000,"height":1333,"url":"https://www.bing.com/th?id=ORMS.a629ae5458f435cbde45a174674b7de7&pid=Wdp","colorSamples":[{"isDarkMode":true,"hexColor":"#6A4F2D"},{"isDarkMode":false,"hexColor":"#6A4F2D"}]}],"provider":{"id":"BB1cGYuG","name":"Daily Paws","logoUrl":"https://img-s-msn-com.akamaized.net/tenant/amp/entityid/BB1cGPuF.img"},"category":"lifestyle","reactionSummary":{"totalCount":190,"subReactionSummaries":[{"totalCount":109,"type":"like"},{"totalCount":49,"type":"love"},{"totalCount":20,"type":"surprised"},{"totalCount":6,"type":"angry"},{"totalCount":5,"type":"thinking"},{"totalCount":1,"type":"sad"}]},"commentSummary":{"totalCount":12,"subCommentSummaries":[{"totalCount":8,"type":"comment"},{"totalCount":4,"type":"reply"}]}},{"id":"AATBX8o","type":"article","title":"Russell Wilson Reportedly Open To Surprising Trade Destination","abstract":"Russell Wilson hasn’t officially demanded a trade from the Seattle Seahawks, but that won’t stop rumors from swirling. On a recent episode of “The Kevin Sheehan Show,” Sheehan revealed one team that Wilson wouldn’t be against playing for. That team happens to be the Washington Commanders. “I did talk to a few people in Vegas,” […] The post Russell Wilson Reportedly Open To Surprising Trade Destination appeared first on The Spun.","readTimeMin":2,"url":"https://www.msn.com/en-us/sports/nfl/russell-wilson-reportedly-open-to-surprising-trade-destination/ar-AATBX8o?ocid=spartan-dhp-feeds","locale":"en-us","topics":[{"label":"Sports","subLabels":["Preview"],"weight":0.9987090826034546,"feedId":"Y_b09e3e40-000d-454d-87ef-96631d7c9e7c","locale":"en-us"}],"feed":{"id":"Y_b09e3e40-000d-454d-87ef-96631d7c9e7c","feedName":"Sports"},"publishedDateTime":"2022-02-08T14:11:32Z","isFeatured":false,"images":[{"width":775,"height":465,"url":"https://www.bing.com/th?id=ORMS.2b3b613da6e7662b456d5069b57d3a11&pid=Wdp","colorSamples":[{"isDarkMode":true,"hexColor":"#22273E"},{"isDarkMode":false,"hexColor":"#22273E"}]}],"provider":{"id":"BB199c9L","name":"The Spun","logoUrl":"https://img-s-msn-com.akamaized.net/tenant/amp/entityid/AALER5n.img"},"category":"sports","reactionSummary":{"totalCount":482,"subReactionSummaries":[{"totalCount":271,"type":"like"},{"totalCount":81,"type":"love"},{"totalCount":51,"type":"surprised"},{"totalCount":43,"type":"thinking"},{"totalCount":19,"type":"sad"},{"totalCount":17,"type":"angry"}]},"commentSummary":{"totalCount":110,"subCommentSummaries":[{"totalCount":55,"type":"comment"},{"totalCount":55,"type":"reply"}]}},{"id":"AATBp5v","type":"slideshow","title":"Baby Blues by Rick Kirkman and Jerry Scott","abstract":"Baby Blues by Rick Kirkman and Jerry Scott","url":"https://www.msn.com/en-us/entertainment/comics/baby-blues-by-rick-kirkman-and-jerry-scott/ss-AATBp5v?ocid=spartan-dhp-feeds","locale":"en-us","topics":[],"galleryItemCount":14,"feed":{"feedName":"news"},"slides":[{"image":{"width":3850,"height":1220,"quality":97,"url":"https://img-s-msn-com.akamaized.net/tenant/amp/entityid/AATBc8y.img","attribution":"Rick Kirkman and Jerry Scott/Rick Kirkman and Jerry Scott","title":"Baby Blues by Rick Kirkman and Jerry Scott","source":"msn"}},{"image":{"width":3850,"height":1219,"quality":99,"url":"https://img-s-msn-com.akamaized.net/tenant/amp/entityid/AATBfgt.img","attribution":"Rick Kirkman and Jerry Scott/Rick Kirkman and Jerry Scott","title":"Baby Blues by Rick Kirkman and Jerry Scott","source":"msn"}},{"image":{"width":1950,"height":619,"quality":100,"url":"https://img-s-msn-com.akamaized.net/tenant/amp/entityid/AATBweN.img","attribution":"Rick Kirkman and Jerry Scott/Rick Kirkman and Jerry Scott","title":"Baby Blues by Rick Kirkman and Jerry Scott","source":"msn"}}],"publishedDateTime":"2022-02-08T10:28:16Z","isFeatured":false,"images":[{"width":3850,"height":1220,"url":"https://www.bing.com/th?id=ORMS.0d34b1ff9183571aee9fa36be8e6f71f&pid=Wdp","colorSamples":[{"isDarkMode":true,"hexColor":"#E4DCEC"},{"isDarkMode":false,"hexColor":"#E4DCEC"}]}],"provider":{"id":"AAJzgYT","name":"Comics Kingdom","logoUrl":"https://img-s-msn-com.akamaized.net/tenant/amp/entityid/AAJzh1P.img"},"category":"entertainment","reactionSummary":{"totalCount":53,"subReactionSummaries":[{"totalCount":29,"type":"like"},{"totalCount":23,"type":"love"},{"totalCount":1,"type":"surprised"}]},"commentSummary":{"totalCount":0}}]},{"id":"AATCIYs","type":"article","title":"Gov. J.B. Pritzker set to unveil exit plan for mask mandate","abstract":"Gov. J.B. Pritzker is set to unveil his planned off-ramp from pandemic restrictions in Illinois on Wednesday as the omicron-driven COVID-19 surge continues to subside, sources said. Pritzker said during an appearance in Springfield on Tuesday that people looking for some indication of when his mask mandate would end should “stay tuned.” “We’re very close,” he said, while declining to offer any ...","readTimeMin":5,"url":"https://www.msn.com/en-us/news/us/gov-j-b-pritzker-set-to-unveil-exit-plan-for-mask-mandate/ar-AATCIYs?ocid=spartan-dhp-feeds","locale":"en-us","isLocalContent":true,"topics":[{"label":"Chicago","weight":100.0,"feedId":"Y_645976e3-13d3-44f3-8f86-f2aabc50632c","locale":"en-us"},{"label":"News","weight":0.8289419412612915,"feedId":"Y_9eb0ac10-32bc-43cf-816e-5beaaf524f7a","locale":"en-us"},{"label":"US","weight":0.8289419412612915,"feedId":"Y_a3b33cc2-2c47-48ba-a975-4b87b597644b","locale":"en-us"}],"feed":{"id":"Y_645976e3-13d3-44f3-8f86-f2aabc50632c","feedName":"Chicago"},"publishedDateTime":"2022-02-09T00:57:10Z","isFeatured":false,"images":[{"width":2048,"height":1365,"url":"https://www.bing.com/th?id=ORMS.34b7551cdc464edc87709919fae35794&pid=Wdp","colorSamples":[{"isDarkMode":true,"hexColor":"#442025"},{"isDarkMode":false,"hexColor":"#442025"}]}],"provider":{"id":"AAqaDv","name":"Chicago Tribune","logoUrl":"https://img-s-msn-com.akamaized.net/tenant/amp/entityid/AA60izF.img"},"category":"news","reactionSummary":{"totalCount":18,"subReactionSummaries":[{"totalCount":8,"type":"like"},{"totalCount":5,"type":"angry"},{"totalCount":3,"type":"love"},{"totalCount":1,"type":"surprised"},{"totalCount":1,"type":"thinking"}]},"commentSummary":{"totalCount":0}},{"id":"AASWuAK","type":"article","title":"Here's How to Score the Best Super Bowl Food Deals in 2022","abstract":"Hellooo, wings. And fries. And pizza.","readTimeMin":3,"url":"https://www.msn.com/en-us/foodanddrink/foodnews/here-s-how-to-score-the-best-super-bowl-food-deals-in-2022/ar-AASWuAK?ocid=spartan-dhp-feeds","locale":"en-us","topics":[{"label":"Food","weight":0.932561457157135,"feedId":"Y_7af3de4b-665e-4109-bb4f-63a829f0495b","locale":"en-us"}],"feed":{"id":"Y_7af3de4b-665e-4109-bb4f-63a829f0495b","feedName":"Food"},"publishedDateTime":"2022-02-08T23:01:00Z","isFeatured":false,"images":[{"width":1414,"height":708,"url":"https://www.bing.com/th?id=ORMS.5808121cdde8d2ce4bbdaa98c64bc12e&pid=Wdp"}],"provider":{"id":"BB1bcHqf","name":"The Pioneer Woman","logoUrl":"https://img-s-msn-com.akamaized.net/tenant/amp/entityid/BB1bcHut.img"},"category":"foodanddrink","reactionSummary":{"totalCount":13,"subReactionSummaries":[{"totalCount":11,"type":"like"},{"totalCount":1,"type":"love"},{"totalCount":1,"type":"surprised"}]},"commentSummary":{"totalCount":0}},{"id":"AATCUui","type":"article","title":"This Skillet Soufflé Pancake Method Is Foolproof and Stress-Free","abstract":"While soufflé pancakes are typically made with a French meringue, the Swiss version is less prone to deflating, making it a more foolproof method for soufflés.","readTimeMin":4,"url":"https://www.msn.com/en-us/foodanddrink/recipes/this-skillet-soufflé-pancake-method-is-foolproof-and-stress-free/ar-AATCUui?ocid=spartan-dhp-feeds","locale":"en-us","topics":[{"label":"Food","weight":0.9895185828208923,"feedId":"Y_7af3de4b-665e-4109-bb4f-63a829f0495b","locale":"en-us"},{"label":"Cooking","weight":0.9895185828208923,"feedId":"Y_1153bfcc-2c0e-4b06-980b-fd26b203078b","locale":"en-us"},{"label":"Food & Drink","weight":0.8211609721183777,"feedId":"Y_a62334dc-d568-4d3d-9bcf-7099bd0d55d2","locale":"en-us"},{"label":"Recipes","weight":0.8211609721183777,"feedId":"Y_c787f435-c830-48e4-83cd-54a2e4730a8d","locale":"en-us"},{"label":"Food and Drink","weight":0.8211609721183777,"feedId":"Y_aae602ed-e842-4fef-819c-88c6d23b95da","locale":"en-us"}],"feed":{"id":"Y_7af3de4b-665e-4109-bb4f-63a829f0495b","feedName":"Food"},"publishedDateTime":"2022-02-08T20:50:39Z","isFeatured":false,"images":[{"width":3435,"height":3435,"url":"https://www.bing.com/th?id=ORMS.8c0863987716edbbc5ad8e9c4acab829&pid=Wdp","colorSamples":[{"isDarkMode":true,"hexColor":"#F9DAA1"},{"isDarkMode":false,"hexColor":"#F9DAA1"}]}],"provider":{"id":"AA3asjC","name":"Epicurious","logoUrl":"https://img-s-msn-com.akamaized.net/tenant/amp/entityid/AA9Aicg.img"},"category":"foodanddrink","reactionSummary":{"totalCount":6,"subReactionSummaries":[{"totalCount":3,"type":"like"},{"totalCount":2,"type":"surprised"},{"totalCount":1,"type":"thinking"}]},"commentSummary":{"totalCount":0}},{"id":"AATD1tp","type":"article","title":"32 Olympic Athletes in Isolation After Testing Positive for COVID amid Concerns Over Quarantine Accommodations","abstract":"Figure skater Vincent Zhou became the latest athlete to receive a positive COVID test on Monday","readTimeMin":3,"url":"https://www.msn.com/en-us/sports/winter-olympics/32-olympic-athletes-in-isolation-after-testing-positive-for-covid-amid-concerns-over-quarantine-accommodations/ar-AATD1tp?ocid=spartan-dhp-feeds","locale":"en-us","topics":[{"label":"Coronavirus","weight":1.0,"feedId":"Y_46cba2b4-26fd-492e-a1c0-41ec9917c10b","locale":"en-us"},{"label":"Wellness","weight":1.0,"feedId":"Y_c19564fe-ba4d-49be-9fe4-4324d244e1c0","locale":"en-us"},{"label":"Sports","subLabels":["Covid"],"weight":0.9172800779342651,"feedId":"Y_b09e3e40-000d-454d-87ef-96631d7c9e7c","locale":"en-us"},{"label":"Olympics","weight":0.9172800779342651,"feedId":"Y_cf5e06e9-c43f-403c-ac6a-25de20b18c63","locale":"en-us"},{"label":"Sports news","subLabels":["Covid"],"weight":0.907390296459198,"feedId":"Y_cf67a66a-37a7-4248-a54b-91afc8129ef7","locale":"en-us"},{"label":"Health","weight":0.6967974305152893,"feedId":"Y_c95b134f-a01c-4439-a13f-337ca34f37ea","locale":"en-us"},{"label":"Medical news","weight":0.6967974305152893,"feedId":"Y_b5b3c1e9-25c5-4bc5-9953-eda566553e94","locale":"en-us"},{"label":"Health and Fitness","weight":0.6967974305152893,"feedId":"Y_39162ebb-61d9-4c26-8520-a66d3a51da5b","locale":"en-us"},{"label":"Self","weight":0.31430235505104065,"feedId":"Y_8e3b418c-86d2-4bca-bd25-27f6bbccd090","locale":"en-us"}],"feed":{"id":"Y_46cba2b4-26fd-492e-a1c0-41ec9917c10b","feedName":"Coronavirus"},"publishedDateTime":"2022-02-09T01:41:51Z","isFeatured":false,"images":[{"width":1500,"height":1000,"url":"https://www.bing.com/th?id=ORMS.773d0ff79e9fabc6f759128f4b4fece1&pid=Wdp","focalRegion":{"x1":423,"x2":608,"y1":113,"y2":298},"colorSamples":[{"isDarkMode":true,"hexColor":"#61441F"},{"isDarkMode":false,"hexColor":"#61441F"}]}],"provider":{"id":"BBlOXnw","name":"People","logoUrl":"https://img-s-msn-com.akamaized.net/tenant/amp/entityid/AAywHbG.img"},"category":"sports","reactionSummary":{"totalCount":7,"subReactionSummaries":[{"totalCount":3,"type":"angry"},{"totalCount":2,"type":"love"},{"totalCount":1,"type":"like"},{"totalCount":1,"type":"sad"}]},"commentSummary":{"totalCount":0}},{"id":"AATCv1Q","type":"article","title":"A former Emirates flight attendant says cabin crew returning from maternity leave struggle and 'starve themselves' to meet the airline's image standards","abstract":"Former Emirates onboard senior flight attendant Jay Robert says colleagues returning from maternity leave would \"starve themselves\" to fit uniforms.","readTimeMin":4,"url":"https://www.msn.com/en-us/travel/news/a-former-emirates-flight-attendant-says-cabin-crew-returning-from-maternity-leave-struggle-and-starve-themselves-to-meet-the-airline-s-image-standards/ar-AATCv1Q?ocid=spartan-dhp-feeds","locale":"en-us","topics":[{"label":"Parenting","weight":1.0,"feedId":"Y_8cff069d-1db1-4a47-bbb1-ac9713055c77","locale":"en-us"},{"label":"Nutrition","weight":1.0,"feedId":"Y_fb32374e-b434-4c98-a8fc-8be0caee2b6c","locale":"en-us"},{"label":"Travel","weight":1.0,"feedId":"Y_d5d7002e-3d1e-453e-8b3a-cc05502992dc","locale":"en-us"},{"label":"Health and Fitness","weight":1.0,"feedId":"Y_39162ebb-61d9-4c26-8520-a66d3a51da5b","locale":"en-us"},{"label":"Health & Fitness","weight":1.0,"feedId":"Y_44f45265-863a-449b-b31c-7143a1d669a3","locale":"en-us"},{"label":"Health","weight":1.0,"feedId":"Y_c95b134f-a01c-4439-a13f-337ca34f37ea","locale":"en-us"},{"label":"Mental Health","weight":1.0,"feedId":"Y_c2d4ef6e-c1d5-48d5-ad84-66d730e4b5c5","locale":"en-us"}],"feed":{"id":"Y_8cff069d-1db1-4a47-bbb1-ac9713055c77","feedName":"Parenting"},"publishedDateTime":"2022-02-08T18:26:03Z","isFeatured":false,"images":[{"width":2400,"height":1800,"url":"https://www.bing.com/th?id=ORMS.36af4c57ae79a59ca674a842f7978ac2&pid=Wdp","focalRegion":{"x1":377,"x2":645,"y1":164,"y2":246},"colorSamples":[{"isDarkMode":true,"hexColor":"#AFE2FF"},{"isDarkMode":false,"hexColor":"#AFE2FF"}]}],"provider":{"id":"BBmKCAX","name":"INSIDER","logoUrl":"https://img-s-msn-com.akamaized.net/tenant/amp/entityid/BB10dZNR.img"},"category":"travel","reactionSummary":{"totalCount":23,"subReactionSummaries":[{"totalCount":8,"type":"angry"},{"totalCount":5,"type":"like"},{"totalCount":3,"type":"love"},{"totalCount":3,"type":"surprised"},{"totalCount":3,"type":"thinking"},{"totalCount":1,"type":"sad"}]},"commentSummary":{"totalCount":6,"subCommentSummaries":[{"totalCount":6,"type":"comment"}]}},{"id":"AATCUth","type":"article","title":"Roberts’s Grip Slips as Supreme Court Conservatives Curb Voting Rights","abstract":"Chief Justice John Roberts was once in the vanguard as the U.S. Supreme Court rolled back the Voting Rights Act. But as his more conservative colleagues showed Monday in restoring a Republican-drawn Alabama congressional map, Roberts is no longer in control.","readTimeMin":4,"url":"https://www.msn.com/en-us/money/markets/roberts-s-grip-slips-as-supreme-court-conservatives-curb-voting-rights/ar-AATCUth?ocid=spartan-dhp-feeds","locale":"en-us","topics":[{"label":"Money","weight":0.6449865698814392,"feedId":"Y_f714b6e2-e9db-41d0-9b5f-b2e0a52f85da","locale":"en-us"},{"label":"Business","weight":0.6449865698814392,"feedId":"Y_367b7be1-6bd2-44e7-95b3-b0d077ccc28d","locale":"en-us"}],"feed":{"id":"Y_f714b6e2-e9db-41d0-9b5f-b2e0a52f85da","feedName":"Money"},"publishedDateTime":"2022-02-08T21:50:37Z","isFeatured":false,"images":[{"width":2000,"height":1333,"url":"https://www.bing.com/th?id=ORMS.7573991b8dbeea365b2283bfdc1bce71&pid=Wdp","colorSamples":[{"isDarkMode":true,"hexColor":"#2F2B25"},{"isDarkMode":false,"hexColor":"#2F2B25"}]}],"provider":{"id":"AAjfXM","name":"Bloomberg","logoUrl":"https://img-s-msn-com.akamaized.net/tenant/amp/entityid/AA3lldo.img"},"category":"money","reactionSummary":{"totalCount":200,"subReactionSummaries":[{"totalCount":83,"type":"like"},{"totalCount":68,"type":"angry"},{"totalCount":33,"type":"love"},{"totalCount":8,"type":"sad"},{"totalCount":6,"type":"thinking"},{"totalCount":2,"type":"surprised"}]},"commentSummary":{"totalCount":163,"subCommentSummaries":[{"totalCount":60,"type":"comment"},{"totalCount":103,"type":"reply"}]}},{"id":"AATCNJA","type":"article","title":"Alleged ‘ringleader' in recent high-end smash-and-grabs, retail thefts arrested","abstract":"CHICAGO - The alleged “ringleader” of multiple smash-and-grab robberies and retail thefts was arrested Monday evening. Tacarre Harper, 27, of Maywood, is facing charges related to smash-and-grabs from November through January. Police believe Harper organized two heists at a Burberry store in the 600 block of North Michigan Avenue. In those heists, ...","readTimeMin":2,"url":"https://www.msn.com/en-us/news/crime/alleged-ringleader-in-recent-high-end-smash-and-grabs-retail-thefts-arrested/ar-AATCNJA?ocid=spartan-dhp-feeds","locale":"en-us","isLocalContent":true,"topics":[{"label":"Chicago","weight":100.0,"feedId":"Y_645976e3-13d3-44f3-8f86-f2aabc50632c","locale":"en-us"},{"label":"Crime","weight":0.6655851602554321,"feedId":"Y_6f320357-0418-4bb0-a654-f5ba77f31552","locale":"en-us"},{"label":"News","weight":0.6655851602554321,"feedId":"Y_9eb0ac10-32bc-43cf-816e-5beaaf524f7a","locale":"en-us"}],"feed":{"id":"Y_645976e3-13d3-44f3-8f86-f2aabc50632c","feedName":"Chicago"},"publishedDateTime":"2022-02-08T23:16:32Z","isFeatured":false,"images":[{"width":900,"height":506,"url":"https://www.bing.com/th?id=ORMS.8c405f2ec43b207f5578bbf911f41b79&pid=Wdp","focalRegion":{"x1":384,"x2":560,"y1":115,"y2":291},"colorSamples":[{"isDarkMode":true,"hexColor":"#0C0C4C"},{"isDarkMode":false,"hexColor":"#E9DDC2"}]}],"provider":{"id":"BBQzoE0","name":"WGN-TV Chicago","logoUrl":"https://img-s-msn-com.akamaized.net/tenant/amp/entityid/BBTUWkq.img"},"category":"news","reactionSummary":{"totalCount":22,"subReactionSummaries":[{"totalCount":17,"type":"like"},{"totalCount":5,"type":"love"}]},"commentSummary":{"totalCount":0}},{"id":"AATD8JX","type":"video","title":"Hear doctor's grim prognosis for unvaccinated Covid-19 patient","abstract":"CNN's Gary Tuchman looks at one South Dakota hospital that is overwhelmed with Covid-19 patients, in a state that is experiencing explosive Covid-19 case counts.","url":"https://www.msn.com/en-us/health/medical/hear-doctor-s-grim-prognosis-for-unvaccinated-covid-19-patient/vi-AATD8JX?ocid=spartan-dhp-feeds","locale":"en-us","topics":[{"label":"Medical","weight":1.0,"feedId":"Y_0eb89e71-e765-4f2e-b608-b2f9d10e1b94","locale":"en-us"},{"label":"Health & Fitness","weight":1.0,"feedId":"Y_44f45265-863a-449b-b31c-7143a1d669a3","locale":"en-us"},{"label":"Medical news","weight":0.8993183374404907,"feedId":"Y_b5b3c1e9-25c5-4bc5-9953-eda566553e94","locale":"en-us"},{"label":"Health","weight":0.8993183374404907,"feedId":"Y_c95b134f-a01c-4439-a13f-337ca34f37ea","locale":"en-us"},{"label":"Health and Fitness","weight":0.8993183374404907,"feedId":"Y_39162ebb-61d9-4c26-8520-a66d3a51da5b","locale":"en-us"},{"label":"Health news","weight":0.7936298847198486,"feedId":"Y_e9e6276b-7e2e-437e-8e9c-b45f1de22ba7","locale":"en-us"}],"videoMetadata":{"playTime":214,"closedCaptions":[{"locale":"en-us","href":"https://prod-video-cms-amp-microsoft-com.akamaized.net/tenant/amp/entityid/AATD8JX?blobrefkey=closedcaptionen-us&$blob=1"}]},"externalVideoFiles":[{"url":"https://prod-streaming-video-msn-com.akamaized.net/05c4d2e8-9b0c-455e-b5fe-af99997382aa/52ca485f-f76a-4a4b-a0b9-1cee9e75c05d.mp4","contentType":"video/mp4","fileSize":218778277},{"url":"https://prod-streaming-video-msn-com.akamaized.net/1e1ca5fb-1057-4b3c-a919-d2980b6ab3a0/52ca485f-f76a-4a4b-a0b9-1cee9e75.ism/manifest","width":1920,"height":1080},{"url":"https://prod-streaming-video-msn-com.akamaized.net/1e1ca5fb-1057-4b3c-a919-d2980b6ab3a0/52ca485f-f76a-4a4b-a0b9-1cee9e75.ism/manifest(format=m3u8-aapl)","width":1920,"height":1080},{"url":"https://prod-streaming-video-msn-com.akamaized.net/1e1ca5fb-1057-4b3c-a919-d2980b6ab3a0/52ca485f-f76a-4a4b-a0b9-1cee9e75.ism/manifest(format=mpd-time-csf)","width":1920,"height":1080},{"url":"https://prod-streaming-video-msn-com.akamaized.net/1e1ca5fb-1057-4b3c-a919-d2980b6ab3a0/52ca485f-f76a-4a4b-a0b9-1cee9e75_6750.mp4","width":1920,"height":1080,"contentType":"video/mp4","fileSize":180939411},{"url":"https://prod-streaming-video-msn-com.akamaized.net/1e1ca5fb-1057-4b3c-a919-d2980b6ab3a0/52ca485f-f76a-4a4b-a0b9-1cee9e75_3400.mp4","width":1280,"height":720,"contentType":"video/mp4","fileSize":92417017},{"url":"https://prod-streaming-video-msn-com.akamaized.net/1e1ca5fb-1057-4b3c-a919-d2980b6ab3a0/52ca485f-f76a-4a4b-a0b9-1cee9e75_2250.mp4","width":960,"height":540,"contentType":"video/mp4","fileSize":62105494},{"url":"https://prod-streaming-video-msn-com.akamaized.net/1e1ca5fb-1057-4b3c-a919-d2980b6ab3a0/52ca485f-f76a-4a4b-a0b9-1cee9e75_1500.mp4","width":960,"height":540,"contentType":"video/mp4","fileSize":42347364},{"url":"https://prod-streaming-video-msn-com.akamaized.net/1e1ca5fb-1057-4b3c-a919-d2980b6ab3a0/52ca485f-f76a-4a4b-a0b9-1cee9e75_650.mp4","width":640,"height":360,"contentType":"video/mp4","fileSize":20026186}],"feed":{"id":"Y_0eb89e71-e765-4f2e-b608-b2f9d10e1b94","feedName":"Medical"},"publishedDateTime":"2022-02-09T02:30:30Z","isFeatured":false,"images":[{"width":1920,"height":1080,"url":"https://www.bing.com/th?id=ORMS.f1e55007955ae3b29e40291b8cce1028&pid=Wdp","colorSamples":[{"isDarkMode":true,"hexColor":"#575531"},{"isDarkMode":false,"hexColor":"#575531"}]}],"provider":{"id":"AAqcK7","name":"CNN","logoUrl":"https://img-s-msn-com.akamaized.net/tenant/amp/entityid/AAywGC0.img"},"category":"health","reactionSummary":{"totalCount":8,"subReactionSummaries":[{"totalCount":4,"type":"like"},{"totalCount":2,"type":"thinking"},{"totalCount":1,"type":"love"},{"totalCount":1,"type":"angry"}]},"commentSummary":{"totalCount":0}},{"id":"AATD4v3","type":"article","title":"Kate Middleton Will Read A Bedtime Story On A Children's TV Show","abstract":"She chose a story with Children's Mental Health Week in mind.","readTimeMin":2,"url":"https://www.msn.com/en-us/lifestyle/parenting/kate-middleton-will-read-a-bedtime-story-on-a-children-s-tv-show/ar-AATD4v3?ocid=spartan-dhp-feeds","locale":"en-us","topics":[{"label":"Royals","weight":1.0,"feedId":"Y_1e3f7bf0-2ce6-411e-ad6a-3fe56ce1032b","locale":"en-us"},{"label":"Celebrities and Royals News","weight":1.0,"feedId":"Y_6da7c728-6dac-49b0-8e35-ecfe0b41c198","locale":"en-us"},{"label":"Health and Fitness","weight":1.0,"feedId":"Y_39162ebb-61d9-4c26-8520-a66d3a51da5b","locale":"en-us"},{"label":"Health & Fitness","weight":1.0,"feedId":"Y_44f45265-863a-449b-b31c-7143a1d669a3","locale":"en-us"},{"label":"Health","weight":1.0,"feedId":"Y_c95b134f-a01c-4439-a13f-337ca34f37ea","locale":"en-us"},{"label":"Mental Health","weight":1.0,"feedId":"Y_c2d4ef6e-c1d5-48d5-ad84-66d730e4b5c5","locale":"en-us"}],"feed":{"id":"Y_1e3f7bf0-2ce6-411e-ad6a-3fe56ce1032b","feedName":"Royals"},"publishedDateTime":"2022-02-08T23:20:00Z","isFeatured":false,"images":[{"width":1200,"height":600,"url":"https://www.bing.com/th?id=ORMS.ba532a9eb9ce11db1384086e5e325d73&pid=Wdp","focalRegion":{"x1":526,"x2":590,"y1":129,"y2":193},"colorSamples":[{"isDarkMode":true,"hexColor":"#343B28"},{"isDarkMode":false,"hexColor":"#C7D7E4"}]}],"provider":{"id":"BBJ7bu9","name":"Women's Health","logoUrl":"https://img-s-msn-com.akamaized.net/tenant/amp/entityid/AAvNCcs.img"},"category":"lifestyle","reactionSummary":{"totalCount":6,"subReactionSummaries":[{"totalCount":4,"type":"like"},{"totalCount":1,"type":"love"},{"totalCount":1,"type":"surprised"}]},"commentSummary":{"totalCount":0}}]}