{"nextPageUrl":"https://api.msn.com:443/msn/Feed/me?$top=35&$skip=70&$filter=_t eq 'CompositeCard'&contentType=article,video,slideshow,link,content360&infopaneCount=26&queryType=myfeed&location=41.5353|-87.2597&ocid=spartan-dhp-feeds&apikey=0QfOX3Vn51YCzitbLaRkTTBadtWpgTN8NZLW0C1SEM&responseSchema=cardview&market=en-us&fdhead=1s-bing-news,1s-br30min,1s-brsageboostre2,1s-jwtuserauth,1s-pagesegservice,1s-readaipalt,1s-winauthservice,1s-winsegservice,prg-1s-olympwhp,prg-1s-p2pre,prg-1sw-3dproc,prg-1sw-hdolmpc,prg-1sw-l2icon,prg-1sw-loc-hd,prg-1sw-pr1loc,prg-1sw-ski1,prg-1sw-snfall,prg-1sw-ucb20,prg-1sw-warn-icon,prg-1sw-wtt1,prg-2cardsdock,prg-adspeek,prg-bt-native,prg-dualauth,prg-dualautha,prg-dualauthlate,prg-hp-greyhdfeed,prg-hprewflyout-t,prg-ias,prg-inewssettings,prg-pres-sp,prg-rfeedsettings,prg-rrailsettings,prg-sc-2dockadsd,prg-sh-mitcarvt,prg-sh-mittab,prg-sh-xap-hubsecar,prg-wpo-2dockadsd,prg-wpo-hp-olympic,prg-wpo-olympwhp,prg-wpo-olyprod,prg-wtchsocial-c,prg-wx-cny&timeOut=1000&WrapOData=false&DisableTypeSerialization=true","subCards":[{"id":"AATCCrh","type":"article","title":"As Chicago Bears eye move, new group will reimagine lakefront","abstract":"With Soldier Field’s future up in the air as the Chicago Bears eye potentially greener suburban pastures, Mayor Lori Lightfoot has empaneled a group to recommend ways to improve the lakefront Museum Campus. The 23-member working group will set out “to reimagine the Museum Campus experience targeting year-round tourism and activation on the campus,” according to Lightfoot’s office. In addition ...","readTimeMin":2,"url":"https://www.msn.com/en-us/news/us/as-chicago-bears-eye-move-new-group-will-reimagine-lakefront/ar-AATCCrh?ocid=spartan-dhp-feeds","locale":"en-us","isLocalContent":true,"topics":[{"label":"Chicago","weight":100.0,"feedId":"Y_645976e3-13d3-44f3-8f86-f2aabc50632c","locale":"en-us"},{"label":"US","weight":0.711222231388092,"feedId":"Y_a3b33cc2-2c47-48ba-a975-4b87b597644b","locale":"en-us"},{"label":"News","weight":0.711222231388092,"feedId":"Y_9eb0ac10-32bc-43cf-816e-5beaaf524f7a","locale":"en-us"}],"feed":{"id":"Y_645976e3-13d3-44f3-8f86-f2aabc50632c","feedName":"Chicago"},"publishedDateTime":"2022-02-08T23:27:11Z","isFeatured":false,"images":[{"width":2048,"height":1297,"url":"https://www.bing.com/th?id=ORMS.bf751b571f79b704a9cb7b6f9f926697&pid=Wdp","colorSamples":[{"isDarkMode":true,"hexColor":"#484B2E"},{"isDarkMode":false,"hexColor":"#484B2E"}]}],"provider":{"id":"AAqaDv","name":"Chicago Tribune","logoUrl":"https://img-s-msn-com.akamaized.net/tenant/amp/entityid/AA60izF.img"},"category":"news","reactionSummary":{"totalCount":29,"subReactionSummaries":[{"totalCount":14,"type":"like"},{"totalCount":7,"type":"love"},{"totalCount":7,"type":"surprised"},{"totalCount":1,"type":"thinking"}]},"commentSummary":{"totalCount":5,"subCommentSummaries":[{"totalCount":4,"type":"comment"},{"totalCount":1,"type":"reply"}]}},{"id":"AATAYPa","type":"slideshow","title":"Herman by Jim Unger","abstract":"Herman by Jim Unger","url":"https://www.msn.com/en-us/entertainment/comics/herman-by-jim-unger/ss-AATAYPa?ocid=spartan-dhp-feeds","locale":"en-us","topics":[],"galleryItemCount":14,"feed":{"feedName":"news"},"slides":[{"image":{"width":2533,"height":2841,"quality":99,"url":"https://img-s-msn-com.akamaized.net/tenant/amp/entityid/AATAXwN.img","attribution":"Jim Unger/Jim Unger","title":"Herman by Jim Unger","source":"msn"}},{"image":{"width":2533,"height":2989,"quality":100,"url":"https://img-s-msn-com.akamaized.net/tenant/amp/entityid/AATASJq.img","attribution":"Jim Unger/Jim Unger","title":"Herman by Jim Unger","source":"msn"}},{"image":{"width":2533,"height":2986,"quality":98,"url":"https://img-s-msn-com.akamaized.net/tenant/amp/entityid/AATANPq.img","attribution":"Jim Unger/Jim Unger","title":"Herman by Jim Unger","source":"msn"}}],"publishedDateTime":"2022-02-08T09:01:07Z","isFeatured":false,"images":[{"width":2533,"height":2841,"url":"https://www.bing.com/th?id=ORMS.2d89faa17dd6b2afe711e5dc09ad3615&pid=Wdp","colorSamples":[{"isDarkMode":true,"hexColor":"#3A3131"},{"isDarkMode":false,"hexColor":"#E1D2E9"}]}],"provider":{"id":"BB1fqBHB","name":"GoComics","logoUrl":"https://img-s-msn-com.akamaized.net/tenant/amp/entityid/BB1ftHh1.img"},"category":"entertainment","reactionSummary":{"totalCount":40,"subReactionSummaries":[{"totalCount":26,"type":"like"},{"totalCount":11,"type":"love"},{"totalCount":2,"type":"thinking"},{"totalCount":1,"type":"angry"}]},"commentSummary":{"totalCount":1,"subCommentSummaries":[{"totalCount":1,"type":"comment"}]}},{"id":"AATCPzq","type":"article","title":"Jennifer Aniston Just Debuted Bangs, And She Looks Incredible","abstract":"New movie, new look.","readTimeMin":2,"url":"https://www.msn.com/en-us/lifestyle/beauty/jennifer-aniston-just-debuted-bangs-and-she-looks-incredible/ar-AATCPzq?ocid=spartan-dhp-feeds","locale":"en-us","topics":[{"label":"Lifestyle","weight":1.0,"feedId":"Y_99096e96-6d4f-401c-832b-461e08143a5a","locale":"en-us"},{"label":"Beauty","weight":0.941195011138916,"feedId":"Y_8518e904-4ae6-4fff-89b7-70edfedba734","locale":"en-us"},{"label":"Fashion & Beauty","weight":0.941195011138916,"feedId":"Y_4e75bf60-6400-407a-bfaf-f9dfd265e6a9","locale":"en-us"}],"feed":{"id":"Y_99096e96-6d4f-401c-832b-461e08143a5a","feedName":"Lifestyle"},"publishedDateTime":"2022-02-08T21:05:37Z","isFeatured":false,"images":[{"width":3731,"height":3162,"url":"https://www.bing.com/th?id=ORMS.cdbb49c14fd6e4413744935afd840c3e&pid=Wdp","focalRegion":{"x1":331,"x2":517,"y1":158,"y2":345},"colorSamples":[{"isDarkMode":true,"hexColor":"#DADBE7"},{"isDarkMode":false,"hexColor":"#DADBE7"}]}],"provider":{"id":"AA5cLxR","name":"Glamour","logoUrl":"https://img-s-msn-com.akamaized.net/tenant/amp/entityid/AAwiMCQ.img"},"category":"lifestyle","reactionSummary":{"totalCount":249,"subReactionSummaries":[{"totalCount":126,"type":"like"},{"totalCount":58,"type":"love"},{"totalCount":31,"type":"angry"},{"totalCount":18,"type":"thinking"},{"totalCount":11,"type":"surprised"},{"totalCount":5,"type":"sad"}]},"commentSummary":{"totalCount":18,"subCommentSummaries":[{"totalCount":15,"type":"comment"},{"totalCount":3,"type":"reply"}]}},{"id":"AATCPfj","type":"video","title":"National Pizza Day is Feb. 9 and Domino's, Papa Johns, Pizza Hut and more have deals","abstract":"February 9 is National Pizza Day and you can save some dough at pizza places nationwide.","url":"https://www.msn.com/en-us/video/peopleandplaces/national-pizza-day-is-feb-9-and-domino-s-papa-johns-pizza-hut-and-more-have-deals/vi-AATCPfj?ocid=spartan-dhp-feeds","locale":"en-us","topics":[{"label":"Top Video","weight":1.0,"feedId":"Y_5abbb9ed-c7f6-46ef-9694-5bcd3aa68599","locale":"en-us"},{"label":"News","weight":0.6434825658798218,"feedId":"Y_9eb0ac10-32bc-43cf-816e-5beaaf524f7a","locale":"en-us"}],"videoMetadata":{"playTime":42,"closedCaptions":[{"locale":"en-us","href":"https://prod-video-cms-amp-microsoft-com.akamaized.net/tenant/amp/entityid/AATCPfj?blobrefkey=closedcaptionen-us&$blob=1"}]},"externalVideoFiles":[{"url":"https://prod-streaming-video-msn-com.akamaized.net/b7847bd7-d17e-4f88-ad89-b94d5401c5a7/46bb3756-d43a-49b7-98f9-7f243c5966be.mp4","contentType":"video/mp4","fileSize":21379971},{"url":"https://prod-streaming-video-msn-com.akamaized.net/2eb93af4-eac8-48ad-bf10-c798608c38ec/46bb3756-d43a-49b7-98f9-7f243c59.ism/manifest","width":1920,"height":1080},{"url":"https://prod-streaming-video-msn-com.akamaized.net/2eb93af4-eac8-48ad-bf10-c798608c38ec/46bb3756-d43a-49b7-98f9-7f243c59.ism/manifest(format=m3u8-aapl)","width":1920,"height":1080},{"url":"https://prod-streaming-video-msn-com.akamaized.net/2eb93af4-eac8-48ad-bf10-c798608c38ec/46bb3756-d43a-49b7-98f9-7f243c59.ism/manifest(format=mpd-time-csf)","width":1920,"height":1080},{"url":"https://prod-streaming-video-msn-com.akamaized.net/2eb93af4-eac8-48ad-bf10-c798608c38ec/46bb3756-d43a-49b7-98f9-7f243c59_6750.mp4","width":1920,"height":1080,"contentType":"video/mp4","fileSize":35228782},{"url":"https://prod-streaming-video-msn-com.akamaized.net/2eb93af4-eac8-48ad-bf10-c798608c38ec/46bb3756-d43a-49b7-98f9-7f243c59_3400.mp4","width":1280,"height":720,"contentType":"video/mp4","fileSize":18195863},{"url":"https://prod-streaming-video-msn-com.akamaized.net/2eb93af4-eac8-48ad-bf10-c798608c38ec/46bb3756-d43a-49b7-98f9-7f243c59_2250.mp4","width":960,"height":540,"contentType":"video/mp4","fileSize":12241388},{"url":"https://prod-streaming-video-msn-com.akamaized.net/2eb93af4-eac8-48ad-bf10-c798608c38ec/46bb3756-d43a-49b7-98f9-7f243c59_1500.mp4","width":960,"height":540,"contentType":"video/mp4","fileSize":8387223},{"url":"https://prod-streaming-video-msn-com.akamaized.net/2eb93af4-eac8-48ad-bf10-c798608c38ec/46bb3756-d43a-49b7-98f9-7f243c59_650.mp4","width":640,"height":360,"contentType":"video/mp4","fileSize":3984632}],"feed":{"id":"Y_5abbb9ed-c7f6-46ef-9694-5bcd3aa68599","feedName":"Top Video"},"publishedDateTime":"2022-02-08T20:44:59Z","isFeatured":false,"images":[{"width":1920,"height":1080,"quality":100,"url":"https://img-s-msn-com.akamaized.net/tenant/amp/entityid/AATCDIZ.img","attribution":"Provided by USA TODAY","title":"National Pizza Day is Feb. 9 and Domino's, Papa Johns, Pizza Hut and more have deals","source":"msn"}],"provider":{"id":"AAnTEc","name":"USA TODAY","logoUrl":"https://img-s-msn-com.akamaized.net/tenant/amp/entityid/BBNvr53.img"},"category":"video","reactionSummary":{"totalCount":69,"subReactionSummaries":[{"totalCount":42,"type":"like"},{"totalCount":12,"type":"love"},{"totalCount":6,"type":"surprised"},{"totalCount":4,"type":"sad"},{"totalCount":3,"type":"angry"},{"totalCount":2,"type":"thinking"}]},"commentSummary":{"totalCount":0}},{"id":"AATCnwF","type":"article","title":"Brian Flores’ Lawyers Release Embarrassing Statement After The Texans Hire Lovie Smith","abstract":"What are they talking about?","readTimeMin":2,"url":"https://www.msn.com/en-us/sports/nfl/brian-flores-lawyers-release-embarrassing-statement-after-the-texans-hire-lovie-smith/ar-AATCnwF?ocid=spartan-dhp-feeds","locale":"en-us","topics":[{"label":"Sports","subLabels":["Signing"],"weight":0.9520847201347351,"feedId":"Y_b09e3e40-000d-454d-87ef-96631d7c9e7c","locale":"en-us"}],"feed":{"id":"Y_b09e3e40-000d-454d-87ef-96631d7c9e7c","feedName":"Sports"},"publishedDateTime":"2022-02-08T15:03:07Z","isFeatured":false,"images":[{"width":1200,"height":516,"url":"https://www.bing.com/th?id=ORMS.23eb095601271a48e38665a78e71e8df&pid=Wdp","focalRegion":{"x1":213,"x2":683,"y1":79,"y2":221},"colorSamples":[{"isDarkMode":true,"hexColor":"#191C48"},{"isDarkMode":false,"hexColor":"#191C48"}]}],"provider":{"id":"AAqhLu","name":"The Daily Caller","logoUrl":"https://img-s-msn-com.akamaized.net/tenant/amp/entityid/AArGKHW.img"},"category":"sports","reactionSummary":{"totalCount":396,"subReactionSummaries":[{"totalCount":202,"type":"like"},{"totalCount":69,"type":"love"},{"totalCount":53,"type":"angry"},{"totalCount":27,"type":"surprised"},{"totalCount":26,"type":"thinking"},{"totalCount":19,"type":"sad"}]},"commentSummary":{"totalCount":233,"subCommentSummaries":[{"totalCount":157,"type":"comment"},{"totalCount":76,"type":"reply"}]}},{"id":"AATCDOG","type":"article","title":"Ivy League Announces Decision On Swimmer Lia Thomas","abstract":"University of Pennsylvania swimmer Lia Thomas started her career with the men’s swimming team. After two and a half years of hormone therapy, she began shattering records on the women’s team. Thomas’ eligibility has been in question for the past few weeks. A lot of that uncertainty stems the NCAA’s newest policy that “aligns transgender […] The post Ivy League Announces Decision On Swimmer Lia Thomas appeared first on The Spun.","readTimeMin":2,"url":"https://www.msn.com/en-us/sports/winter-olympics/ivy-league-announces-decision-on-swimmer-lia-thomas/ar-AATCDOG?ocid=spartan-dhp-feeds","locale":"en-us","topics":[{"label":"Sports news","subLabels":["Preview"],"weight":0.9978170990943909,"feedId":"Y_cf67a66a-37a7-4248-a54b-91afc8129ef7","locale":"en-us"},{"label":"Golf","subLabels":["Preview"],"weight":0.949999988079071,"feedId":"Y_9f4d5ad7-8f38-42b3-bc44-fa4d0bcd3be0","locale":"en-us"},{"label":"Sports","subLabels":["Preview"],"weight":0.9034212827682495,"feedId":"Y_b09e3e40-000d-454d-87ef-96631d7c9e7c","locale":"en-us"}],"feed":{"id":"Y_cf67a66a-37a7-4248-a54b-91afc8129ef7","feedName":"Sports news"},"publishedDateTime":"2022-02-08T20:41:13Z","isFeatured":false,"images":[{"width":775,"height":465,"url":"https://www.bing.com/th?id=ORMS.740caa024cf583fcb97557f054f98ae6&pid=Wdp","focalRegion":{"x1":280,"x2":359,"y1":72,"y2":151},"colorSamples":[{"isDarkMode":true,"hexColor":"#6C435C"},{"isDarkMode":false,"hexColor":"#DCFCFC"}]}],"provider":{"id":"BB199c9L","name":"The Spun","logoUrl":"https://img-s-msn-com.akamaized.net/tenant/amp/entityid/AALER5n.img"},"category":"sports","reactionSummary":{"totalCount":144,"subReactionSummaries":[{"totalCount":94,"type":"angry"},{"totalCount":25,"type":"like"},{"totalCount":11,"type":"sad"},{"totalCount":8,"type":"love"},{"totalCount":4,"type":"surprised"},{"totalCount":2,"type":"thinking"}]},"commentSummary":{"totalCount":86,"subCommentSummaries":[{"totalCount":73,"type":"comment"},{"totalCount":13,"type":"reply"}]}},{"id":"AATCSF8","type":"article","title":"Motorcyclist dies after fall from California parking garage while doing tricks","abstract":"(KTLA) — A motorcyclist who was apparently performing stunts in a California mall parking structure died after flying over the handlebars and falling several floors, officials said Monday. The victim was described by the Los Angeles County Sheriff's Department only as being female in her mid-20s. The incident occurred at the parking structure of th...","readTimeMin":1,"url":"https://www.msn.com/en-us/news/us/motorcyclist-dies-after-fall-from-california-parking-garage-while-doing-tricks/ar-AATCSF8?ocid=spartan-dhp-feeds","locale":"en-us","isLocalContent":true,"topics":[{"label":"US","weight":0.8227381706237793,"feedId":"Y_a3b33cc2-2c47-48ba-a975-4b87b597644b","locale":"en-us"},{"label":"News","weight":0.6659731864929199,"feedId":"Y_9eb0ac10-32bc-43cf-816e-5beaaf524f7a","locale":"en-us"},{"label":"Crime","weight":0.6659731864929199,"feedId":"Y_6f320357-0418-4bb0-a654-f5ba77f31552","locale":"en-us"}],"feed":{"id":"Y_a3b33cc2-2c47-48ba-a975-4b87b597644b","feedName":"US"},"publishedDateTime":"2022-02-08T21:48:50Z","isFeatured":false,"images":[{"width":900,"height":506,"url":"https://www.bing.com/th?id=ORMS.bf370583269280de1f9363aca661ce9b&pid=Wdp","colorSamples":[{"isDarkMode":true,"hexColor":"#383D46"},{"isDarkMode":false,"hexColor":"#383D46"}]}],"provider":{"id":"BBQzoE0","name":"WGN-TV Chicago","logoUrl":"https://img-s-msn-com.akamaized.net/tenant/amp/entityid/BBTUWkq.img"},"category":"news","reactionSummary":{"totalCount":7,"subReactionSummaries":[{"totalCount":6,"type":"like"},{"totalCount":1,"type":"surprised"}]},"commentSummary":{"totalCount":0}},{"id":"AATD4wC","type":"article","title":"The 'but Hillary’s emails' crowd goes silent about Trump’s document destruction","abstract":"You would think Republicans would be chanting 'Lock Him Up' and calling for hearings with anyone who was part of the Trump White House. But nothing.","readTimeMin":4,"url":"https://www.msn.com/en-us/news/opinion/the-but-hillary-s-emails-crowd-goes-silent-about-trump-s-document-destruction/ar-AATD4wC?ocid=spartan-dhp-feeds","locale":"en-us","topics":[{"label":"Opinion","weight":1.0,"feedId":"Y_fdf0ff6c-7f65-4143-b2ad-fe655db53c36","locale":"en-us"},{"label":"News","weight":0.679254949092865,"feedId":"Y_9eb0ac10-32bc-43cf-816e-5beaaf524f7a","locale":"en-us"},{"label":"Politics","weight":0.679254949092865,"feedId":"Y_bced654c-7e2e-4c63-acb4-f3b3b89bd4e3","locale":"en-us"}],"feed":{"id":"Y_fdf0ff6c-7f65-4143-b2ad-fe655db53c36","feedName":"Opinion"},"publishedDateTime":"2022-02-08T23:29:01Z","isFeatured":false,"badges":[{"type":"opinion"}],"images":[{"width":1920,"height":1080,"url":"https://www.bing.com/th?id=ORMS.a1d9dd9debb79a10bf0c9f1ddc183648&pid=Wdp","focalRegion":{"x1":96,"x2":573,"y1":70,"y2":413},"colorSamples":[{"isDarkMode":true,"hexColor":"#75424E"},{"isDarkMode":false,"hexColor":"#E6E3F0"}]}],"provider":{"id":"AAnTEc","name":"USA TODAY","logoUrl":"https://img-s-msn-com.akamaized.net/tenant/amp/entityid/BBNvr53.img"},"category":"news","reactionSummary":{"totalCount":600,"subReactionSummaries":[{"totalCount":228,"type":"angry"},{"totalCount":206,"type":"like"},{"totalCount":85,"type":"love"},{"totalCount":49,"type":"thinking"},{"totalCount":18,"type":"surprised"},{"totalCount":14,"type":"sad"}]},"commentSummary":{"totalCount":530,"subCommentSummaries":[{"totalCount":169,"type":"comment"},{"totalCount":361,"type":"reply"}]}},{"id":"AATBAMs","type":"slideshow","title":"Fascinating ice discoveries frozen in time","abstract":"Extreme cold is so powerful that it can preserve almost anything for millions of years. New discoveries are constantly being made, and much insight is garnered as a result. One of the latest such cases? An 18,000 year-old puppy frozen in permafrost was discovered. Found near the city of Yakutsk in Russia, this pup is \"unusually well-preserved, with its hair, teeth, whiskers and eyelashes still intact.\" Intrigued? Then browse through this gallery for more fascinating stories.","url":"https://www.msn.com/en-us/travel/tripideas/fascinating-ice-discoveries-frozen-in-time/ss-AATBAMs?ocid=spartan-dhp-feeds","locale":"en-us","topics":[{"label":"Travel news","weight":0.16687755286693573,"feedId":"Y_d659302d-5ac4-460a-9baa-8c8684761110","locale":"en-us"}],"galleryItemCount":27,"feed":{"id":"Y_d659302d-5ac4-460a-9baa-8c8684761110","feedName":"Travel news"},"slides":[{"title":"Fascinating ice discoveries frozen in time","body":"<p>Extreme cold is so powerful that it can preserve almost anything for millions of years. New discoveries are constantly being made, and much insight is garnered as a result. One of the latest such cases? An 18,000 year-old puppy frozen in permafrost was <a href=\"https://www.nbcnews.com/science/science-news/18-000-year-old-puppy-found-remarkably-preserved-permafrost-n1095246\" rel=\"noopener\">discovered</a>.</p><p>Found near the city of Yakutsk in Russia, this <a href=\"https://uk.starsinsider.com/lifestyle/326055/too-cold-outside-to-play-not-for-these-good-boys\" rel=\"noopener\">pup</a> is \"unusually well-preserved, with its hair, teeth, whiskers and eyelashes still intact.\"</p><p>Intrigued? Then browse through this gallery for more fascinating stories.</p>","image":{"width":1920,"height":1440,"quality":46,"url":"https://img-s-msn-com.akamaized.net/tenant/amp/entityid/AATBAwE.img","attribution":"Reuters","title":"Fascinating ice discoveries frozen in time","caption":"<p>Extreme cold is so powerful that it can preserve almost anything for millions of years. New discoveries are constantly being made, and much insight is garnered as a result. One of the latest such cases? An 18,000 year-old puppy frozen in permafrost was <a href=\"https://www.nbcnews.com/science/science-news/18-000-year-old-puppy-found-remarkably-preserved-permafrost-n1095246\" rel=\"noopener\">discovered</a>.</p><p>Found near the city of Yakutsk in Russia, this <a href=\"https://uk.starsinsider.com/lifestyle/326055/too-cold-outside-to-play-not-for-these-good-boys\" rel=\"noopener\">pup</a> is \"unusually well-preserved, with its hair, teeth, whiskers and eyelashes still intact.\"</p><p>Intrigued? Then browse through this gallery for more fascinating stories.</p>","source":"msn"}},{"title":"Mount Everest","body":"Due to global warming, melting glaciers are exposing dead bodies of mountaineers who died climbing Mount <a href=\"https://www.bbc.com/news/science-environment-47638436\" rel=\"noopener\">Everest</a>.","image":{"width":1920,"height":1278,"quality":46,"url":"https://img-s-msn-com.akamaized.net/tenant/amp/entityid/AATByvD.img","attribution":"Shutterstock","title":"Mount Everest","caption":"Due to global warming, melting glaciers are exposing dead bodies of mountaineers who died climbing Mount <a href=\"https://www.bbc.com/news/science-environment-47638436\" rel=\"noopener\">Everest</a>.","source":"msn"}},{"title":"Antarctica mountain range","body":"There's actually a 10,000 ft (approximately 3,048 km) mountain range under the ice of <a href=\"https://www.livescience.com/6581-mysterious-mountains-hidden-beneath-antarctic-ice-revealed.html\">Antarctica</a>.","image":{"width":1920,"height":1280,"quality":46,"url":"https://img-s-msn-com.akamaized.net/tenant/amp/entityid/AATBGIE.img","attribution":"Getty Images","title":"Antarctica mountain range","caption":"There's actually a 10,000 ft (approximately 3,048 km) mountain range under the ice of <a href=\"https://www.livescience.com/6581-mysterious-mountains-hidden-beneath-antarctic-ice-revealed.html\">Antarctica</a>.","source":"msn"}}],"publishedDateTime":"2022-02-08T23:55:00Z","isFeatured":false,"images":[{"width":1920,"height":1440,"url":"https://www.bing.com/th?id=ORMS.8720357b0a0d2222428a5ded7db3c2da&pid=Wdp","colorSamples":[{"isDarkMode":true,"hexColor":"#273750"},{"isDarkMode":false,"hexColor":"#273750"}]}],"provider":{"id":"AAm2Sag","name":"StarsInsider","logoUrl":"https://img-s-msn-com.akamaized.net/tenant/amp/entityid/AAm2UN1.img"},"category":"travel","reactionSummary":{"totalCount":220,"subReactionSummaries":[{"totalCount":110,"type":"like"},{"totalCount":46,"type":"surprised"},{"totalCount":30,"type":"love"},{"totalCount":17,"type":"thinking"},{"totalCount":13,"type":"sad"},{"totalCount":4,"type":"angry"}]},"commentSummary":{"totalCount":27,"subCommentSummaries":[{"totalCount":8,"type":"comment"},{"totalCount":19,"type":"reply"}]}},{"id":"AATC3Sh","type":"article","title":"Home COVID Test Recall as FDA Recommends Throwing Kits Away","abstract":"SD Biosensor Inc recalled its \"STANDARD Q COVID-19 Ag Home Test\" due to \"confirmed reports that the test kits were illegally imported into the United States.\"","readTimeMin":2,"url":"https://www.msn.com/en-us/news/us/home-covid-test-recall-as-fda-recommends-throwing-kits-away/ar-AATC3Sh?ocid=spartan-dhp-feeds","locale":"en-us","topics":[{"label":"Top News","weight":1.0,"feedId":"Y_8c1db373-86c0-4213-9e06-0bb6deb2a336","locale":"en-us"},{"label":"Coronavirus","weight":1.0,"feedId":"Y_46cba2b4-26fd-492e-a1c0-41ec9917c10b","locale":"en-us"},{"label":"US Headlines","weight":1.0,"feedId":"Y_a314198b-b366-47c3-9775-dcc4ed22543f","locale":"en-us"},{"label":"US","weight":0.6392345428466797,"feedId":"Y_a3b33cc2-2c47-48ba-a975-4b87b597644b","locale":"en-us"},{"label":"News","weight":0.6392345428466797,"feedId":"Y_9eb0ac10-32bc-43cf-816e-5beaaf524f7a","locale":"en-us"}],"feed":{"id":"Y_8c1db373-86c0-4213-9e06-0bb6deb2a336","feedName":"Top News"},"publishedDateTime":"2022-02-08T15:31:31Z","isFeatured":false,"images":[{"width":2020,"height":1346,"url":"https://www.bing.com/th?id=ORMS.709e7056d99a8cdc65a0fb32810799df&pid=Wdp","colorSamples":[{"isDarkMode":true,"hexColor":"#3F3334"},{"isDarkMode":false,"hexColor":"#F4ECF4"}]}],"provider":{"id":"AA2e5M","name":"Newsweek","logoUrl":"https://img-s-msn-com.akamaized.net/tenant/amp/entityid/AA38A54.img"},"category":"news","reactionSummary":{"totalCount":36,"subReactionSummaries":[{"totalCount":18,"type":"like"},{"totalCount":6,"type":"love"},{"totalCount":6,"type":"surprised"},{"totalCount":3,"type":"angry"},{"totalCount":3,"type":"thinking"}]},"commentSummary":{"totalCount":0}},{"id":"AATBAkH","type":"article","title":"Aunt Breaks Unborn Baby's Arm While Attacking Pregnant Niece: Police","abstract":"The pregnant victim told police she was \"choked, hit, kicked, and knocked down\" during the attack.","readTimeMin":2,"url":"https://www.msn.com/en-us/news/crime/aunt-breaks-unborn-baby-s-arm-while-attacking-pregnant-niece-police/ar-AATBAkH?ocid=spartan-dhp-feeds","locale":"en-us","topics":[{"label":"Top News","weight":1.0,"feedId":"Y_8c1db373-86c0-4213-9e06-0bb6deb2a336","locale":"en-us"},{"label":"Crime","weight":1.0,"feedId":"Y_6f320357-0418-4bb0-a654-f5ba77f31552","locale":"en-us"},{"label":"News","weight":0.9923439621925354,"feedId":"Y_9eb0ac10-32bc-43cf-816e-5beaaf524f7a","locale":"en-us"}],"feed":{"id":"Y_8c1db373-86c0-4213-9e06-0bb6deb2a336","feedName":"Top News"},"publishedDateTime":"2022-02-08T11:35:44Z","isFeatured":false,"images":[{"width":2500,"height":1667,"url":"https://www.bing.com/th?id=ORMS.b484fbf3394d2cfa61126a489f7a1da6&pid=Wdp"}],"provider":{"id":"AA2e5M","name":"Newsweek","logoUrl":"https://img-s-msn-com.akamaized.net/tenant/amp/entityid/AA38A54.img"},"category":"news","reactionSummary":{"totalCount":270,"subReactionSummaries":[{"totalCount":143,"type":"angry"},{"totalCount":41,"type":"surprised"},{"totalCount":39,"type":"sad"},{"totalCount":23,"type":"like"},{"totalCount":13,"type":"love"},{"totalCount":11,"type":"thinking"}]},"commentSummary":{"totalCount":57,"subCommentSummaries":[{"totalCount":11,"type":"comment"},{"totalCount":46,"type":"reply"}]}},{"id":"AATCqAi","type":"article","title":"Shawn Mendes gets up close and personal with yogi Hitomi Mochizuki in Hawaii","abstract":"Shawn Mendes has a new woman in his life, but their connection might not be romantic. The “Summer Of Love” singer was spotted on a remote beach in Hawaii with Hitomi Mochizuki, an “Ashtanga Yogi” whom Shawn follows on Instagram. Photos show the pair walking around and grabbing some refreshments at a local establishment, though the most interesting ...","readTimeMin":2,"url":"https://www.msn.com/en-us/movies/celebrity/shawn-mendes-gets-up-close-and-personal-with-yogi-hitomi-mochizuki-in-hawaii/ar-AATCqAi?ocid=spartan-dhp-feeds","locale":"en-us","topics":[],"feed":{"feedName":"news"},"publishedDateTime":"2022-02-08T17:38:22Z","isFeatured":false,"images":[{"width":480,"height":288,"url":"https://www.bing.com/th?id=ORMS.5c1e51ff9560a1d8ada647bd58591d66&pid=Wdp","colorSamples":[{"isDarkMode":true,"hexColor":"#504117"},{"isDarkMode":false,"hexColor":"#504117"}]}],"provider":{"id":"BBk466U","name":"¡Hola!","logoUrl":"https://img.s-msn.com/tenant/amp/entityid/BBkfRSW.img"},"category":"movies","reactionSummary":{"totalCount":9,"subReactionSummaries":[{"totalCount":8,"type":"like"},{"totalCount":1,"type":"love"}]},"commentSummary":{"totalCount":0}},{"id":"AATCY3c","type":"article","title":"Van Dyke protesters fined $200 each, ordered to stay away","abstract":"CHICAGO (AP) — Nine people arrested inside the federal courthouse in downtown Chicago demanding federal charges against former Chicago cop Jason Van Dyke were ordered Tuesday to stay away from the building for 60 days and pay $200 fines. The five women and four men who call themselves the “Laquan Nine” had gone to the courthouse Thursday to deliver a letter to U.S. Attorney John Lausch demanding charges against the disgraced officer who was...","readTimeMin":1,"url":"https://www.msn.com/en-us/news/crime/van-dyke-protesters-fined-200-each-ordered-to-stay-away/ar-AATCY3c?ocid=spartan-dhp-feeds","locale":"en-us","isLocalContent":true,"topics":[{"label":"Chicago","weight":100.0,"feedId":"Y_645976e3-13d3-44f3-8f86-f2aabc50632c","locale":"en-us"},{"label":"News","weight":0.6270069479942322,"feedId":"Y_9eb0ac10-32bc-43cf-816e-5beaaf524f7a","locale":"en-us"},{"label":"Crime","weight":0.6270069479942322,"feedId":"Y_6f320357-0418-4bb0-a654-f5ba77f31552","locale":"en-us"}],"feed":{"id":"Y_645976e3-13d3-44f3-8f86-f2aabc50632c","feedName":"Chicago"},"publishedDateTime":"2022-02-08T23:49:09Z","isFeatured":false,"images":[{"width":2991,"height":1994,"quality":98,"url":"https://img-s-msn-com.akamaized.net/tenant/amp/entityid/AATCNQX.img","attribution":"Provided by Associated Press","title":"FILE - Chicago police Officer Jason Van Dyke, left, attends his sentencing hearing at the Leighton Criminal Court Building in Chicago, for the 2014 shooting of Laquan McDonald, Jan. 18, 2019. Van Dyke is scheduled to be released from prison on Thursday, Feb. 3, 2022, after he served less than half of his 81-month sentence. (Antonio Perez/Chicago Tribune via AP, Pool, File)","caption":"FILE - Chicago police Officer Jason Van Dyke, left, attends his sentencing hearing at the Leighton Criminal Court Building in Chicago, for the 2014 shooting of Laquan McDonald, Jan. 18, 2019. Van Dyke is scheduled to be released from prison on Thursday, Feb. 3, 2022, after he served less than half of his 81-month sentence. (Antonio Perez/Chicago Tribune via AP, Pool, File)","focalRegion":{"x1":139,"x2":877,"y1":103,"y2":482},"source":"msn","colorSamples":[{"isDarkMode":true,"hexColor":"#2E2E2E"},{"isDarkMode":false,"hexColor":"#F5F5F5"}]}],"provider":{"id":"AA7mZ3","name":"Associated Press","logoUrl":"https://img-s-msn-com.akamaized.net/tenant/amp/entityid/AACl4vY.img"},"category":"news","reactionSummary":{"totalCount":2,"subReactionSummaries":[{"totalCount":2,"type":"like"}]},"commentSummary":{"totalCount":0}},{"id":"AATCA87","type":"article","title":"'Jeopardy!' Fans Exchange Words Over Mayim Bialik's Return and Ken Jennings Leaving","abstract":"Folks are not happy about the sudden change.","readTimeMin":3,"url":"https://www.msn.com/en-us/tv/celebrity/jeopardy-fans-exchange-words-over-mayim-bialik-s-return-and-ken-jennings-leaving/ar-AATCA87?ocid=spartan-dhp-feeds","locale":"en-us","topics":[],"feed":{"feedName":"news"},"publishedDateTime":"2022-02-08T18:37:00Z","isFeatured":false,"images":[{"width":1200,"height":599,"url":"https://www.bing.com/th?id=ORMS.16171b144f37a6cd86e6bc0572d870de&pid=Wdp","focalRegion":{"x1":176,"x2":814,"y1":76,"y2":206},"colorSamples":[{"isDarkMode":true,"hexColor":"#292A31"},{"isDarkMode":false,"hexColor":"#DED6DC"}]}],"provider":{"id":"AA99JpX","name":"House Beautiful","logoUrl":"https://img-s-msn-com.akamaized.net/tenant/amp/entityid/AAIhduI.img"},"category":"tv","reactionSummary":{"totalCount":87,"subReactionSummaries":[{"totalCount":38,"type":"like"},{"totalCount":17,"type":"angry"},{"totalCount":13,"type":"surprised"},{"totalCount":10,"type":"love"},{"totalCount":6,"type":"sad"},{"totalCount":3,"type":"thinking"}]},"commentSummary":{"totalCount":27,"subCommentSummaries":[{"totalCount":19,"type":"comment"},{"totalCount":8,"type":"reply"}]}},{"id":"AATBlmJ","type":"article","title":"The Weird Rule Kate Middleton Makes Her Staff Follow Was Just Revealed","abstract":"If you’ve ever wanted to know what the Duke and Duchess of Cambridge look for when hiring a member of staff, then wonder no more, as a job advert posted on the Royal Household’s official website has just described one of the key things the young royals insist on! As per the advert for a recent housekeeping role, which was described as an “exciting opportunity” to “join a supportive and positive team” and work for the family of five (which in...","readTimeMin":1,"url":"https://www.msn.com/en-us/lifestyle/family/the-weird-rule-kate-middleton-makes-her-staff-follow-was-just-revealed/ar-AATBlmJ?ocid=spartan-dhp-feeds","locale":"en-us","topics":[{"label":"Royals","weight":1.0,"feedId":"Y_1e3f7bf0-2ce6-411e-ad6a-3fe56ce1032b","locale":"en-us"},{"label":"Celebrities and Royals News","weight":1.0,"feedId":"Y_6da7c728-6dac-49b0-8e35-ecfe0b41c198","locale":"en-us"}],"feed":{"id":"Y_1e3f7bf0-2ce6-411e-ad6a-3fe56ce1032b","feedName":"Royals"},"publishedDateTime":"2022-02-08T10:30:44Z","isFeatured":false,"images":[{"width":650,"height":650,"url":"https://www.bing.com/th?id=ORMS.4ffd7d451d81b506f6b28f79a8dc2f2a&pid=Wdp","focalRegion":{"x1":240,"x2":473,"y1":169,"y2":402},"colorSamples":[{"isDarkMode":true,"hexColor":"#CEE4E4"},{"isDarkMode":false,"hexColor":"#CEE4E4"}]}],"provider":{"id":"AAPeFom","name":"SheFinds","logoUrl":"https://img-s-msn-com.akamaized.net/tenant/amp/entityid/AAPf1Zs.img"},"category":"lifestyle","reactionSummary":{"totalCount":658,"subReactionSummaries":[{"totalCount":335,"type":"like"},{"totalCount":160,"type":"love"},{"totalCount":71,"type":"surprised"},{"totalCount":58,"type":"thinking"},{"totalCount":26,"type":"angry"},{"totalCount":8,"type":"sad"}]},"commentSummary":{"totalCount":46,"subCommentSummaries":[{"totalCount":23,"type":"comment"},{"totalCount":23,"type":"reply"}]}},{"id":"AATC6j2","type":"article","title":"Family Trio in $18M COVID Loan Fraud Flee Ahead of Lengthy Prison Sentences","abstract":"FBI agent Ryan Heaton admitted it can be difficult for the bureau to locate an individual if they have a lot of money at their disposal.","readTimeMin":2,"url":"https://www.msn.com/en-us/news/crime/family-trio-in-18m-covid-loan-fraud-flee-ahead-of-lengthy-prison-sentences/ar-AATC6j2?ocid=spartan-dhp-feeds","locale":"en-us","topics":[{"label":"Top News","weight":1.0,"feedId":"Y_8c1db373-86c0-4213-9e06-0bb6deb2a336","locale":"en-us"},{"label":"Coronavirus","weight":1.0,"feedId":"Y_46cba2b4-26fd-492e-a1c0-41ec9917c10b","locale":"en-us"},{"label":"Crime","weight":1.0,"feedId":"Y_6f320357-0418-4bb0-a654-f5ba77f31552","locale":"en-us"},{"label":"News","weight":0.886265218257904,"feedId":"Y_9eb0ac10-32bc-43cf-816e-5beaaf524f7a","locale":"en-us"}],"feed":{"id":"Y_8c1db373-86c0-4213-9e06-0bb6deb2a336","feedName":"Top News"},"publishedDateTime":"2022-02-08T16:10:06Z","isFeatured":false,"images":[{"width":1920,"height":1080,"url":"https://www.bing.com/th?id=ORMS.a9ce4f689d8b57f2b6939dfb9bd5080a&pid=Wdp","focalRegion":{"x1":356,"x2":657,"y1":155,"y2":456},"colorSamples":[{"isDarkMode":true,"hexColor":"#2D2626"},{"isDarkMode":false,"hexColor":"#2D2626"}]}],"provider":{"id":"AA2e5M","name":"Newsweek","logoUrl":"https://img-s-msn-com.akamaized.net/tenant/amp/entityid/AA38A54.img"},"category":"news","reactionSummary":{"totalCount":986,"subReactionSummaries":[{"totalCount":535,"type":"angry"},{"totalCount":228,"type":"like"},{"totalCount":93,"type":"love"},{"totalCount":74,"type":"surprised"},{"totalCount":47,"type":"thinking"},{"totalCount":9,"type":"sad"}]},"commentSummary":{"totalCount":0}},{"id":"AATCDZd","type":"article","title":"3 Zodiac Signs Who Find Their Soulmate During The Moon Square Jupiter Starting February 9, 2022","abstract":"It's meant to be.","readTimeMin":3,"url":"https://www.msn.com/en-us/lifestyle/horoscope/3-zodiac-signs-who-find-their-soulmate-during-the-moon-square-jupiter-starting-february-9-2022/ar-AATCDZd?ocid=spartan-dhp-feeds","locale":"en-us","topics":[{"label":"Lifestyle","weight":0.8863816261291504,"feedId":"Y_99096e96-6d4f-401c-832b-461e08143a5a","locale":"en-us"},{"label":"Horoscopes","weight":0.8863816261291504,"feedId":"Y_e0ef40ef-53c2-47d4-9749-122ffcc031ce","locale":"en-us"}],"feed":{"id":"Y_99096e96-6d4f-401c-832b-461e08143a5a","feedName":"Lifestyle"},"publishedDateTime":"2022-02-08T20:00:04Z","isFeatured":false,"images":[{"width":710,"height":354,"url":"https://www.bing.com/th?id=ORMS.249e981f9903f82e0ceb974908cd452c&pid=Wdp","colorSamples":[{"isDarkMode":true,"hexColor":"#6B4A5C"},{"isDarkMode":false,"hexColor":"#E6CECE"}]}],"provider":{"id":"AANuS74","name":"Your Tango","logoUrl":"https://img-s-msn-com.akamaized.net/tenant/amp/entityid/AANuMYp.img"},"category":"lifestyle","reactionSummary":{"totalCount":24,"subReactionSummaries":[{"totalCount":15,"type":"like"},{"totalCount":3,"type":"love"},{"totalCount":2,"type":"sad"},{"totalCount":2,"type":"angry"},{"totalCount":2,"type":"thinking"}]},"commentSummary":{"totalCount":0}},{"id":"AATBrpp","type":"article","title":"Texas might be a red state now, but the Lone Star State is turning blue right before our eyes","abstract":"Democrats have lost hope for Texas. I haven't.","readTimeMin":4,"url":"https://www.msn.com/en-us/news/opinion/texas-might-be-a-red-state-now-but-the-lone-star-state-is-turning-blue-right-before-our-eyes/ar-AATBrpp?ocid=spartan-dhp-feeds","locale":"en-us","topics":[{"label":"News","weight":0.6306440830230713,"feedId":"Y_9eb0ac10-32bc-43cf-816e-5beaaf524f7a","locale":"en-us"},{"label":"Opinion","weight":0.6306440830230713,"feedId":"Y_fdf0ff6c-7f65-4143-b2ad-fe655db53c36","locale":"en-us"}],"feed":{"id":"Y_9eb0ac10-32bc-43cf-816e-5beaaf524f7a","feedName":"News"},"publishedDateTime":"2022-02-08T18:12:15Z","isFeatured":false,"images":[{"width":1994,"height":2581,"url":"https://www.bing.com/th?id=ORMS.e5435f74af38b70b5bea079fc569a89d&pid=Wdp","focalRegion":{"x1":276,"x2":497,"y1":170,"y2":391},"colorSamples":[{"isDarkMode":true,"hexColor":"#31313B"},{"isDarkMode":false,"hexColor":"#31313B"}]}],"provider":{"id":"AAnTEc","name":"USA TODAY","logoUrl":"https://img-s-msn-com.akamaized.net/tenant/amp/entityid/BBNvr53.img"},"category":"news","reactionSummary":{"totalCount":4906,"subReactionSummaries":[{"totalCount":2664,"type":"angry"},{"totalCount":1241,"type":"like"},{"totalCount":599,"type":"love"},{"totalCount":212,"type":"sad"},{"totalCount":126,"type":"thinking"},{"totalCount":64,"type":"surprised"}]},"commentSummary":{"totalCount":0}},{"id":"AATCm8A","type":"article","title":"14 Illinois Hospitals Ranked Among 2022's Best, 6 In Top 100","abstract":"A new ranking by Healthgrades evaluates the top 50, 100 and 250 hospitals in America and more than a dozen Illinois facilities made the list","readTimeMin":3,"url":"https://www.msn.com/en-us/health/medical/14-illinois-hospitals-ranked-among-2022-s-best-6-in-top-100/ar-AATCm8A?ocid=spartan-dhp-feeds","locale":"en-us","isLocalContent":true,"topics":[{"label":"Chicago","weight":100.0,"feedId":"Y_645976e3-13d3-44f3-8f86-f2aabc50632c","locale":"en-us"},{"label":"Health news","weight":0.8925294876098633,"feedId":"Y_e9e6276b-7e2e-437e-8e9c-b45f1de22ba7","locale":"en-us"},{"label":"Medical news","weight":0.6290299892425537,"feedId":"Y_b5b3c1e9-25c5-4bc5-9953-eda566553e94","locale":"en-us"},{"label":"Health","weight":0.6290299892425537,"feedId":"Y_c95b134f-a01c-4439-a13f-337ca34f37ea","locale":"en-us"},{"label":"Health and Fitness","weight":0.6290299892425537,"feedId":"Y_39162ebb-61d9-4c26-8520-a66d3a51da5b","locale":"en-us"},{"label":"Self","weight":0.5324646234512329,"feedId":"Y_8e3b418c-86d2-4bca-bd25-27f6bbccd090","locale":"en-us"}],"feed":{"id":"Y_645976e3-13d3-44f3-8f86-f2aabc50632c","feedName":"Chicago"},"publishedDateTime":"2022-02-08T15:50:52Z","isFeatured":false,"images":[{"width":1067,"height":800,"url":"https://www.bing.com/th?id=ORMS.f88c4b2abbe2360b2fa0e3cc9bdaf268&pid=Wdp"}],"provider":{"id":"AAyhTTE","name":"Patch","logoUrl":"https://img-s-msn-com.akamaized.net/tenant/amp/entityid/AAyhxXG.img"},"category":"health","reactionSummary":{"totalCount":7,"subReactionSummaries":[{"totalCount":4,"type":"like"},{"totalCount":3,"type":"love"}]},"commentSummary":{"totalCount":1,"subCommentSummaries":[{"totalCount":1,"type":"comment"}]}},{"id":"AATC162","type":"article","title":"LeBron James gets real on Russell Westbrook and the Los Angeles Lakers trade deadline","abstract":"The Los Angeles Lakers are obliged to compete at the highest level every year. As the winningest franchise in NBA history and a team with LeBron James and Anthony Davis on its ranks, ther are no excuses. As such, Rob Pelinka tried to improve the roster in the offseason, bringing in multiple veterans and trading for another former MVP in Russell Westbrook. Needless to say, that hasn't paid off thus far. The Lakers are playing below .500...","readTimeMin":3,"url":"https://www.msn.com/en-us/sports/nba/lebron-james-gets-real-on-russell-westbrook-and-the-los-angeles-lakers-trade-deadline/ar-AATC162?ocid=spartan-dhp-feeds","locale":"en-us","topics":[{"label":"Sports","subLabels":["Preview"],"weight":0.9474503397941589,"feedId":"Y_b09e3e40-000d-454d-87ef-96631d7c9e7c","locale":"en-us"}],"feed":{"id":"Y_b09e3e40-000d-454d-87ef-96631d7c9e7c","feedName":"Sports"},"publishedDateTime":"2022-02-08T14:56:23Z","isFeatured":false,"images":[{"width":1200,"height":740,"url":"https://www.bing.com/th?id=ORMS.aa7d871d82f287c3f4a8b9b261666b06&pid=Wdp","focalRegion":{"x1":395,"x2":509,"y1":60,"y2":174},"colorSamples":[{"isDarkMode":true,"hexColor":"#23232D"},{"isDarkMode":false,"hexColor":"#23232D"}]}],"provider":{"id":"AAMzGMB","name":"Bolavip US","logoUrl":"https://img-s-msn-com.akamaized.net/tenant/amp/entityid/AAMzyrj.img"},"category":"sports","reactionSummary":{"totalCount":31,"subReactionSummaries":[{"totalCount":13,"type":"angry"},{"totalCount":11,"type":"like"},{"totalCount":4,"type":"love"},{"totalCount":3,"type":"thinking"}]},"commentSummary":{"totalCount":8,"subCommentSummaries":[{"totalCount":4,"type":"comment"},{"totalCount":4,"type":"reply"}]}},{"id":"AATBXuK","type":"article","title":"Northrop Grumman Offers Navy a Missile Defense System With Infinite Ammo","abstract":"SEWIP Block 3 could be worth billions of dollars in revenues for the giant defense contractor -- and generate more than $1 billion in profit for it.","readTimeMin":4,"url":"https://www.msn.com/en-us/money/companies/northrop-grumman-offers-navy-a-missile-defense-system-with-infinite-ammo/ar-AATBXuK?ocid=spartan-dhp-feeds","locale":"en-us","topics":[{"label":"Money","weight":0.6873067021369934,"feedId":"Y_f714b6e2-e9db-41d0-9b5f-b2e0a52f85da","locale":"en-us"},{"label":"Business","weight":0.6873067021369934,"feedId":"Y_367b7be1-6bd2-44e7-95b3-b0d077ccc28d","locale":"en-us"},{"label":"Fortune 500","weight":0.6873067021369934,"feedId":"Y_66aab8cd-65a4-477c-b208-d18459ad42e4","locale":"en-us"}],"feed":{"id":"Y_f714b6e2-e9db-41d0-9b5f-b2e0a52f85da","feedName":"Money"},"publishedDateTime":"2022-02-08T14:47:00Z","isFeatured":false,"images":[{"width":1699,"height":529,"url":"https://www.bing.com/th?id=ORMS.a2027120ddfcfeeea1901f773f8b6b4e&pid=Wdp","colorSamples":[{"isDarkMode":true,"hexColor":"#24344C"},{"isDarkMode":false,"hexColor":"#24344C"}]}],"provider":{"id":"AA1xXxH","name":"The Motley Fool","logoUrl":"https://img-s-msn-com.akamaized.net/tenant/amp/entityid/BB16ZxBg.img"},"category":"money","reactionSummary":{"totalCount":311,"subReactionSummaries":[{"totalCount":167,"type":"like"},{"totalCount":76,"type":"love"},{"totalCount":34,"type":"thinking"},{"totalCount":26,"type":"surprised"},{"totalCount":7,"type":"angry"},{"totalCount":1,"type":"sad"}]},"commentSummary":{"totalCount":81,"subCommentSummaries":[{"totalCount":30,"type":"comment"},{"totalCount":51,"type":"reply"}]}},{"id":"AATC0m9","type":"slideshow","title":"Chantel Jeffries in Beachwear Says Hi From Miami","abstract":"Here’s how she stays so fit.","url":"https://www.msn.com/en-us/foodanddrink/foodnews/chantel-jeffries-in-beachwear-says-hi-from-miami/ss-AATC0m9?ocid=spartan-dhp-feeds","locale":"en-us","topics":[{"label":"Health news","weight":0.6911720037460327,"feedId":"Y_e9e6276b-7e2e-437e-8e9c-b45f1de22ba7","locale":"en-us"}],"galleryItemCount":6,"feed":{"id":"Y_e9e6276b-7e2e-437e-8e9c-b45f1de22ba7","feedName":"Health news"},"slides":[{"title":"Chantel Jeffries in Beachwear Says Hi From Miami","body":"<p><span>DJ Chantel Jeffries—aka Ceejay—is steaming up Miami this week, posting photos and videos of her time on the beach. \"80 degrees,\" she captioned her latest one, of her in a rainbow bathing suit. Chantel has some roots in Florida; she attended Florida International University, where she reportedly studied Communication Arts and Fine Arts. How does the 29-year-old stay so fit? Read on to see 5 ways Chantel Jeffries stays in shape and the photos that prove they work—and to get beach-ready yourself, don't miss these essential</span><a rel=\"noopener noreferrer\" href=\"https://celebwell.com/celebrity-swimsuit-photos/?utm_source=msn&utm_medium=feed&utm_campaign=msn-feed\"><span> 30 Best-Ever Celebrity Bathing Suit Photos!</span></a></p>","image":{"width":1200,"height":953,"quality":98,"url":"https://img-s-msn-com.akamaized.net/tenant/amp/entityid/AATC27k.img","attribution":"© Provided by Eat This, Not That!","title":"Chantel Jeffries in Beachwear Says Hi From Miami","caption":"<p><span>DJ Chantel Jeffries—aka Ceejay—is steaming up Miami this week, posting photos and videos of her time on the beach. \"80 degrees,\" she captioned her latest one, of her in a rainbow bathing suit. Chantel has some roots in Florida; she attended Florida International University, where she reportedly studied Communication Arts and Fine Arts. How does the 29-year-old stay so fit? Read on to see 5 ways Chantel Jeffries stays in shape and the photos that prove they work—and to get beach-ready yourself, don't miss these essential</span><a rel=\"noopener noreferrer\" href=\"https://celebwell.com/celebrity-swimsuit-photos/?utm_source=msn&utm_medium=feed&utm_campaign=msn-feed\"><span> 30 Best-Ever Celebrity Bathing Suit Photos!</span></a></p>","focalRegion":{"x1":351,"x2":632,"y1":232,"y2":513},"source":"msn"}},{"title":"1. She Invests Her Energy, Knowing It’s Contagious","body":"<p><span>\"Invest in your energy, invest in your environment. Your environment has a direct impact on your life, so be intentional with it. Surround yourself only with people who contribute to your broth and expansion. All energy is contagious,\" says a quote from BobssBabe.Inc, shared by Chantel on the same day as her swimsuit photo. \"Been on that for a decade,\" says Jeffries.</span></p>","image":{"width":710,"height":1200,"quality":100,"url":"https://img-s-msn-com.akamaized.net/tenant/amp/entityid/AATBXek.img","attribution":"© Provided by Eat This, Not That!","title":"1. She Invests Her Energy, Knowing It’s Contagious","caption":"<p><span>\"Invest in your energy, invest in your environment. Your environment has a direct impact on your life, so be intentional with it. Surround yourself only with people who contribute to your broth and expansion. All energy is contagious,\" says a quote from BobssBabe.Inc, shared by Chantel on the same day as her swimsuit photo. \"Been on that for a decade,\" says Jeffries.</span></p>","source":"msn"}},{"title":"2. This is Her Diet Plan","body":"<p><span>Chanel once photographed her diet plan for a friend and shared it on Twitter with the world. On it was a list of healthy things to heat (avocado, eggs, chicken, greens), a list of things to enjoy in moderation (bananas, berries) and a list of no-nos (rice, bread, high-sugar foods, dairy). It was a perfect balance of lean proteins, healthy fats and foods high in fiber.</span></p>","image":{"width":800,"height":1200,"quality":98,"url":"https://img-s-msn-com.akamaized.net/tenant/amp/entityid/AATC9nS.img","attribution":"© Provided by Eat This, Not That!","title":"2. This is Her Diet Plan","caption":"<p><span>Chanel once photographed her diet plan for a friend and shared it on Twitter with the world. On it was a list of healthy things to heat (avocado, eggs, chicken, greens), a list of things to enjoy in moderation (bananas, berries) and a list of no-nos (rice, bread, high-sugar foods, dairy). It was a perfect balance of lean proteins, healthy fats and foods high in fiber.</span></p>","focalRegion":{"x1":302,"x2":377,"y1":116,"y2":191},"source":"msn"}}],"publishedDateTime":"2022-02-08T14:11:17Z","isFeatured":false,"images":[{"width":1200,"height":953,"url":"https://www.bing.com/th?id=ORMS.feb4c62138da7ed7c0222e18e7f67638&pid=Wdp","focalRegion":{"x1":351,"x2":632,"y1":232,"y2":513},"colorSamples":[{"isDarkMode":true,"hexColor":"#683233"},{"isDarkMode":false,"hexColor":"#DADBDC"}]}],"provider":{"id":"BBDtCYz","name":"Celebwell","logoUrl":"https://img-s-msn-com.akamaized.net/tenant/amp/entityid/AAMedqm.img"},"category":"foodanddrink","reactionSummary":{"totalCount":83,"subReactionSummaries":[{"totalCount":47,"type":"like"},{"totalCount":20,"type":"love"},{"totalCount":7,"type":"surprised"},{"totalCount":5,"type":"angry"},{"totalCount":3,"type":"thinking"},{"totalCount":1,"type":"sad"}]},"commentSummary":{"totalCount":5,"subCommentSummaries":[{"totalCount":5,"type":"comment"}]}},{"id":"AATCaae","type":"video","title":"CDC Warnings and Cruise Travel","abstract":"CDC warnings may make travel insurance complicated.","url":"https://www.msn.com/en-us/travel/news/cdc-warnings-and-cruise-travel/vi-AATCaae?ocid=spartan-dhp-feeds","locale":"en-us","topics":[{"label":"Travel news","weight":0.48895078897476196,"feedId":"Y_d659302d-5ac4-460a-9baa-8c8684761110","locale":"en-us"}],"videoMetadata":{"playTime":60,"closedCaptions":[]},"externalVideoFiles":[],"feed":{"id":"Y_d659302d-5ac4-460a-9baa-8c8684761110","feedName":"Travel news"},"publishedDateTime":"2022-02-08T15:09:04Z","isFeatured":false,"images":[{"width":1280,"height":720,"url":"https://www.bing.com/th?id=ORMS.028c82c102392742afcf5312923b8f43&pid=Wdp","colorSamples":[{"isDarkMode":true,"hexColor":"#1C5777"},{"isDarkMode":false,"hexColor":"#CADDED"}]}],"provider":{"id":"BBhFXKH","name":"Dailymotion","logoUrl":"https://img-s-msn-com.akamaized.net/tenant/amp/entityid/AALo3og.img"},"category":"travel","reactionSummary":{"totalCount":17,"subReactionSummaries":[{"totalCount":8,"type":"like"},{"totalCount":3,"type":"love"},{"totalCount":3,"type":"thinking"},{"totalCount":2,"type":"angry"},{"totalCount":1,"type":"surprised"}]},"commentSummary":{"totalCount":0}},{"id":"AATCj79","type":"article","title":"A Olympics hockey referee got her face slashed during the USA-Canada match and needed stitches but returned to finish the game","abstract":"Winter Olympics official Cianna Lieffers had to come off the ice because of excessive bleeding, after suffering a nasty cut in a hockey grudge match.","readTimeMin":2,"url":"https://www.msn.com/en-us/sports/winter-olympics/a-olympics-hockey-referee-got-her-face-slashed-during-the-usa-canada-match-and-needed-stitches-but-returned-to-finish-the-game/ar-AATCj79?ocid=spartan-dhp-feeds","locale":"en-us","topics":[{"label":"NHL","weight":1.0,"feedId":"Y_9c5f2369-a7c5-4eb4-abde-786acd28121f","locale":"en-us"}],"feed":{"id":"Y_9c5f2369-a7c5-4eb4-abde-786acd28121f","feedName":"NHL"},"publishedDateTime":"2022-02-08T16:58:14Z","isFeatured":false,"images":[{"width":1790,"height":1342,"url":"https://www.bing.com/th?id=ORMS.f2ab63cc6eb9f89aa35c40b637169f92&pid=Wdp","focalRegion":{"x1":319,"x2":705,"y1":236,"y2":373},"colorSamples":[{"isDarkMode":true,"hexColor":"#324D73"},{"isDarkMode":false,"hexColor":"#324D73"}]}],"provider":{"id":"BBmKCAX","name":"INSIDER","logoUrl":"https://img-s-msn-com.akamaized.net/tenant/amp/entityid/BB10dZNR.img"},"category":"sports","reactionSummary":{"totalCount":13,"subReactionSummaries":[{"totalCount":5,"type":"like"},{"totalCount":4,"type":"surprised"},{"totalCount":2,"type":"angry"},{"totalCount":1,"type":"love"},{"totalCount":1,"type":"sad"}]},"commentSummary":{"totalCount":0}},{"id":"AATD504","type":"article","title":"Joliet Double Murder Defendant Gets OK To Attend Dad's Funeral","abstract":"Will County Judge Dave Carlson recently entered the emergency order for Tommie McDonald who is charged with killing two Joliet men in 2020.","readTimeMin":3,"url":"https://www.msn.com/en-us/news/crime/joliet-double-murder-defendant-gets-ok-to-attend-dad-s-funeral/ar-AATD504?ocid=spartan-dhp-feeds","locale":"en-us","isLocalContent":true,"topics":[{"label":"Chicago","weight":100.0,"feedId":"Y_645976e3-13d3-44f3-8f86-f2aabc50632c","locale":"en-us"},{"label":"Crime","weight":0.8779929280281067,"feedId":"Y_6f320357-0418-4bb0-a654-f5ba77f31552","locale":"en-us"},{"label":"News","weight":0.8779929280281067,"feedId":"Y_9eb0ac10-32bc-43cf-816e-5beaaf524f7a","locale":"en-us"}],"feed":{"id":"Y_645976e3-13d3-44f3-8f86-f2aabc50632c","feedName":"Chicago"},"publishedDateTime":"2022-02-09T00:00:17Z","isFeatured":false,"images":[{"width":812,"height":609,"url":"https://www.bing.com/th?id=ORMS.fe5e7d05115d0f11745c51aa1b4c9103&pid=Wdp","focalRegion":{"x1":259,"x2":545,"y1":217,"y2":503}}],"provider":{"id":"AAyhTTE","name":"Patch","logoUrl":"https://img-s-msn-com.akamaized.net/tenant/amp/entityid/AAyhxXG.img"},"category":"news","reactionSummary":{"totalCount":3,"subReactionSummaries":[{"totalCount":1,"type":"like"},{"totalCount":1,"type":"surprised"},{"totalCount":1,"type":"thinking"}]},"commentSummary":{"totalCount":0}},{"id":"AATBPTp","type":"article","title":"Shelter Seeking Owner Who Dumped Dog Hours From Death: 'Broke Our Hearts'","abstract":"Surveillance footage showed the dog attempt to follow the person before collapsing in the parking lot.","readTimeMin":3,"url":"https://www.msn.com/en-us/news/crime/shelter-seeking-owner-who-dumped-dog-hours-from-death-broke-our-hearts/ar-AATBPTp?ocid=spartan-dhp-feeds","locale":"en-us","topics":[{"label":"Top News","weight":1.0,"feedId":"Y_8c1db373-86c0-4213-9e06-0bb6deb2a336","locale":"en-us"},{"label":"Crime","weight":1.0,"feedId":"Y_6f320357-0418-4bb0-a654-f5ba77f31552","locale":"en-us"},{"label":"News","weight":0.8399353623390198,"feedId":"Y_9eb0ac10-32bc-43cf-816e-5beaaf524f7a","locale":"en-us"}],"feed":{"id":"Y_8c1db373-86c0-4213-9e06-0bb6deb2a336","feedName":"Top News"},"publishedDateTime":"2022-02-08T12:28:26Z","isFeatured":false,"images":[{"width":2400,"height":1500,"url":"https://www.bing.com/th?id=ORMS.ee7e466ecbcd20f963165f78cfe47b98&pid=Wdp","colorSamples":[{"isDarkMode":true,"hexColor":"#67481F"},{"isDarkMode":false,"hexColor":"#67481F"}]}],"provider":{"id":"AA2e5M","name":"Newsweek","logoUrl":"https://img-s-msn-com.akamaized.net/tenant/amp/entityid/AA38A54.img"},"category":"news","reactionSummary":{"totalCount":649,"subReactionSummaries":[{"totalCount":385,"type":"angry"},{"totalCount":172,"type":"sad"},{"totalCount":44,"type":"like"},{"totalCount":25,"type":"love"},{"totalCount":14,"type":"surprised"},{"totalCount":9,"type":"thinking"}]},"commentSummary":{"totalCount":132,"subCommentSummaries":[{"totalCount":72,"type":"comment"},{"totalCount":60,"type":"reply"}]}},{"id":"AATCl1r","type":"article","title":"Former New York Yankees Outfielder Has Died At 55","abstract":"A longtime Major League Baseball outfielder has reportedly passed away at the age of 55. Former New York Yankees outfielder Gerald Williams, a close friend of Derek Jeter, has died following a battle with cancer. Jeter announced the heartbreaking news on Tuesday afternoon. “Gerald Williams passed away this morning after a battle with cancer. To […] The post Former New York Yankees Outfielder Has Died At 55 appeared first on The Spun.","readTimeMin":1,"url":"https://www.msn.com/en-us/sports/mlb/former-new-york-yankees-outfielder-has-died-at-55/ar-AATCl1r?ocid=spartan-dhp-feeds","locale":"en-us","topics":[{"label":"Sports","weight":0.9999649524688721,"feedId":"Y_b09e3e40-000d-454d-87ef-96631d7c9e7c","locale":"en-us"}],"feed":{"id":"Y_b09e3e40-000d-454d-87ef-96631d7c9e7c","feedName":"Sports"},"publishedDateTime":"2022-02-08T18:07:31Z","isFeatured":false,"images":[{"width":775,"height":465,"url":"https://www.bing.com/th?id=ORMS.d1d0ae957cea77060022310741108b37&pid=Wdp","colorSamples":[{"isDarkMode":true,"hexColor":"#262E3E"},{"isDarkMode":false,"hexColor":"#262E3E"}]}],"provider":{"id":"BB199c9L","name":"The Spun","logoUrl":"https://img-s-msn-com.akamaized.net/tenant/amp/entityid/AALER5n.img"},"category":"sports","reactionSummary":{"totalCount":144,"subReactionSummaries":[{"totalCount":61,"type":"like"},{"totalCount":49,"type":"sad"},{"totalCount":22,"type":"love"},{"totalCount":5,"type":"thinking"},{"totalCount":4,"type":"surprised"},{"totalCount":3,"type":"angry"}]},"commentSummary":{"totalCount":3,"subCommentSummaries":[{"totalCount":2,"type":"comment"},{"totalCount":1,"type":"reply"}]}},{"id":"AATCMX7","type":"article","title":"Ex-Patriots Quarterback Says Tom Brady Wants To Play For 1 Other Team","abstract":"Tom Brady’s playing days are over, right? In the words of the legendary Lee Corso: “Not so fast, my friend!” There’s a belief within NFL circles that if Brady did return to the NFL, he wouldn’t want to play for the Tampa Bay Buccaneers again. The only issue is Brady is still contractually obligated to […] The post Ex-Patriots Quarterback Says Tom Brady Wants To Play For 1 Other Team appeared first on The Spun.","readTimeMin":2,"url":"https://www.msn.com/en-us/sports/nfl/ex-patriots-quarterback-says-tom-brady-wants-to-play-for-1-other-team/ar-AATCMX7?ocid=spartan-dhp-feeds","locale":"en-us","topics":[{"label":"Sports","weight":0.9996578693389893,"feedId":"Y_b09e3e40-000d-454d-87ef-96631d7c9e7c","locale":"en-us"}],"feed":{"id":"Y_b09e3e40-000d-454d-87ef-96631d7c9e7c","feedName":"Sports"},"publishedDateTime":"2022-02-08T21:15:04Z","isFeatured":false,"images":[{"width":775,"height":465,"url":"https://www.bing.com/th?id=ORMS.7b7a82241bc3d72e8f8263d0d1ad3252&pid=Wdp","colorSamples":[{"isDarkMode":true,"hexColor":"#6D3C49"},{"isDarkMode":false,"hexColor":"#6D3C49"}]}],"provider":{"id":"BB199c9L","name":"The Spun","logoUrl":"https://img-s-msn-com.akamaized.net/tenant/amp/entityid/AALER5n.img"},"category":"sports","reactionSummary":{"totalCount":180,"subReactionSummaries":[{"totalCount":109,"type":"like"},{"totalCount":27,"type":"love"},{"totalCount":19,"type":"surprised"},{"totalCount":15,"type":"angry"},{"totalCount":6,"type":"sad"},{"totalCount":4,"type":"thinking"}]},"commentSummary":{"totalCount":39,"subCommentSummaries":[{"totalCount":28,"type":"comment"},{"totalCount":11,"type":"reply"}]}},{"id":"AATCZUW","type":"article","title":"The ugly Covid side effect no one talks about","abstract":"An Australian haircare brand has seen sales of its hair growth supplement skyrocket in the past 12 months because the average Covid patient is suffering from hair loss.","readTimeMin":3,"url":"https://www.msn.com/en-us/news/technology/the-ugly-covid-side-effect-no-one-talks-about/ar-AATCZUW?ocid=spartan-dhp-feeds","locale":"en-us","topics":[{"label":"Wellness","weight":1.0,"feedId":"Y_c19564fe-ba4d-49be-9fe4-4324d244e1c0","locale":"en-us"},{"label":"Top News","weight":1.0,"feedId":"Y_8c1db373-86c0-4213-9e06-0bb6deb2a336","locale":"en-us"},{"label":"News","weight":0.7168581485748291,"feedId":"Y_9eb0ac10-32bc-43cf-816e-5beaaf524f7a","locale":"en-us"},{"label":"Self","weight":0.31114661693573,"feedId":"Y_8e3b418c-86d2-4bca-bd25-27f6bbccd090","locale":"en-us"}],"feed":{"id":"Y_c19564fe-ba4d-49be-9fe4-4324d244e1c0","feedName":"Wellness"},"publishedDateTime":"2022-02-08T22:48:57Z","isFeatured":false,"images":[{"width":1908,"height":1146,"url":"https://www.bing.com/th?id=ORMS.7debea40f341703e4858ae0c63cc8703&pid=Wdp","focalRegion":{"x1":110,"x2":309,"y1":87,"y2":286},"colorSamples":[{"isDarkMode":true,"hexColor":"#382929"},{"isDarkMode":false,"hexColor":"#382929"}]}],"provider":{"id":"AAuyR5X","name":"Daily Mail","logoUrl":"https://img-s-msn-com.akamaized.net/tenant/amp/entityid/AAvcS6D.img"},"category":"news","reactionSummary":{"totalCount":195,"subReactionSummaries":[{"totalCount":92,"type":"like"},{"totalCount":36,"type":"love"},{"totalCount":26,"type":"thinking"},{"totalCount":18,"type":"surprised"},{"totalCount":12,"type":"angry"},{"totalCount":11,"type":"sad"}]},"commentSummary":{"totalCount":0}},{"id":"AATCM6g","type":"article","title":"Appeals court rules in Biden’s favor on abortion referrals","abstract":"COLUMBUS, Ohio (AP) — Federally funded family planning clinics can continue to make abortion referrals for now, a federal court ruled Tuesday, in a setback for a dozen Republican attorneys general who have sued to restore a Trump-era ban on the practice. The 6th U.S. Circuit Court of Appeals in Cincinnati denied a request by the 12 states to pause rules for the federal government’s family planning program while their case is heard. The states...","readTimeMin":3,"url":"https://www.msn.com/en-us/news/politics/appeals-court-rules-in-biden-s-favor-on-abortion-referrals/ar-AATCM6g?ocid=spartan-dhp-feeds","locale":"en-us","topics":[{"label":"Politics","weight":1.0,"feedId":"Y_bced654c-7e2e-4c63-acb4-f3b3b89bd4e3","locale":"en-us"},{"label":"News","weight":0.7949329614639282,"feedId":"Y_9eb0ac10-32bc-43cf-816e-5beaaf524f7a","locale":"en-us"},{"label":"US","weight":0.7949329614639282,"feedId":"Y_a3b33cc2-2c47-48ba-a975-4b87b597644b","locale":"en-us"}],"feed":{"id":"Y_bced654c-7e2e-4c63-acb4-f3b3b89bd4e3","feedName":"Politics"},"publishedDateTime":"2022-02-08T22:34:40Z","isFeatured":false,"images":[{"width":3000,"height":2000,"quality":98,"url":"https://img-s-msn-com.akamaized.net/tenant/amp/entityid/AATCUYj.img","attribution":"Provided by Associated Press","title":"FILE - Ohio Attorney General Dave Yost speaks in Columbus, Ohio, on Feb. 20, 2020. Federally funded family planning clinics can continue to make abortion referrals for now, a federal court ruled Tuesday, Feb. 8, 2022, in a setback for a dozen Republican attorneys general, including Yost, who have sued to restore a Trump-era ban on the practice. (AP Photo/Julie Carr Smyth, File)","caption":"FILE - Ohio Attorney General Dave Yost speaks in Columbus, Ohio, on Feb. 20, 2020. Federally funded family planning clinics can continue to make abortion referrals for now, a federal court ruled Tuesday, Feb. 8, 2022, in a setback for a dozen Republican attorneys general, including Yost, who have sued to restore a Trump-era ban on the practice. (AP Photo/Julie Carr Smyth, File)","focalRegion":{"x1":488,"x2":700,"y1":128,"y2":340},"source":"msn","colorSamples":[{"isDarkMode":true,"hexColor":"#2E2E2E"},{"isDarkMode":false,"hexColor":"#F5F5F5"}]}],"provider":{"id":"AA7mZ3","name":"Associated Press","logoUrl":"https://img-s-msn-com.akamaized.net/tenant/amp/entityid/AACl4vY.img"},"category":"news","reactionSummary":{"totalCount":91,"subReactionSummaries":[{"totalCount":39,"type":"angry"},{"totalCount":29,"type":"like"},{"totalCount":15,"type":"love"},{"totalCount":5,"type":"sad"},{"totalCount":2,"type":"thinking"},{"totalCount":1,"type":"surprised"}]},"commentSummary":{"totalCount":0}},{"id":"AATD7ra","type":"article","title":"Death threats targeting Democrats prompt State Rep. Deb Conroy to shut down Villa Park office","abstract":"State Representative Deb Conroy has shut down her suburban DuPage County office after getting death threats. Conroy is the most recent in a group of state lawmakers to receive threats involving opposition to legislation they've endorsed. Members of a far right group protested Tuesday in front of Conroy's district office with police cars providing p...","readTimeMin":2,"url":"https://www.msn.com/en-us/news/politics/death-threats-targeting-democrats-prompt-state-rep-deb-conroy-to-shut-down-villa-park-office/ar-AATD7ra?ocid=spartan-dhp-feeds","locale":"en-us","isLocalContent":true,"topics":[{"label":"Chicago","weight":100.0,"feedId":"Y_645976e3-13d3-44f3-8f86-f2aabc50632c","locale":"en-us"},{"label":"News","weight":0.7736323475837708,"feedId":"Y_9eb0ac10-32bc-43cf-816e-5beaaf524f7a","locale":"en-us"}],"feed":{"id":"Y_645976e3-13d3-44f3-8f86-f2aabc50632c","feedName":"Chicago"},"publishedDateTime":"2022-02-09T00:46:08Z","isFeatured":false,"images":[{"width":1280,"height":720,"url":"https://www.bing.com/th?id=ORMS.5938aeb592498a3094b4afc603f83d94&pid=Wdp","focalRegion":{"x1":529,"x2":688,"y1":227,"y2":386}}],"provider":{"id":"AAEoTeH","name":"ABC 7 Chicago","logoUrl":"https://img-s-msn-com.akamaized.net/tenant/amp/entityid/AAEHzYw.img"},"category":"news","reactionSummary":{"totalCount":3,"subReactionSummaries":[{"totalCount":1,"type":"love"},{"totalCount":1,"type":"angry"},{"totalCount":1,"type":"thinking"}]},"commentSummary":{"totalCount":3,"subCommentSummaries":[{"totalCount":3,"type":"comment"}]}},{"id":"AATCQm3","type":"article","title":"GOP Lawmaker Apologizes for Cursing Democrat Over Mask Request","abstract":"A longtime Republican lawmaker said he had apologized to the head of the Congressional Black Caucus for cursing at her during an encounter in which she asked him to wear a mask in the U.S. Capitol, illustrating the bubbling tension over Covid-19 rules in the House.","readTimeMin":2,"url":"https://www.msn.com/en-us/news/politics/gop-lawmaker-apologizes-for-cursing-democrat-over-mask-request/ar-AATCQm3?ocid=spartan-dhp-feeds","locale":"en-us","topics":[{"label":"Top News","weight":1.0,"feedId":"Y_8c1db373-86c0-4213-9e06-0bb6deb2a336","locale":"en-us"},{"label":"News","weight":0.6162047982215881,"feedId":"Y_9eb0ac10-32bc-43cf-816e-5beaaf524f7a","locale":"en-us"},{"label":"Politics","weight":0.6162047982215881,"feedId":"Y_bced654c-7e2e-4c63-acb4-f3b3b89bd4e3","locale":"en-us"}],"feed":{"id":"Y_8c1db373-86c0-4213-9e06-0bb6deb2a336","feedName":"Top News"},"publishedDateTime":"2022-02-08T23:19:34Z","isFeatured":false,"images":[{"width":2000,"height":1333,"url":"https://www.bing.com/th?id=ORMS.dcd70d39c3d1248253541b0762f1d889&pid=Wdp","focalRegion":{"x1":501,"x2":701,"y1":183,"y2":383},"colorSamples":[{"isDarkMode":true,"hexColor":"#A41C1C"},{"isDarkMode":false,"hexColor":"#A41C1C"}]}],"provider":{"id":"AAjfXM","name":"Bloomberg","logoUrl":"https://img-s-msn-com.akamaized.net/tenant/amp/entityid/AA3lldo.img"},"category":"news","reactionSummary":{"totalCount":340,"subReactionSummaries":[{"totalCount":123,"type":"like"},{"totalCount":120,"type":"angry"},{"totalCount":30,"type":"love"},{"totalCount":30,"type":"thinking"},{"totalCount":20,"type":"surprised"},{"totalCount":17,"type":"sad"}]},"commentSummary":{"totalCount":0}},{"id":"AATCRrb","type":"article","title":"5 Low-Sugar Foods Doctors Say You Can Eat Non-Stop While Trying To Lose Weight","abstract":"There are so many fad diets, supplements and weight loss shakes on the market that promise weight loss results fast, but the only thing that truly causes weight loss is creating a calorie deficit with your diet (ie. taking in fewer calories than you put out). Eating low-calorie, low-sugar foods will allow you to munch frequently, while never losing weight. It is that simple, doctors say. We asked Dr. Amy Lee, board certified doctor in internal...","readTimeMin":1,"url":"https://www.msn.com/en-us/health/nutrition/5-low-sugar-foods-doctors-say-you-can-eat-non-stop-while-trying-to-lose-weight/ar-AATCRrb?ocid=spartan-dhp-feeds","locale":"en-us","topics":[{"label":"Weight Loss","weight":1.0,"feedId":"Y_dd6ffcee-c451-4a3a-8c00-3a7b596062a4","locale":"en-us"},{"label":"Nutrition","weight":0.7048094272613525,"feedId":"Y_fb32374e-b434-4c98-a8fc-8be0caee2b6c","locale":"en-us"},{"label":"Health and Fitness","weight":0.7048094272613525,"feedId":"Y_39162ebb-61d9-4c26-8520-a66d3a51da5b","locale":"en-us"},{"label":"Health","weight":0.7048094272613525,"feedId":"Y_c95b134f-a01c-4439-a13f-337ca34f37ea","locale":"en-us"},{"label":"Health news","weight":0.6480021476745605,"feedId":"Y_e9e6276b-7e2e-437e-8e9c-b45f1de22ba7","locale":"en-us"}],"feed":{"id":"Y_dd6ffcee-c451-4a3a-8c00-3a7b596062a4","feedName":"Weight Loss"},"publishedDateTime":"2022-02-08T21:08:55Z","isFeatured":false,"images":[{"width":650,"height":650,"url":"https://www.bing.com/th?id=ORMS.ddf52e89a628d2078a6488800e9bdc27&pid=Wdp","colorSamples":[{"isDarkMode":true,"hexColor":"#FFE096"},{"isDarkMode":false,"hexColor":"#FFE096"}]}],"provider":{"id":"AAPeFom","name":"SheFinds","logoUrl":"https://img-s-msn-com.akamaized.net/tenant/amp/entityid/AAPf1Zs.img"},"category":"health","reactionSummary":{"totalCount":125,"subReactionSummaries":[{"totalCount":80,"type":"like"},{"totalCount":16,"type":"love"},{"totalCount":16,"type":"thinking"},{"totalCount":10,"type":"surprised"},{"totalCount":3,"type":"sad"}]},"commentSummary":{"totalCount":3,"subCommentSummaries":[{"totalCount":1,"type":"comment"},{"totalCount":2,"type":"reply"}]}},{"id":"AATC6CF","type":"article","title":"Tim McGraw & Faith Hill Hold Hands While Visiting Daughter Gracie In NYC — Cute Photo","abstract":"While in New York City to do press for '1883,' Tim McGraw and Faith Hill also got to spend some quality time with their oldest daughter, who lives in the Big Apple.","readTimeMin":2,"url":"https://www.msn.com/en-us/music/news/tim-mcgraw-faith-hill-hold-hands-while-visiting-daughter-gracie-in-nyc-cute-photo/ar-AATC6CF?ocid=spartan-dhp-feeds","locale":"en-us","topics":[{"label":"Entertainment News","weight":1.0,"feedId":"Y_fd29d629-260e-4efa-9836-feb7169c9841","locale":"en-us"}],"feed":{"id":"Y_fd29d629-260e-4efa-9836-feb7169c9841","feedName":"Entertainment News"},"publishedDateTime":"2022-02-08T14:05:44Z","isFeatured":false,"images":[{"width":620,"height":465,"url":"https://www.bing.com/th?id=ORMS.d85047af2e480dd3e05c8d4ebdae9042&pid=Wdp","focalRegion":{"x1":90,"x2":167,"y1":116,"y2":193},"colorSamples":[{"isDarkMode":true,"hexColor":"#2A2823"},{"isDarkMode":false,"hexColor":"#2A2823"}]}],"provider":{"id":"AAPNJCG","name":"Hollywood Life","logoUrl":"https://img-s-msn-com.akamaized.net/tenant/amp/entityid/AAPNJEL.img"},"category":"music","reactionSummary":{"totalCount":175,"subReactionSummaries":[{"totalCount":74,"type":"like"},{"totalCount":57,"type":"love"},{"totalCount":18,"type":"thinking"},{"totalCount":11,"type":"surprised"},{"totalCount":8,"type":"angry"},{"totalCount":7,"type":"sad"}]},"commentSummary":{"totalCount":6,"subCommentSummaries":[{"totalCount":4,"type":"comment"},{"totalCount":2,"type":"reply"}]}},{"id":"AATCtQT","type":"article","title":"Hyundai and Kia tell owners of 500,000 vehicles to park outside","abstract":"Hyundai and Kia are telling owners of almost 500,000 cars and SUVs in the United States to park outside and away from buildings due to a possible defect that can cause the vehicles to spontaneously catch fire even when not running.","readTimeMin":2,"url":"https://www.msn.com/en-us/money/companies/hyundai-and-kia-tell-owners-of-500-000-vehicles-to-park-outside/ar-AATCtQT?ocid=spartan-dhp-feeds","locale":"en-us","topics":[{"label":"Fortune 500","weight":0.9310927987098694,"feedId":"Y_66aab8cd-65a4-477c-b208-d18459ad42e4","locale":"en-us"},{"label":"Money","weight":0.9310927987098694,"feedId":"Y_f714b6e2-e9db-41d0-9b5f-b2e0a52f85da","locale":"en-us"},{"label":"Business","weight":0.9310927987098694,"feedId":"Y_367b7be1-6bd2-44e7-95b3-b0d077ccc28d","locale":"en-us"}],"feed":{"id":"Y_66aab8cd-65a4-477c-b208-d18459ad42e4","feedName":"Fortune 500"},"publishedDateTime":"2022-02-08T19:34:53Z","isFeatured":false,"images":[{"width":1100,"height":619,"url":"https://www.bing.com/th?id=ORMS.a5717326046845fd3679a53678613c91&pid=Wdp","colorSamples":[{"isDarkMode":true,"hexColor":"#604E2E"},{"isDarkMode":false,"hexColor":"#604E2E"}]}],"provider":{"id":"AAqcK7","name":"CNN","logoUrl":"https://img-s-msn-com.akamaized.net/tenant/amp/entityid/AAywGC0.img"},"category":"money","reactionSummary":{"totalCount":217,"subReactionSummaries":[{"totalCount":101,"type":"like"},{"totalCount":43,"type":"angry"},{"totalCount":25,"type":"surprised"},{"totalCount":23,"type":"love"},{"totalCount":16,"type":"thinking"},{"totalCount":9,"type":"sad"}]},"commentSummary":{"totalCount":56,"subCommentSummaries":[{"totalCount":28,"type":"comment"},{"totalCount":28,"type":"reply"}]}}]}