{"dealsInfoList":[{"titleUrl":"https://www.bing.com/shop/deals?","items":[{"offerId":"223980228","offerTitle":"30% Off","merchantName":"Converse","imageThumbailId":"OBO.CC22489E92CB51F73B53E3A68072C9DA","clickUrl":"https://www.bing.com/search?q=converse.com+deals","expiryUtc":"2021-01-04T23:29:00"},{"offerId":"2212556651","offerTitle":"25% Off","merchantName":"Papa John's Pizza ","imageThumbailId":"OBO.ABFBEE05C57B957F46A8C05194DE316E","clickUrl":"https://www.bing.com/search?q=papajohns.com+deals","expiryUtc":"2021-02-01T10:59:00"},{"offerId":"4283575497","offerTitle":"20% off","merchantName":"Casetify","imageThumbailId":"OBO.1743CE580D4BC00A494D49E4840A60FB","clickUrl":"https://www.bing.com/search?q=casetify.com+deals"},{"offerId":"2289515138","offerTitle":"15% off","merchantName":"JCPenney","imageThumbailId":"OBO.BD168B8AF9A224BD99D097D5B9A23718","clickUrl":"https://www.bing.com/search?q=jcpenney.com+deals","expiryUtc":"2021-02-01T10:59:00"},{"offerId":"2360973061","offerTitle":"15% Off","merchantName":"ProFlowers ","imageThumbailId":"OBO.263CEB09EEF04D115582BA0975B50E75","clickUrl":"https://www.bing.com/search?q=proflowers.com+deals"},{"offerId":"1030345369","offerTitle":"15% Off","merchantName":"Toms ","imageThumbailId":"OBO.BFFF2F4FD6554250BA522F5602E79B07","clickUrl":"https://www.bing.com/search?q=toms.com+deals"},{"offerId":"3472070543","offerTitle":"15% Off","merchantName":"Harry & David","imageThumbailId":"OBO.C019133CA178FF9340ABA29B5DE54ED8","clickUrl":"https://www.bing.com/search?q=harryanddavid.com+deals"},{"offerId":"2527572669","offerTitle":"15% Off","merchantName":"Kroger ","imageThumbailId":"OBO.F05EDF9D671E2BCEF7B3EF5F97B6FC23","clickUrl":"https://www.bing.com/search?q=kroger.com+deals"},{"offerId":"3600924408","offerTitle":"15% Off","merchantName":"Personalization Mall","imageThumbailId":"OBO.50FBD28BB56EC025022A76174BC19BF9","clickUrl":"https://www.bing.com/search?q=personalizationmall.com+deals"},{"offerId":"630975249","offerTitle":"15% off","merchantName":"GNC","imageThumbailId":"OBO.9128C35CAC717FA08C37C6850F8A81C1","clickUrl":"https://www.bing.com/search?q=gnc.com+deals"},{"offerId":"2789706305","offerTitle":"12% Off","merchantName":"Overstock","imageThumbailId":"OBO.2667A976C91E5FA5245D39C9D094DFAE","clickUrl":"https://www.bing.com/search?q=overstock.com+deals","expiryUtc":"2021-02-03T08:30:00"},{"offerId":"1469901050","offerTitle":"5% Off","merchantName":"Fanatics","imageThumbailId":"OBO.375A4F9794F12D6D706D1137E8BB305B","clickUrl":"https://www.bing.com/search?q=fanatics.com+deals"},{"offerId":"2484521162","offerTitle":"$10 Off","merchantName":"Puma","imageThumbailId":"OBO.D675B2EBD8F90002C1845F6BD8354934","clickUrl":"https://www.bing.com/search?q=puma.com+deals"},{"offerId":"2087219193","offerTitle":"$5 Off","merchantName":"eBay","imageThumbailId":"OBO.72057D7308AF25D1EA996F791FE7F050","clickUrl":"https://www.bing.com/search?q=ebay.com+deals"},{"offerId":"723187202","offerTitle":"$5 Off","merchantName":"Ulta Beauty","imageThumbailId":"OBO.05C352546BDBFED1C2F12413255B1C3D","clickUrl":"https://www.bing.com/search?q=ulta.com+deals","expiryUtc":"2021-01-05T02:29:00"}]}],"trendingCategories":[{"id":"4951","title":"Furniture","titleUrl":"https://www.bing.com/shop?q=Furniture&entrypoint=msn","items":[{"id":"4963","displayText":"Chairs","imageThumbailId":"OC.58755330EAD7F0FB59A2A0DDF0491DEC","clickUrl":"https://www.bing.com/shop?q=Chairs&entrypoint=msn"},{"id":"4987","displayText":"Sofas","imageThumbailId":"OC.B1E5AAD3F53280A9C937F88C6797983F","clickUrl":"https://www.bing.com/shop?q=Sofas&entrypoint=msn"},{"id":"4956","displayText":"Beds","imageThumbailId":"OC.C58ADE0AD1B8C6B86F4E51CFAFD92D64","clickUrl":"https://www.bing.com/shop?q=Beds&entrypoint=msn"},{"id":"4979","displayText":"Mattresses","imageThumbailId":"OC.7507C7CA82DC5CC757CA384E4B79C964","clickUrl":"https://www.bing.com/shop?q=Mattresses&entrypoint=msn"},{"id":"4973","displayText":"Furniture Sets","imageThumbailId":"OC.D3D8621C6A54D925F92DD31DC1162A98","clickUrl":"https://www.bing.com/shop?q=Furniture+Sets&entrypoint=msn"},{"id":"4988","displayText":"Stands","imageThumbailId":"OC.E60E932CA75A08B982E6E6B2023667C8","clickUrl":"https://www.bing.com/shop?q=Stands&entrypoint=msn"},{"id":"4971","displayText":"Entertainment Units","imageThumbailId":"OC.EF082B5A31F1A86F3C5A72C735592DA6","clickUrl":"https://www.bing.com/shop?q=Entertainment+Units&entrypoint=msn"},{"id":"4989","displayText":"Stools","imageThumbailId":"OC.43CEA1615330A27F804376D1FC8AC8DB","clickUrl":"https://www.bing.com/shop?q=Stools&entrypoint=msn"},{"id":"4955","displayText":"Bedframes","imageThumbailId":"OC.2D14E2FFDA8C6468E821AD9E9C04F88B","clickUrl":"https://www.bing.com/shop?q=Bedframes&entrypoint=msn"},{"id":"4962","displayText":"Carts","imageThumbailId":"OC.C715B7BAF0AB304F056DF10A0FC3DB82","clickUrl":"https://www.bing.com/shop?q=Carts&entrypoint=msn"},{"id":"4952","displayText":"Armoires","imageThumbailId":"OC.6E2C9FA432DB3915B06D8A7158216270","clickUrl":"https://www.bing.com/shop?q=Armoires&entrypoint=msn"},{"id":"4982","displayText":"Nightstands","imageThumbailId":"OC.4BC5C056A4D72010C55A9F96F2ED2EFF","clickUrl":"https://www.bing.com/shop?q=Nightstands&entrypoint=msn"},{"id":"4993","displayText":"Vanities","imageThumbailId":"OC.2350DB1C03C549EB9D56D4DBAD977E45","clickUrl":"https://www.bing.com/shop?q=Vanities&entrypoint=msn"},{"id":"4976","displayText":"Headboards","imageThumbailId":"OC.BDD29A1669CE10929CFF578800F74AC8","clickUrl":"https://www.bing.com/shop?q=Headboards&entrypoint=msn"},{"id":"4959","displayText":"Buffet Tables","imageThumbailId":"OC.6F81F309EAA586B5F578935EDB2ED729","clickUrl":"https://www.bing.com/shop?q=Buffet+Tables&entrypoint=msn"},{"id":"4968","displayText":"Cribs","imageThumbailId":"OC.9E00EF48B9E1D01C65EAF67CFC8246A1","clickUrl":"https://www.bing.com/shop?q=Cribs&entrypoint=msn"},{"id":"4966","displayText":"Coat Trees","imageThumbailId":"OC.7863CD00D994F90808B7AC46656092DC","clickUrl":"https://www.bing.com/shop?q=Coat+Trees&entrypoint=msn"},{"id":"6561","displayText":"High Chairs","imageThumbailId":"OC.53EE330B083A114BCDEB0879D7B11C83","clickUrl":"https://www.bing.com/shop?q=High+Chairs&entrypoint=msn"},{"id":"4975","displayText":"Hammocks","imageThumbailId":"OC.7EADA34073DBE69E56529DB808867D3E","clickUrl":"https://www.bing.com/shop?q=Hammocks&entrypoint=msn"},{"id":"4985","displayText":"Servers","imageThumbailId":"OC.29812B222465D88FDC38E47B7BF548F5","clickUrl":"https://www.bing.com/shop?q=Servers&entrypoint=msn"},{"id":"4986","displayText":"Sideboards","imageThumbailId":"OC.76A962E0937383D23CA28A9E461A809B","clickUrl":"https://www.bing.com/shop?q=Sideboards&entrypoint=msn"}]},{"id":"4994","title":"Home Decor","titleUrl":"https://www.bing.com/shop?q=Home+Decor&entrypoint=msn","items":[{"id":"5011","displayText":"Holiday Decorations","imageThumbailId":"OC.86C0CCF3E4576E73AC4EED63C54ACEF4","clickUrl":"https://www.bing.com/shop?q=Holiday+Decorations&entrypoint=msn"},{"id":"5003","displayText":"Clocks","imageThumbailId":"OC.894020D842E595BE0D268C7F56B100DC","clickUrl":"https://www.bing.com/shop?q=Clocks&entrypoint=msn"},{"id":"5001","displayText":"Chair Pads & Cushions","imageThumbailId":"OC.75241E5D4A4BB53CAB92DCCEECA8A845","clickUrl":"https://www.bing.com/shop?q=Chair+Pads+%26+Cushions&entrypoint=msn"},{"id":"6593","displayText":"Centerpieces","imageThumbailId":"OC.7CC26F10B5E93DF97D16BF3560C0985A","clickUrl":"https://www.bing.com/shop?q=Centerpieces&entrypoint=msn"},{"id":"5034","displayText":"Slipcovers","imageThumbailId":"OC.F2CF29F0791404125305DB8D6C8B0166","clickUrl":"https://www.bing.com/shop?q=Slipcovers&entrypoint=msn"},{"id":"4995","displayText":"Baskets","imageThumbailId":"OC.9822E58B5A5C686C0EC53F770DB92EE4","clickUrl":"https://www.bing.com/shop?q=Baskets&entrypoint=msn"},{"id":"5016","displayText":"Jars","imageThumbailId":"OC.3D8D84A40931D1BD10AA0C859EA65B44","clickUrl":"https://www.bing.com/shop?q=Jars&entrypoint=msn"},{"id":"5006","displayText":"Decorative Screens","imageThumbailId":"OC.FD8FEDB2B92C19B1FF9175A8A174A550","clickUrl":"https://www.bing.com/shop?q=Decorative+Screens&entrypoint=msn"},{"id":"5024","displayText":"Balloons","imageThumbailId":"OC.D1C497AEA5BF44BD666174444927683F","clickUrl":"https://www.bing.com/shop?q=Balloons&entrypoint=msn"},{"id":"4998","displayText":"Candle Accessories","imageThumbailId":"OC.A2BB31C8372D865D18040CD79C0DBBE0","clickUrl":"https://www.bing.com/shop?q=Candle+Accessories&entrypoint=msn"},{"id":"5020","displayText":"Music Boxes","imageThumbailId":"OC.7812C9B0B654CBEEB9694F92A1B33BB9","clickUrl":"https://www.bing.com/shop?q=Music+Boxes&entrypoint=msn"},{"id":"5036","displayText":"Vases","imageThumbailId":"OC.4E519802C026DA9033F24A96969C8841","clickUrl":"https://www.bing.com/shop?q=Vases&entrypoint=msn"},{"id":"5037","displayText":"Water Globes","imageThumbailId":"OC.E9A807CFC7DCCDB1B00986914FEE505F","clickUrl":"https://www.bing.com/shop?q=Water+Globes&entrypoint=msn"},{"id":"4997","displayText":"Bookends","imageThumbailId":"OC.253CD6C48F34348C6CD325AFC1988ADB","clickUrl":"https://www.bing.com/shop?q=Bookends&entrypoint=msn"},{"id":"5010","displayText":"Globes","imageThumbailId":"OC.B12B2B5AB6D735D7C3E5F6BF72747B51","clickUrl":"https://www.bing.com/shop?q=Globes&entrypoint=msn"}]},{"id":"5156","title":"Kitchen Equipment","titleUrl":"https://www.bing.com/shop?q=Kitchen+Equipment&entrypoint=msn","items":[{"id":"5168","displayText":"Cookware & Bakeware","imageThumbailId":"OC.AA15EF44A1744AB924917961583CE66C","clickUrl":"https://www.bing.com/shop?q=Cookware+%26+Bakeware&entrypoint=msn"},{"id":"5199","displayText":"Kitchen Tools","imageThumbailId":"OC.29E22B14DE7FDA1FCD81FD35C58D1371","clickUrl":"https://www.bing.com/shop?q=Kitchen+Tools&entrypoint=msn"},{"id":"5223","displayText":"Coffee Makers","imageThumbailId":"OC.AC207D6884DE344B2676C1FE2532124F","clickUrl":"https://www.bing.com/shop?q=Coffee+Makers&entrypoint=msn"},{"id":"5234","displayText":"Microwave Ovens","imageThumbailId":"OC.3C85DB1926C2256DBFDE85406C6953F5","clickUrl":"https://www.bing.com/shop?q=Microwave+Ovens&entrypoint=msn"},{"id":"5243","displayText":"Toaster Ovens","imageThumbailId":"OC.795CE7117D8C5D79BB6198AAA950C42F","clickUrl":"https://www.bing.com/shop?q=Toaster+Ovens&entrypoint=msn"},{"id":"5222","displayText":"Deep Fryers","imageThumbailId":"OC.DF7FCE56F825FA67C21107E2034C6018","clickUrl":"https://www.bing.com/shop?q=Deep+Fryers&entrypoint=msn"},{"id":"5186","displayText":"Containers","imageThumbailId":"OC.55D7DECBDAF4EEF3BD2C18CA6E4F0FFE","clickUrl":"https://www.bing.com/shop?q=Containers&entrypoint=msn"},{"id":"5220","displayText":"Blenders","imageThumbailId":"OC.CF9298A0DB29B6CC8704EA896D209D0D","clickUrl":"https://www.bing.com/shop?q=Blenders&entrypoint=msn"},{"id":"5232","displayText":"Indoor Grills","imageThumbailId":"OC.4DBA9B4AE82D40960572FF4F5F17C934","clickUrl":"https://www.bing.com/shop?q=Indoor+Grills&entrypoint=msn"},{"id":"5240","displayText":"Small Kitchen Appliance Accessories","imageThumbailId":"OC.8E76996CF082271BD8A5FFACFD1AA720","clickUrl":"https://www.bing.com/shop?q=Small+Kitchen+Appliance+Accessories&entrypoint=msn"},{"id":"5235","displayText":"Electric Mixers","imageThumbailId":"OC.F4DA30B7C5AB70E7D858E9A4EA59816B","clickUrl":"https://www.bing.com/shop?q=Electric+Mixers&entrypoint=msn"},{"id":"5245","displayText":"Vacuum Sealers","imageThumbailId":"OC.0B9B43FCAF67036EBC26B93AD6CE21B9","clickUrl":"https://www.bing.com/shop?q=Vacuum+Sealers&entrypoint=msn"},{"id":"5233","displayText":"Juicers","imageThumbailId":"OC.1C439C9A873AA07FA29071C11FD36DBA","clickUrl":"https://www.bing.com/shop?q=Juicers&entrypoint=msn"},{"id":"5226","displayText":"Pressure Cookers","imageThumbailId":"OC.50BB4336A462D9ED2721832CF0CFA3AC","clickUrl":"https://www.bing.com/shop?q=Pressure+Cookers&entrypoint=msn"},{"id":"5230","displayText":"Slicers","imageThumbailId":"OC.9C0D488FC2A66120F5D582A8542118DA","clickUrl":"https://www.bing.com/shop?q=Slicers&entrypoint=msn"},{"id":"5191","displayText":"Pantry Organizers","imageThumbailId":"OC.AF471C0BA2192BC86009756FC1629682","clickUrl":"https://www.bing.com/shop?q=Pantry+Organizers&entrypoint=msn"},{"id":"6677","displayText":"Steamers","imageThumbailId":"OC.4B4330C7DD5745F1F6BE99DDD946B2EE","clickUrl":"https://www.bing.com/shop?q=Steamers&entrypoint=msn"},{"id":"5225","displayText":"Can Openers","imageThumbailId":"OC.39BAF988D9BA115195354C9EE79538BB","clickUrl":"https://www.bing.com/shop?q=Can+Openers&entrypoint=msn"},{"id":"5165","displayText":"Tongs","imageThumbailId":"OC.92CCAD39E756AB19056F5A1523A72869","clickUrl":"https://www.bing.com/shop?q=Tongs&entrypoint=msn"},{"id":"5241","displayText":"Drink Mixers","imageThumbailId":"OC.EB02562103528C887EA338E5EF540BE4","clickUrl":"https://www.bing.com/shop?q=Drink+Mixers&entrypoint=msn"},{"id":"5163","displayText":"Spatulas","imageThumbailId":"OC.C573BCD8CE43463A35DCFC9226E1A92C","clickUrl":"https://www.bing.com/shop?q=Spatulas&entrypoint=msn"},{"id":"5177","displayText":"Dish Towels","imageThumbailId":"OC.B70384F06EC14093422579FFF67A4339","clickUrl":"https://www.bing.com/shop?q=Dish+Towels&entrypoint=msn"},{"id":"5184","displayText":"Cookie Jars","imageThumbailId":"OC.EC2F18F027D18568520B6F0CF6A31606","clickUrl":"https://www.bing.com/shop?q=Cookie+Jars&entrypoint=msn"},{"id":"5193","displayText":"Recipe Boxes","imageThumbailId":"OC.671C9E7F58EE1A3F88988E50A8532484","clickUrl":"https://www.bing.com/shop?q=Recipe+Boxes&entrypoint=msn"},{"id":"5159","displayText":"Funnels","imageThumbailId":"OC.8F412410E06EA9001BCF1320F1362953","clickUrl":"https://www.bing.com/shop?q=Funnels&entrypoint=msn"}]},{"id":"5200","title":"Major Appliances","titleUrl":"https://www.bing.com/shop?q=Major+Appliances&entrypoint=msn","items":[{"id":"5213","displayText":"Refrigerators","imageThumbailId":"OC.9B43CB47490CD91BC0F30604919863D8","clickUrl":"https://www.bing.com/shop?q=Refrigerators&entrypoint=msn"},{"id":"5212","displayText":"Ovens","imageThumbailId":"OC.F01915CB3FFA80D2C308EF3B26374BD3","clickUrl":"https://www.bing.com/shop?q=Ovens&entrypoint=msn"},{"id":"5207","displayText":"Freezers","imageThumbailId":"OC.EE6E51367AE43C26CC25B1BC4D36929D","clickUrl":"https://www.bing.com/shop?q=Freezers&entrypoint=msn"},{"id":"5204","displayText":"Dishwashers","imageThumbailId":"OC.CB7D57914A0FC51B85E0708E4BF9AEA3","clickUrl":"https://www.bing.com/shop?q=Dishwashers&entrypoint=msn"},{"id":"6852","displayText":"Water Heaters","imageThumbailId":"OC.C465957C070DF77F53530AAA8D993A9E","clickUrl":"https://www.bing.com/shop?q=Water+Heaters&entrypoint=msn"},{"id":"5205","displayText":"Clothes Dryers","imageThumbailId":"OC.3373AFBCC8B0991B2D0D830AD18C6DDC","clickUrl":"https://www.bing.com/shop?q=Clothes+Dryers&entrypoint=msn"},{"id":"5214","displayText":"Trash Compactors","imageThumbailId":"OC.B9B020CBF496110E75413C659FDDCAAA","clickUrl":"https://www.bing.com/shop?q=Trash+Compactors&entrypoint=msn"}]},{"id":"4681","title":"Electronics Accessories","titleUrl":"https://www.bing.com/shop?q=Electronics+Accessories&entrypoint=msn","items":[{"id":"4638","displayText":"Headphones & Headsets","imageThumbailId":"OC.4F62E917B4CD0CB9D4B3AE3599E9D49A","clickUrl":"https://www.bing.com/shop?q=Headphones+%26+Headsets&entrypoint=msn"},{"id":"4658","displayText":"Batteries","imageThumbailId":"OC.3BB5E3C1056C69F9154131BFDE30E113","clickUrl":"https://www.bing.com/shop?q=Batteries&entrypoint=msn"},{"id":"4685","displayText":"Battery Chargers & Docking Stations","imageThumbailId":"OC.FFE1F4C6719481C2E062427FCE74574B","clickUrl":"https://www.bing.com/shop?q=Battery+Chargers+%26+Docking+Stations&entrypoint=msn"},{"id":"4694","displayText":"Remote Controls","imageThumbailId":"OC.6151180448E9360724174E121B4ECA7E","clickUrl":"https://www.bing.com/shop?q=Remote+Controls&entrypoint=msn"},{"id":"6522","displayText":"Power Adapters","imageThumbailId":"OC.1B0C568D4CC6FA05A57F72343995D844","clickUrl":"https://www.bing.com/shop?q=Power+Adapters&entrypoint=msn"},{"id":"7012","displayText":"FM Transmitters","imageThumbailId":"OC.293CB02EC80D12392D9E5E7858796682","clickUrl":"https://www.bing.com/shop?q=FM+Transmitters&entrypoint=msn"}]},{"id":"4914","title":"Bedding","titleUrl":"https://www.bing.com/shop?q=Bedding&entrypoint=msn","items":[{"id":"4939","displayText":"Blankets","imageThumbailId":"OC.9827955A55EB192BD4FE7BB98888CCB4","clickUrl":"https://www.bing.com/shop?q=Blankets&entrypoint=msn"},{"id":"4936","displayText":"Bedding Collections","imageThumbailId":"OC.613DE7752300B2DBDCA640162362841E","clickUrl":"https://www.bing.com/shop?q=Bedding+Collections&entrypoint=msn"},{"id":"4950","displayText":"Throws","imageThumbailId":"OC.E8460BAFB677E17CBE36F17E9009E572","clickUrl":"https://www.bing.com/shop?q=Throws&entrypoint=msn"},{"id":"4948","displayText":"Quilts","imageThumbailId":"OC.BBD1927A6EEFC10D4D05E9367CCF4DAE","clickUrl":"https://www.bing.com/shop?q=Quilts&entrypoint=msn"},{"id":"4938","displayText":"Bedspreads","imageThumbailId":"OC.BD66666292ABFD2944099420CADF755F","clickUrl":"https://www.bing.com/shop?q=Bedspreads&entrypoint=msn"},{"id":"4940","displayText":"Comforters","imageThumbailId":"OC.76D4E9F1BD89C55C13E0B893188A4070","clickUrl":"https://www.bing.com/shop?q=Comforters&entrypoint=msn"},{"id":"4946","displayText":"Pillowcases","imageThumbailId":"OC.51A4976A42BF409E4591821EE2404779","clickUrl":"https://www.bing.com/shop?q=Pillowcases&entrypoint=msn"}]},{"id":"6371","title":"Hardware","titleUrl":"https://www.bing.com/shop?q=Hardware&entrypoint=msn","items":[{"id":"6376","displayText":"Door Hardware & Locks","imageThumbailId":"OC.11BAAF17BFC895EBC0D5250616D9F122","clickUrl":"https://www.bing.com/shop?q=Door+Hardware+%26+Locks&entrypoint=msn"},{"id":"6374","displayText":"Cabinet & Drawer Hardware","imageThumbailId":"OC.8733DF1144C3B09FD3AC15A6EB666CCE","clickUrl":"https://www.bing.com/shop?q=Cabinet+%26+Drawer+Hardware&entrypoint=msn"},{"id":"6372","displayText":"Anchors & Hooks","imageThumbailId":"OC.419139CD5CD83953A9B0E7C24AC203D5","clickUrl":"https://www.bing.com/shop?q=Anchors+%26+Hooks&entrypoint=msn"},{"id":"6377","displayText":"Furniture Hardware","imageThumbailId":"OC.422D96D99B4501E3C64E0042E3E7E0E9","clickUrl":"https://www.bing.com/shop?q=Furniture+Hardware&entrypoint=msn"},{"id":"6375","displayText":"Chain & Rope","imageThumbailId":"OC.6281A118B46EF8AECAFDD9A1D9D77BAE","clickUrl":"https://www.bing.com/shop?q=Chain+%26+Rope&entrypoint=msn"},{"id":"6380","displayText":"Nails","imageThumbailId":"OC.8E8FCE35515A2054AEBFA5CF4BFD6B31","clickUrl":"https://www.bing.com/shop?q=Nails&entrypoint=msn"},{"id":"6638","displayText":"Shelving Hardware","imageThumbailId":"OC.83DE7DAD1E744CAA064958284C227A0C","clickUrl":"https://www.bing.com/shop?q=Shelving+Hardware&entrypoint=msn"}]},{"id":"5287","title":"Outdoor Decor","titleUrl":"https://www.bing.com/shop?q=Outdoor+Decor&entrypoint=msn","items":[{"id":"5292","displayText":"Garden Ornaments","imageThumbailId":"OC.B454FBE3FDA77F74FFD9FE64C31C1193","clickUrl":"https://www.bing.com/shop?q=Garden+Ornaments&entrypoint=msn"},{"id":"5296","displayText":"Fire Pits","imageThumbailId":"OC.908828387CC380C65C7AACEC0376ED1A","clickUrl":"https://www.bing.com/shop?q=Fire+Pits&entrypoint=msn"},{"id":"5300","displayText":"Thermometers","imageThumbailId":"OC.5FDADD6CDB7C32AF3C373A3CC459C59E","clickUrl":"https://www.bing.com/shop?q=Thermometers&entrypoint=msn"},{"id":"5294","displayText":"Mailboxes","imageThumbailId":"OC.1612D975C57DC1F960EC9D94AC1F0B51","clickUrl":"https://www.bing.com/shop?q=Mailboxes&entrypoint=msn"},{"id":"5301","displayText":"Arbors & Trellises","imageThumbailId":"OC.BE5828C9169312B5BB7472C2B95CD87E","clickUrl":"https://www.bing.com/shop?q=Arbors+%26+Trellises&entrypoint=msn"},{"id":"5299","displayText":"Signs","imageThumbailId":"OC.0FC03C79A08E719F8883216B48B6D6A3","clickUrl":"https://www.bing.com/shop?q=Signs&entrypoint=msn"},{"id":"6553","displayText":"Outdoor Furniture Covers","imageThumbailId":"OC.BADF94D8C6CFC121C715982D306C9552","clickUrl":"https://www.bing.com/shop?q=Outdoor+Furniture+Covers&entrypoint=msn"},{"id":"5303","displayText":"Water Fountains","imageThumbailId":"OC.A26399F62C9204C27B3A22A4328E8A6E","clickUrl":"https://www.bing.com/shop?q=Water+Fountains&entrypoint=msn"},{"id":"5288","displayText":"Bird Baths","imageThumbailId":"OC.09F8D9185582622645BC30822E500185","clickUrl":"https://www.bing.com/shop?q=Bird+Baths&entrypoint=msn"},{"id":"5290","displayText":"Bird Houses","imageThumbailId":"OC.8A96EC3BE9DAE9241D081BFB4B1EC049","clickUrl":"https://www.bing.com/shop?q=Bird+Houses&entrypoint=msn"}]},{"id":"5651","title":"Camping & Climbing","titleUrl":"https://www.bing.com/shop?q=Camping+%26+Climbing&entrypoint=msn","items":[{"id":"5655","displayText":"Cookware & Food Preparation","imageThumbailId":"OC.E61A146FA0A414295A7D0199C73EB9A4","clickUrl":"https://www.bing.com/shop?q=Cookware+%26+Food+Preparation&entrypoint=msn"},{"id":"5692","displayText":"Tents","imageThumbailId":"OC.00252212A9D0795E573AE4F869EA9BB5","clickUrl":"https://www.bing.com/shop?q=Tents&entrypoint=msn"},{"id":"5663","displayText":"Flashlights, Lights, & Lanterns","imageThumbailId":"OC.6A64535E1C6D3E00F9C58C3D4FB06272","clickUrl":"https://www.bing.com/shop?q=Flashlights%2C+Lights%2C+%26+Lanterns&entrypoint=msn"},{"id":"5672","displayText":"Sleeping Pads & Inflatable Beds","imageThumbailId":"OC.A446FAB64AF53797A2F34ACB550E0D28","clickUrl":"https://www.bing.com/shop?q=Sleeping+Pads+%26+Inflatable+Beds&entrypoint=msn"},{"id":"5675","displayText":"Climbing Accessories","imageThumbailId":"OC.F76B6E8054F474E89E818F8411734E68","clickUrl":"https://www.bing.com/shop?q=Climbing+Accessories&entrypoint=msn"}]},{"id":"5696","title":"Cycling","titleUrl":"https://www.bing.com/shop?q=Cycling&entrypoint=msn","items":[{"id":"5708","displayText":"Bicycles","imageThumbailId":"OC.69E33BDF6AA5D214361107E8F232E302","clickUrl":"https://www.bing.com/shop?q=Bicycles&entrypoint=msn"},{"id":"5706","displayText":"Bicycle Components","imageThumbailId":"OC.FE54FE2F1D6AB61098DA1B9F55FE585B","clickUrl":"https://www.bing.com/shop?q=Bicycle+Components&entrypoint=msn"},{"id":"5709","displayText":"Cycling Clothing","imageThumbailId":"OC.F2C03B1C512513976167451147B86398","clickUrl":"https://www.bing.com/shop?q=Cycling+Clothing&entrypoint=msn"},{"id":"5700","displayText":"Bike Locks","imageThumbailId":"OC.2596F58F170A003BBD906A791601B5D8","clickUrl":"https://www.bing.com/shop?q=Bike+Locks&entrypoint=msn"},{"id":"5701","displayText":"Bike Mirrors","imageThumbailId":"OC.E7440DAC4A24FF9969B438D664A8D482","clickUrl":"https://www.bing.com/shop?q=Bike+Mirrors&entrypoint=msn"}]}],"lastModifiedUnixTime":1636480025095}