{ "@odata.context": "https://api.msn.com/msn/$metadata#FeedLayout", "value": [{"nextPageUrl":"https://api.msn.com:443/MSN/Feed?$top=20&$skip=5&$filter=_t eq 'CompositeCard'&contentType=article,video,slideshow,link,adCard,editorialCard&Ids=Y_b1c993aa-a1dc-40ad-9a66-c770248a2656&infopaneCount=0&queryType=MyFeed&ocid=hponeservicefeed&apikey=0QfOX3Vn51YCzitbLaRkTTBadtWpgTN8NZLW0C1SEM&activityId=14E6F7A1-8ADF-4F97-87CB-99781BBB27B1&market=en-us&fdhead=1s-bing-news,1s-br30min,1s-brsageboostre2,1s-jwtuserauth,1s-pagesegservice,1s-readaipalt,1s-winauthservice,1s-winsegservice,prg-1s-olympwhp,prg-1s-p2pre,prg-1sw-3dproc,prg-1sw-hdolmpc,prg-1sw-l2icon,prg-1sw-loc-hd,prg-1sw-pr1loc,prg-1sw-ski1,prg-1sw-snfall,prg-1sw-ucb20,prg-1sw-warn-icon,prg-1sw-wtt1,prg-2cardsdock,prg-adspeek,prg-bt-native,prg-dualauth,prg-dualautha,prg-dualauthlate,prg-hp-greyhdfeed,prg-hprewflyout-t,prg-ias,prg-inewssettings,prg-pres-sp,prg-rfeedsettings,prg-rrailsettings,prg-sc-2dockadsd,prg-sh-mitcarvt,prg-sh-mittab,prg-sh-xap-hubsecar,prg-wpo-2dockadsd,prg-wpo-hp-olympic,prg-wpo-olympwhp,prg-wpo-olyprod,prg-wtchsocial-c,prg-wx-cny&timeOut=1000","subCards":[{"$type":"Msn.TagsDataModel.TagEntityLib.Artifact, Msn.TagsDataModel","source":"CMS","sourceId":"AATDcpv","cmsId":"cms-amp-AATDcpv","publishedDateTime":"2022-02-09T02:22:47Z","provider":{"id":"AAnTEc","name":"USA TODAY","adNetworkId":"188286","logo":{"url":"https://img-s-msn-com.akamaized.net/tenant/amp/entityid/BBNvr53.img","source":"msn"}},"images":[{"width":388,"height":388,"quality":75,"url":"https://img-s-msn-com.akamaized.net/tenant/amp/entityid/AAKkf4C.img","attribution":"Provided by USA TODAY","title":"'American Idol' fans have crowned 24-year-old Chayce Beckham for season 19","caption":"'American Idol' fans have crowned 24-year-old Chayce Beckham for season 19","focalRegion":{"x1":34,"x2":346,"y1":64,"y2":114},"source":"msn","colorSamples":{"$type":"System.Collections.Generic.List`1[[Msn.TagsDataModel.TagEntityLib.ArtifactData.Color, Msn.TagsDataModel]], System.Private.CoreLib","$values":[{"isDarkMode":true,"hexColor":"#252D4A"},{"hexColor":"#252D4A"}]}}],"abstract":"Former \"American Idol\" contestant Caleb Kennedy has been charged with a felony DUI after a fatal crash in his home state of South Carolina.","readTimeMin":3,"headlines":[{"title":"'American Idol' alum Caleb Kennedy, 17, charged with felony DUI after fatal crash","subTitle":"Caleb Kennedy from 'American Idol' faces felony charges after fatal crash","kicker":"Caleb Kennedy from 'American Idol' faces felony charges after fatal crash","imageCaption":"'American Idol' alum Caleb Kennedy, 17, charged with felony DUI after fatal crash","image":{"width":388,"height":388,"quality":75,"url":"https://img-s-msn-com.akamaized.net/tenant/amp/entityid/AAKkf4C.img","attribution":"Provided by USA TODAY","title":"'American Idol' fans have crowned 24-year-old Chayce Beckham for season 19","caption":"'American Idol' fans have crowned 24-year-old Chayce Beckham for season 19","focalRegion":{"x1":34,"x2":346,"y1":64,"y2":114},"source":"msn"}}],"tags":[{"label":"Crime","weight":0.721660315990448,"feedId":"Y_6f320357-0418-4bb0-a654-f5ba77f31552","locale":"en-us"},{"label":"News","weight":0.721660315990448,"feedId":"Y_9eb0ac10-32bc-43cf-816e-5beaaf524f7a","locale":"en-us"},{"label":"Entertainment News","weight":1.0,"feedId":"Y_fd29d629-260e-4efa-9836-feb7169c9841","locale":"en-us"}],"algoTags":[],"categories":[{"product":"news","label":"newscrime","source":"SelectionMLModel","score":1.0}],"hasSyndicationRights":true,"title":"'American Idol' alum Caleb Kennedy, 17, charged with felony DUI after fatal crash","type":"article","url":"https://www.msn.com/en-us/news/crime/american-idol-alum-caleb-kennedy-17-charged-with-felony-dui-after-fatal-crash/ar-AATDcpv?ocid=hponeservicefeed","locale":"en-us","createdBy":"micropublish","createdDateTime":"2022-02-09T02:24:23Z","updatedDateTime":"2022-02-09T03:04:20Z","deleted":false,"_et":"ArtifactData","id":"A_AATDcpv_en-us","_t":"ContentView"},{"$type":"Msn.TagsDataModel.TagEntityLib.Artifact, Msn.TagsDataModel","source":"CMS","sourceId":"AATDdRU","cmsId":"cms-amp-AATDdRU","publishedDateTime":"2022-02-09T04:19:42Z","provider":{"id":"BBmKCAX","name":"INSIDER","adNetworkId":"","logo":{"url":"https://img-s-msn-com.akamaized.net/tenant/amp/entityid/BB10dZNR.img","source":"msn"}},"images":[{"width":719,"height":539,"quality":75,"url":"https://img-s-msn-com.akamaized.net/tenant/amp/entityid/AATDgL7.img","attribution":"Provided by INSIDER","title":"Chinese social media users attacked K-pop group BTS over its apparent support of a South Korean Olympic speed skater","focalRegion":{"x1":259,"x2":388,"y1":111,"y2":240},"source":"msn","colorSamples":{"$type":"System.Collections.Generic.List`1[[Msn.TagsDataModel.TagEntityLib.ArtifactData.Color, Msn.TagsDataModel]], System.Private.CoreLib","$values":[{"isDarkMode":true,"hexColor":"#2C2C51"},{"hexColor":"#FAF2A5"}]}}],"abstract":"Chinese social media users bombarded the group's Instagram account with harsh comments. Fans fought back with a flood of purple heart emojis.","readTimeMin":2,"headlines":[{"title":"Chinese social media users attacked K-pop group BTS over its leader's apparent support of a South Korean Olympic speed skater","subTitle":"Chinese social media users attacked K-pop group BTS over its leader's apparent support of a South Korean Olympic speed skater","kicker":"Chinese social media users attacked K-pop group BTS over its leader's apparent support of a South Korean Olympic speed skater","imageCaption":"BTS group leader RM has been targeted by angry Chinese social media users. The Chosunilbo JNS/Imazins via Getty Images","image":{"width":719,"height":539,"quality":75,"url":"https://img-s-msn-com.akamaized.net/tenant/amp/entityid/AATDgL7.img","attribution":"Provided by INSIDER","title":"Chinese social media users attacked K-pop group BTS over its apparent support of a South Korean Olympic speed skater","focalRegion":{"x1":259,"x2":388,"y1":111,"y2":240},"source":"msn"}}],"tags":[{"label":"News","weight":1.0,"feedId":"Y_fa5fd603-a617-484b-b8a1-338c7d1b221b","locale":"en-nz"},{"label":"World News","weight":1.0,"feedId":"Y_827f607c-4722-4310-ba97-1782a18c2164","locale":"en-nz"},{"label":"Entertainment News","weight":1.0,"feedId":"Y_fd29d629-260e-4efa-9836-feb7169c9841","locale":"en-us"}],"algoTags":[],"categories":[{"product":"news","label":"newsoffbeat","source":"SelectionMLModel","score":0.4910510778427124,"locale":"en-us"}],"hasSyndicationRights":true,"title":"Chinese social media users attacked K-pop group BTS over its leader's apparent support of a South Korean Olympic speed skater","type":"article","url":"https://www.msn.com/en-us/news/offbeat/chinese-social-media-users-attacked-k-pop-group-bts-over-its-leader-s-apparent-support-of-a-south-korean-olympic-speed-skater/ar-AATDdRU?ocid=hponeservicefeed","locale":"en-us","createdBy":"micropublish","createdDateTime":"2022-02-09T04:29:58Z","updatedDateTime":"2022-02-09T05:18:06Z","deleted":false,"_et":"ArtifactData","id":"A_AATDdRU_en-us","_t":"ContentView"},{"$type":"Msn.TagsDataModel.TagEntityLib.Artifact, Msn.TagsDataModel","source":"CMS","sourceId":"AATCgsd","cmsId":"cms-amp-AATCgsd","publishedDateTime":"2022-02-08T16:53:15Z","provider":{"id":"AA2e5M","name":"Newsweek","adNetworkId":"188286","logo":{"url":"https://img-s-msn-com.akamaized.net/tenant/amp/entityid/AA38A54.img","source":"msn"}},"images":[{"width":2400,"height":1600,"quality":91,"url":"https://img-s-msn-com.akamaized.net/tenant/amp/entityid/AATCnHT.img","attribution":"Warner Bros / Getty/EMMANUEL DUNAND","title":"Movie still and file photo of trail.","caption":"A still from the movie \"Harry Potter and the Prisoner of Azkaban\" and a file photo of a vapor, or condensation, trail. A woman filmed an eerie sight from her plane window.","source":"msn","colorSamples":{"$type":"System.Collections.Generic.List`1[[Msn.TagsDataModel.TagEntityLib.ArtifactData.Color, Msn.TagsDataModel]], System.Private.CoreLib","$values":[{"isDarkMode":true,"hexColor":"#23232D"},{"hexColor":"#23232D"}]}}],"abstract":"Responding to accusations a video may have been faked, Zoë Montoya shared a follow-up, saying, \"Yeah bestie this is definitely my own video I took yesterday.\"","readTimeMin":4,"headlines":[{"title":"Wild Theories Swirl After Plane Passenger Spots 'Dementor' Shape in the Sky","subTitle":"Wild Theories Swirl After Plane Passenger Spots 'Dementor' Shape in the Sky","kicker":"Wild Theories Swirl After Plane Passenger Spots 'Dementor' Shape in the Sky","imageCaption":"A still from the movie \"Harry Potter and the Prisoner of Azkaban\" and a file photo of a vapor, or condensation, trail. A woman filmed an eerie sight from her plane window.","image":{"width":2400,"height":1600,"quality":91,"url":"https://img-s-msn-com.akamaized.net/tenant/amp/entityid/AATCnHT.img","attribution":"Warner Bros / Getty/EMMANUEL DUNAND","title":"Movie still and file photo of trail.","caption":"A still from the movie \"Harry Potter and the Prisoner of Azkaban\" and a file photo of a vapor, or condensation, trail. A woman filmed an eerie sight from her plane window.","source":"msn"}}],"tags":[{"label":"News","weight":0.8923355937004089,"feedId":"Y_9eb0ac10-32bc-43cf-816e-5beaaf524f7a","locale":"en-us"},{"label":"US","weight":0.8923355937004089,"feedId":"Y_a3b33cc2-2c47-48ba-a975-4b87b597644b","locale":"en-us"},{"label":"Top News","weight":1.0,"feedId":"Y_8c1db373-86c0-4213-9e06-0bb6deb2a336","locale":"en-us"}],"algoTags":[],"categories":[{"product":"news","label":"newsus","source":"SelectionMLModel","score":0.8923355937004089}],"hasSyndicationRights":true,"title":"Wild Theories Swirl After Plane Passenger Spots 'Dementor' Shape in the Sky","type":"article","url":"https://www.msn.com/en-us/news/us/wild-theories-swirl-after-plane-passenger-spots-dementor-shape-in-the-sky/ar-AATCgsd?ocid=hponeservicefeed","locale":"en-us","createdBy":"micropublish","createdDateTime":"2022-02-08T17:22:17Z","updatedDateTime":"2022-02-08T17:27:37Z","deleted":false,"_et":"ArtifactData","id":"A_AATCgsd_en-us","_t":"ContentView"},{"$type":"Msn.TagsDataModel.TagEntityLib.Artifact, Msn.TagsDataModel","source":"CMS","sourceId":"AATD4wC","cmsId":"cms-amp-AATD4wC","publishedDateTime":"2022-02-08T23:29:01Z","provider":{"id":"AAnTEc","name":"USA TODAY","adNetworkId":"188286","logo":{"url":"https://img-s-msn-com.akamaized.net/tenant/amp/entityid/BBNvr53.img","source":"msn"}},"images":[{"width":1920,"height":1080,"quality":75,"url":"https://img-s-msn-com.akamaized.net/tenant/amp/entityid/AASX4Uy.img","attribution":"Provided by USA TODAY","title":"Supreme Court allows release of Trump's files to Jan. 6 panel","focalRegion":{"x1":96,"x2":573,"y1":70,"y2":413},"source":"msn","colorSamples":{"$type":"System.Collections.Generic.List`1[[Msn.TagsDataModel.TagEntityLib.ArtifactData.Color, Msn.TagsDataModel]], System.Private.CoreLib","$values":[{"isDarkMode":true,"hexColor":"#75424E"},{"hexColor":"#E6E3F0"}]}}],"abstract":"You would think Republicans would be chanting 'Lock Him Up' and calling for hearings with anyone who was part of the Trump White House. But nothing.","readTimeMin":4,"headlines":[{"title":"The 'but Hillary’s emails' crowd goes silent about Trump’s document destruction","subTitle":"Why aren't Republicans upset about Trump's records scandal?","kicker":"Why aren't Republicans upset about Trump's records scandal?","imageCaption":"Donald Trump","image":{"width":1920,"height":1080,"quality":75,"url":"https://img-s-msn-com.akamaized.net/tenant/amp/entityid/AASX4Uy.img","attribution":"Provided by USA TODAY","title":"Supreme Court allows release of Trump's files to Jan. 6 panel","focalRegion":{"x1":96,"x2":573,"y1":70,"y2":413},"source":"msn"}}],"tags":[{"label":"News","weight":0.679254949092865,"feedId":"Y_9eb0ac10-32bc-43cf-816e-5beaaf524f7a","locale":"en-us"},{"label":"Politics","weight":0.679254949092865,"feedId":"Y_bced654c-7e2e-4c63-acb4-f3b3b89bd4e3","locale":"en-us"},{"label":"Opinion","weight":1.0,"feedId":"Y_fdf0ff6c-7f65-4143-b2ad-fe655db53c36","locale":"en-us"},{"label":"Money News","weight":1.0,"feedId":"Y_0d15b093-2872-4cb5-8755-87020e9f8357","locale":"en-ph"}],"algoTags":[],"categories":[{"product":"news","label":"newsopinion","source":"SelectionMLModel","score":0.8924556374549866,"locale":"en-us"}],"hasSyndicationRights":true,"isOpinion":true,"title":"The 'but Hillary’s emails' crowd goes silent about Trump’s document destruction","type":"article","url":"https://www.msn.com/en-us/news/opinion/the-but-hillary-s-emails-crowd-goes-silent-about-trump-s-document-destruction/ar-AATD4wC?ocid=hponeservicefeed","locale":"en-us","createdBy":"micropublish","createdDateTime":"2022-02-08T23:30:08Z","updatedDateTime":"2022-02-08T23:59:18Z","deleted":false,"_et":"ArtifactData","id":"A_AATD4wC_en-us","_t":"ContentView"},{"$type":"Msn.TagsDataModel.TagEntityLib.Artifact, Msn.TagsDataModel","source":"CMS","sourceId":"AATCZTm","cmsId":"cms-amp-AATCZTm","publishedDateTime":"2022-02-08T23:35:00Z","provider":{"id":"AAGbByA","name":"E! News","adNetworkId":"","logo":{"url":"https://img-s-msn-com.akamaized.net/tenant/amp/entityid/AAGpnHa.img","source":"msn"}},"images":[{"width":1024,"height":759,"quality":91,"url":"https://img-s-msn-com.akamaized.net/tenant/amp/entityid/AATCNLu.img","attribution":"Provided by E! News","title":"Amy Schumer Trolls Liam Neeson After He Admits to Falling in Love With a “Taken” Woman","caption":"Getty Images","focalRegion":{"x1":122,"x2":895,"y1":172,"y2":440},"source":"msn","colorSamples":{"$type":"System.Collections.Generic.List`1[[Msn.TagsDataModel.TagEntityLib.ArtifactData.Color, Msn.TagsDataModel]], System.Private.CoreLib","$values":[{"isDarkMode":true,"hexColor":"#D3E2E8"},{"hexColor":"#D3E2E8"}]}}],"abstract":"Amy Schumer poked a bit of fun at Liam Neeson’s one that got away in a recent Instagram post.","readTimeMin":2,"headlines":[{"title":"Amy Schumer Trolls Liam Neeson After He Admits to Falling in Love With a “Taken” Woman","subTitle":"Amy Schumer Trolls Liam Neeson After He Admits to Falling in Love With a “Taken” Woman","kicker":"Amy Schumer Trolls Liam Neeson After He Admits to Falling in Love With a “Taken” Woman","imageCaption":"Getty Images","image":{"width":1024,"height":759,"quality":91,"url":"https://img-s-msn-com.akamaized.net/tenant/amp/entityid/AATCNLu.img","attribution":"Provided by E! News","title":"Amy Schumer Trolls Liam Neeson After He Admits to Falling in Love With a “Taken” Woman","caption":"Getty Images","focalRegion":{"x1":122,"x2":895,"y1":172,"y2":440},"source":"msn"}}],"tags":[],"algoTags":[],"categories":[{"product":"movies","label":"movienews","source":"SelectionMLModel","score":0.9844398498535156,"locale":"en-us"}],"hasSyndicationRights":true,"title":"Amy Schumer Trolls Liam Neeson After He Admits to Falling in Love With a “Taken” Woman","type":"article","url":"https://www.msn.com/en-us/movies/news/amy-schumer-trolls-liam-neeson-after-he-admits-to-falling-in-love-with-a-taken-woman/ar-AATCZTm?ocid=hponeservicefeed","locale":"en-us","createdBy":"micropublish","createdDateTime":"2022-02-08T23:35:39Z","updatedDateTime":"2022-02-09T00:21:36Z","deleted":false,"_et":"ArtifactData","id":"A_AATCZTm_en-us","_t":"ContentView"}],"metadata":{"A_AATDcpv_en-us":[{"$type":"Msn.TagsDataModel.TagEntityLib.ArtifactMetadata, Msn.TagsDataModel","feedName":"Trending Stories","feedId":"Y_b1c993aa-a1dc-40ad-9a66-c770248a2656","kicker":[{"feedName":"Trending Stories","id":"Y_b1c993aa-a1dc-40ad-9a66-c770248a2656"}],"source":"autocuration"}],"A_AATDdRU_en-us":[{"$type":"Msn.TagsDataModel.TagEntityLib.ArtifactMetadata, Msn.TagsDataModel","feedName":"Trending Stories","feedId":"Y_b1c993aa-a1dc-40ad-9a66-c770248a2656","kicker":[{"feedName":"Trending Stories","id":"Y_b1c993aa-a1dc-40ad-9a66-c770248a2656"}],"source":"autocuration"}],"A_AATCgsd_en-us":[{"$type":"Msn.TagsDataModel.TagEntityLib.ArtifactMetadata, Msn.TagsDataModel","feedName":"Trending Stories","feedId":"Y_b1c993aa-a1dc-40ad-9a66-c770248a2656","kicker":[{"feedName":"Trending Stories","id":"Y_b1c993aa-a1dc-40ad-9a66-c770248a2656"}],"source":"autocuration"}],"A_AATD4wC_en-us":[{"$type":"Msn.TagsDataModel.TagEntityLib.ArtifactMetadata, Msn.TagsDataModel","feedName":"Trending Stories","feedId":"Y_b1c993aa-a1dc-40ad-9a66-c770248a2656","kicker":[{"feedName":"Trending Stories","id":"Y_b1c993aa-a1dc-40ad-9a66-c770248a2656"}],"source":"autocuration"}],"A_AATCZTm_en-us":[{"$type":"Msn.TagsDataModel.TagEntityLib.ArtifactMetadata, Msn.TagsDataModel","feedName":"Trending Stories","feedId":"Y_b1c993aa-a1dc-40ad-9a66-c770248a2656","kicker":[{"feedName":"Trending Stories","id":"Y_b1c993aa-a1dc-40ad-9a66-c770248a2656"}],"source":"autocuration"}]},"title":"Trending Stories","deleted":false,"id":"Y_b1c993aa-a1dc-40ad-9a66-c770248a2656"}]}