{"nextPageUrl":"https://api.msn.com:443/msn/Feed/me?$top=35&$skip=35&$filter=_t eq 'CompositeCard'&contentType=article,video,slideshow,link,content360&infopaneCount=26&queryType=myfeed&location=41.5353|-87.2597&ocid=spartan-dhp-feeds&apikey=0QfOX3Vn51YCzitbLaRkTTBadtWpgTN8NZLW0C1SEM&responseSchema=cardview&market=en-us&fdhead=1s-bing-news,1s-br30min,1s-brsageboostre2,1s-jwtuserauth,1s-pagesegservice,1s-readaipalt,1s-winauthservice,1s-winsegservice,prg-1s-olympwhp,prg-1s-p2pre,prg-1sw-3dproc,prg-1sw-cardalignc,prg-1sw-cftvns,prg-1sw-hdolmpc,prg-1sw-kusto-cf,prg-1sw-l2icon,prg-1sw-loc-hd,prg-1sw-pdt3,prg-1sw-pdtctr,prg-1sw-pr1loc,prg-1sw-remove1,prg-1sw-ski1,prg-1sw-snfall,prg-1sw-spenhf,prg-1sw-spordfcf,prg-1sw-spordw,prg-1sw-ucb20,prg-1sw-warn-icon,prg-1sw-wtt1,prg-1sw-wxnrtcv1,prg-2cardsdock,prg-ad-drc,prg-adspeek,prg-bt-native,prg-dualauth,prg-dualautha,prg-dualauthlate,prg-hp-greyhdfeed,prg-hprewflyout-t,prg-ias,prg-inewssettings,prg-inf-rd-e1,prg-pres-sp,prg-rfeedsettings,prg-rrailsettings,prg-sc-2dockadsd,prg-sh-mitcarvt,prg-sh-mittab,prg-sh-xap-hubsecar,prg-wpo-2dockadsd,prg-wpo-hp-olympic,prg-wpo-olympwhp,prg-wpo-olyprod,prg-wtch-lo1c,prg-wtchsocial-c,prg-wx-cny&timeOut=1000&WrapOData=false&DisableTypeSerialization=true","subCards":[{"type":"infopane","subCards":[{"id":"AATCRd0","type":"article","title":"Five female ski jumpers disqualified from Olympic final over uniforms","abstract":"Five female competitors were disqualified from the mixed team ski jump final in the Beijing Winter Olympics over uniform violations.","readTimeMin":2,"url":"https://www.msn.com/en-us/sports/winter-olympics/five-female-ski-jumpers-disqualified-from-olympic-final-over-uniforms/ar-AATCRd0?ocid=spartan-dhp-feeds","locale":"en-us","topics":[{"label":"Sports news","weight":0.9956046938896179,"feedId":"Y_cf67a66a-37a7-4248-a54b-91afc8129ef7","locale":"en-us"},{"label":"Sports","weight":0.9575243592262268,"feedId":"Y_b09e3e40-000d-454d-87ef-96631d7c9e7c","locale":"en-us"},{"label":"Olympics","weight":0.9575243592262268,"feedId":"Y_cf5e06e9-c43f-403c-ac6a-25de20b18c63","locale":"en-us"}],"feed":{"id":"Y_cf67a66a-37a7-4248-a54b-91afc8129ef7","feedName":"Sports news"},"publishedDateTime":"2022-02-09T01:58:54Z","isFeatured":false,"images":[{"width":4207,"height":2805,"url":"https://www.bing.com/th?id=ORMS.39a0d2e0d5ea352072c244b70800de85&pid=Wdp","colorSamples":[{"isDarkMode":true,"hexColor":"#E4E4DC"},{"isDarkMode":false,"hexColor":"#E4E4DC"}]}],"provider":{"id":"AAdapkM","name":"USA TODAY SPORTS","logoUrl":"https://img-s-msn-com.akamaized.net/tenant/amp/entityid/BB4kwAp.img"},"category":"sports","reactionSummary":{"totalCount":443,"subReactionSummaries":[{"totalCount":214,"type":"angry"},{"totalCount":132,"type":"like"},{"totalCount":31,"type":"love"},{"totalCount":27,"type":"surprised"},{"totalCount":21,"type":"sad"},{"totalCount":18,"type":"thinking"}]},"commentSummary":{"totalCount":197,"subCommentSummaries":[{"totalCount":99,"type":"comment"},{"totalCount":98,"type":"reply"}]}},{"id":"AATCPcT","type":"article","title":"McConnell Denounces R.N.C. Censure of Jan. 6 Panel Members","abstract":"WASHINGTON — Senator Mitch McConnell, the minority leader, pushed back hard on Tuesday against the Republican Party’s censure of Representatives Liz Cheney and Adam Kinzinger and its characterization of the Jan. 6 riot as “legitimate political discourse,” saying the riot was a “violent insurrection.”&nbsp;","readTimeMin":7,"url":"https://www.msn.com/en-us/news/politics/mcconnell-denounces-r-n-c-censure-of-jan-6-panel-members/ar-AATCPcT?ocid=spartan-dhp-feeds","locale":"en-us","topics":[{"label":"Top News","weight":1.0,"feedId":"Y_8c1db373-86c0-4213-9e06-0bb6deb2a336","locale":"en-us"},{"label":"News","weight":0.9836753010749817,"feedId":"Y_9eb0ac10-32bc-43cf-816e-5beaaf524f7a","locale":"en-us"}],"feed":{"id":"Y_8c1db373-86c0-4213-9e06-0bb6deb2a336","feedName":"Top News"},"publishedDateTime":"2022-02-09T00:39:48Z","isFeatured":false,"images":[{"width":1600,"height":900,"url":"https://www.bing.com/th?id=ORMS.2d450ea7ce8fcda646cbe57d544d2cdc&pid=Wdp","colorSamples":[{"isDarkMode":true,"hexColor":"#64481E"},{"isDarkMode":false,"hexColor":"#64481E"}]}],"provider":{"id":"AA1jP16","name":"The New York Times","logoUrl":"https://img-s-msn-com.akamaized.net/tenant/amp/entityid/BBAq9.img"},"category":"news","reactionSummary":{"totalCount":2362,"subReactionSummaries":[{"totalCount":1138,"type":"like"},{"totalCount":665,"type":"angry"},{"totalCount":393,"type":"love"},{"totalCount":89,"type":"surprised"},{"totalCount":48,"type":"thinking"},{"totalCount":29,"type":"sad"}]},"commentSummary":{"totalCount":0}},{"id":"AATDcpv","type":"article","title":"'American Idol' alum Caleb Kennedy, 17, charged with felony DUI after fatal crash","abstract":"Former \"American Idol\" contestant Caleb Kennedy has been charged with a felony DUI after a fatal crash in his home state of South Carolina.","readTimeMin":3,"url":"https://www.msn.com/en-us/news/crime/american-idol-alum-caleb-kennedy-17-charged-with-felony-dui-after-fatal-crash/ar-AATDcpv?ocid=spartan-dhp-feeds","locale":"en-us","topics":[{"label":"Entertainment News","weight":1.0,"feedId":"Y_fd29d629-260e-4efa-9836-feb7169c9841","locale":"en-us"},{"label":"Crime","weight":0.721660315990448,"feedId":"Y_6f320357-0418-4bb0-a654-f5ba77f31552","locale":"en-us"},{"label":"News","weight":0.721660315990448,"feedId":"Y_9eb0ac10-32bc-43cf-816e-5beaaf524f7a","locale":"en-us"}],"feed":{"id":"Y_fd29d629-260e-4efa-9836-feb7169c9841","feedName":"Entertainment News"},"publishedDateTime":"2022-02-09T02:22:47Z","isFeatured":false,"images":[{"width":388,"height":388,"url":"https://www.bing.com/th?id=ORMS.55e590e57e48da97c9c9eb9e5e8bb2f1&pid=Wdp","focalRegion":{"x1":34,"x2":346,"y1":64,"y2":114},"colorSamples":[{"isDarkMode":true,"hexColor":"#252D4A"},{"isDarkMode":false,"hexColor":"#252D4A"}]}],"provider":{"id":"AAnTEc","name":"USA TODAY","logoUrl":"https://img-s-msn-com.akamaized.net/tenant/amp/entityid/BBNvr53.img"},"category":"news","reactionSummary":{"totalCount":125,"subReactionSummaries":[{"totalCount":69,"type":"like"},{"totalCount":18,"type":"love"},{"totalCount":14,"type":"sad"},{"totalCount":11,"type":"surprised"},{"totalCount":10,"type":"angry"},{"totalCount":3,"type":"thinking"}]},"commentSummary":{"totalCount":0}},{"id":"AATDdRU","type":"article","title":"Chinese social media users attacked K-pop group BTS over its leader's apparent support of a South Korean Olympic speed skater","abstract":"Chinese social media users bombarded the group's Instagram account with harsh comments. Fans fought back with a flood of purple heart emojis.","readTimeMin":2,"url":"https://www.msn.com/en-us/news/offbeat/chinese-social-media-users-attacked-k-pop-group-bts-over-its-leader-s-apparent-support-of-a-south-korean-olympic-speed-skater/ar-AATDdRU?ocid=spartan-dhp-feeds","locale":"en-us","topics":[{"label":"Entertainment News","weight":1.0,"feedId":"Y_fd29d629-260e-4efa-9836-feb7169c9841","locale":"en-us"}],"feed":{"id":"Y_fd29d629-260e-4efa-9836-feb7169c9841","feedName":"Entertainment News"},"publishedDateTime":"2022-02-09T04:19:42Z","isFeatured":false,"images":[{"width":719,"height":539,"url":"https://www.bing.com/th?id=ORMS.d2792f02cfd7dcad9a6d8ed64e095d33&pid=Wdp","focalRegion":{"x1":259,"x2":388,"y1":111,"y2":240},"colorSamples":[{"isDarkMode":true,"hexColor":"#2C2C51"},{"isDarkMode":false,"hexColor":"#FAF2A5"}]}],"provider":{"id":"BBmKCAX","name":"INSIDER","logoUrl":"https://img-s-msn-com.akamaized.net/tenant/amp/entityid/BB10dZNR.img"},"category":"news","reactionSummary":{"totalCount":164,"subReactionSummaries":[{"totalCount":64,"type":"angry"},{"totalCount":39,"type":"like"},{"totalCount":30,"type":"love"},{"totalCount":13,"type":"sad"},{"totalCount":12,"type":"surprised"},{"totalCount":6,"type":"thinking"}]},"commentSummary":{"totalCount":32,"subCommentSummaries":[{"totalCount":24,"type":"comment"},{"totalCount":8,"type":"reply"}]}},{"id":"AATD4wC","type":"article","title":"The 'but Hillary’s emails' crowd goes silent about Trump’s document destruction","abstract":"You would think Republicans would be chanting 'Lock Him Up' and calling for hearings with anyone who was part of the Trump White House. But nothing.","readTimeMin":4,"url":"https://www.msn.com/en-us/news/opinion/the-but-hillary-s-emails-crowd-goes-silent-about-trump-s-document-destruction/ar-AATD4wC?ocid=spartan-dhp-feeds","locale":"en-us","topics":[{"label":"Opinion","weight":1.0,"feedId":"Y_fdf0ff6c-7f65-4143-b2ad-fe655db53c36","locale":"en-us"},{"label":"News","weight":0.679254949092865,"feedId":"Y_9eb0ac10-32bc-43cf-816e-5beaaf524f7a","locale":"en-us"},{"label":"Politics","weight":0.679254949092865,"feedId":"Y_bced654c-7e2e-4c63-acb4-f3b3b89bd4e3","locale":"en-us"}],"feed":{"id":"Y_fdf0ff6c-7f65-4143-b2ad-fe655db53c36","feedName":"Opinion"},"publishedDateTime":"2022-02-08T23:29:01Z","isFeatured":false,"badges":[{"type":"opinion"}],"images":[{"width":1920,"height":1080,"url":"https://www.bing.com/th?id=ORMS.a1d9dd9debb79a10bf0c9f1ddc183648&pid=Wdp","focalRegion":{"x1":96,"x2":573,"y1":70,"y2":413},"colorSamples":[{"isDarkMode":true,"hexColor":"#75424E"},{"isDarkMode":false,"hexColor":"#75424E"}]}],"provider":{"id":"AAnTEc","name":"USA TODAY","logoUrl":"https://img-s-msn-com.akamaized.net/tenant/amp/entityid/BBNvr53.img"},"category":"news","reactionSummary":{"totalCount":857,"subReactionSummaries":[{"totalCount":336,"type":"like"},{"totalCount":297,"type":"angry"},{"totalCount":116,"type":"love"},{"totalCount":61,"type":"thinking"},{"totalCount":26,"type":"surprised"},{"totalCount":21,"type":"sad"}]},"commentSummary":{"totalCount":734,"subCommentSummaries":[{"totalCount":239,"type":"comment"},{"totalCount":495,"type":"reply"}]}},{"id":"AATBU5T","type":"article","title":"Teenage ski sensation Eileen Gu twice skirted questions about whether she has renounced her US citizenship to compete for China","abstract":"Gu, who was born in San Francisco to an American father and a Chinese mother, made the decision to represent China in 2019.","readTimeMin":3,"url":"https://www.msn.com/en-us/sports/winter-olympics/teenage-ski-sensation-eileen-gu-twice-skirted-questions-about-whether-she-has-renounced-her-us-citizenship-to-compete-for-china/ar-AATBU5T?ocid=spartan-dhp-feeds","locale":"en-us","topics":[{"label":"Sports news","subLabels":["Signing"],"weight":0.957053542137146,"feedId":"Y_cf67a66a-37a7-4248-a54b-91afc8129ef7","locale":"en-us"},{"label":"Sports","subLabels":["Signing"],"weight":0.8623419404029846,"feedId":"Y_b09e3e40-000d-454d-87ef-96631d7c9e7c","locale":"en-us"}],"feed":{"id":"Y_cf67a66a-37a7-4248-a54b-91afc8129ef7","feedName":"Sports news"},"publishedDateTime":"2022-02-08T12:40:20Z","isFeatured":false,"images":[{"width":1453,"height":1090,"url":"https://www.bing.com/th?id=ORMS.6056aa9442d8c12e820477e7a8314271&pid=Wdp","focalRegion":{"x1":427,"x2":625,"y1":158,"y2":356},"colorSamples":[{"isDarkMode":true,"hexColor":"#1641AB"},{"isDarkMode":false,"hexColor":"#1641AB"}]}],"provider":{"id":"BBmKCAX","name":"INSIDER","logoUrl":"https://img-s-msn-com.akamaized.net/tenant/amp/entityid/BB10dZNR.img"},"category":"sports","reactionSummary":{"totalCount":127,"subReactionSummaries":[{"totalCount":68,"type":"angry"},{"totalCount":35,"type":"like"},{"totalCount":9,"type":"love"},{"totalCount":6,"type":"thinking"},{"totalCount":5,"type":"surprised"},{"totalCount":4,"type":"sad"}]},"commentSummary":{"totalCount":113,"subCommentSummaries":[{"totalCount":53,"type":"comment"},{"totalCount":60,"type":"reply"}]}},{"id":"AATC3cn","type":"article","title":"In Which Pete Davidson Calls Kim Kardashian His Girlfriend *and* Admits to Having a Kim Candle Behind Him","abstract":"This interview is truly a wild ride. ¯\\_(ツ)_/¯","readTimeMin":2,"url":"https://www.msn.com/en-us/tv/news/in-which-pete-davidson-calls-kim-kardashian-his-girlfriend-and-admits-to-having-a-kim-candle-behind-him/ar-AATC3cn?ocid=spartan-dhp-feeds","locale":"en-us","topics":[],"feed":{"feedName":"news"},"publishedDateTime":"2022-02-08T15:12:00Z","isFeatured":false,"images":[{"width":1999,"height":1002,"url":"https://www.bing.com/th?id=ORMS.8ee77e2809afde9f8dff41bc0ee2922c&pid=Wdp","focalRegion":{"x1":392,"x2":545,"y1":109,"y2":262},"colorSamples":[{"isDarkMode":true,"hexColor":"#1C2476"},{"isDarkMode":false,"hexColor":"#1C2476"}]}],"provider":{"id":"BBhKRal","name":"Seventeen","logoUrl":"https://img-s-msn-com.akamaized.net/tenant/amp/entityid/AA9znQg.img"},"category":"tv","reactionSummary":{"totalCount":147,"subReactionSummaries":[{"totalCount":64,"type":"like"},{"totalCount":29,"type":"love"},{"totalCount":18,"type":"angry"},{"totalCount":16,"type":"thinking"},{"totalCount":11,"type":"surprised"},{"totalCount":9,"type":"sad"}]},"commentSummary":{"totalCount":32,"subCommentSummaries":[{"totalCount":23,"type":"comment"},{"totalCount":9,"type":"reply"}]}},{"id":"AATC3Sh","type":"article","title":"Home COVID Test Recall as FDA Recommends Throwing Kits Away","abstract":"SD Biosensor Inc recalled its \"STANDARD Q COVID-19 Ag Home Test\" due to \"confirmed reports that the test kits were illegally imported into the United States.\"","readTimeMin":2,"url":"https://www.msn.com/en-us/news/us/home-covid-test-recall-as-fda-recommends-throwing-kits-away/ar-AATC3Sh?ocid=spartan-dhp-feeds","locale":"en-us","topics":[{"label":"Top News","weight":1.0,"feedId":"Y_8c1db373-86c0-4213-9e06-0bb6deb2a336","locale":"en-us"},{"label":"Coronavirus","weight":1.0,"feedId":"Y_46cba2b4-26fd-492e-a1c0-41ec9917c10b","locale":"en-us"},{"label":"US Headlines","weight":1.0,"feedId":"Y_a314198b-b366-47c3-9775-dcc4ed22543f","locale":"en-us"},{"label":"US","weight":0.6392345428466797,"feedId":"Y_a3b33cc2-2c47-48ba-a975-4b87b597644b","locale":"en-us"},{"label":"News","weight":0.6392345428466797,"feedId":"Y_9eb0ac10-32bc-43cf-816e-5beaaf524f7a","locale":"en-us"}],"feed":{"id":"Y_8c1db373-86c0-4213-9e06-0bb6deb2a336","feedName":"Top News"},"publishedDateTime":"2022-02-08T15:31:31Z","isFeatured":false,"images":[{"width":2020,"height":1346,"url":"https://www.bing.com/th?id=ORMS.709e7056d99a8cdc65a0fb32810799df&pid=Wdp","colorSamples":[{"isDarkMode":true,"hexColor":"#F4ECF4"},{"isDarkMode":false,"hexColor":"#F4ECF4"}]}],"provider":{"id":"AA2e5M","name":"Newsweek","logoUrl":"https://img-s-msn-com.akamaized.net/tenant/amp/entityid/AA38A54.img"},"category":"news","reactionSummary":{"totalCount":40,"subReactionSummaries":[{"totalCount":18,"type":"like"},{"totalCount":8,"type":"surprised"},{"totalCount":6,"type":"love"},{"totalCount":5,"type":"angry"},{"totalCount":3,"type":"thinking"}]},"commentSummary":{"totalCount":0}},{"id":"AATBFt2","type":"article","title":"Steve Irwin's son, Robert Irwin, almost attacked by 12-foot crocodile on camera","abstract":"The son of Steve Irwin, Robert Irwin, was almost attacked by a 12-foot crocodile while filming \"Crikey! It's the Irwins.\"","readTimeMin":2,"url":"https://www.msn.com/en-us/tv/news/steve-irwin-s-son-robert-irwin-almost-attacked-by-12-foot-crocodile-on-camera/ar-AATBFt2?ocid=spartan-dhp-feeds","locale":"en-us","topics":[{"label":"Entertainment","weight":1.0,"feedId":"Y_414a7c40-a373-4025-b4ce-e9502e9e17ed","locale":"en-us"},{"label":"TV","weight":1.0,"feedId":"Y_ecf14ace-5910-4da7-a26f-3919270f1200","locale":"en-us"},{"label":"Entertainment News","weight":1.0,"feedId":"Y_fd29d629-260e-4efa-9836-feb7169c9841","locale":"en-us"},{"label":"TV News","weight":1.0,"feedId":"Y_a1cd9a12-a7ea-49f3-9366-12a2e2a0d5ca","locale":"en-us"}],"feed":{"id":"Y_414a7c40-a373-4025-b4ce-e9502e9e17ed","feedName":"Entertainment"},"publishedDateTime":"2022-02-08T12:42:14Z","isFeatured":false,"images":[{"width":854,"height":480,"url":"https://www.bing.com/th?id=ORMS.504f65f865f9a0fa6cc7e5b31b314008&pid=Wdp","focalRegion":{"x1":134,"x2":775,"y1":78,"y2":224},"colorSamples":[{"isDarkMode":true,"hexColor":"#6E4E26"},{"isDarkMode":false,"hexColor":"#6E4E26"}]}],"provider":{"id":"AAnTEc","name":"USA TODAY","logoUrl":"https://img-s-msn-com.akamaized.net/tenant/amp/entityid/BBNvr53.img"},"category":"tv","reactionSummary":{"totalCount":892,"subReactionSummaries":[{"totalCount":378,"type":"like"},{"totalCount":308,"type":"surprised"},{"totalCount":110,"type":"love"},{"totalCount":41,"type":"sad"},{"totalCount":37,"type":"thinking"},{"totalCount":18,"type":"angry"}]},"commentSummary":{"totalCount":99,"subCommentSummaries":[{"totalCount":85,"type":"comment"},{"totalCount":14,"type":"reply"}]}},{"id":"AATCYTb","type":"article","title":"'Jeopardy' champ Amy Schneider quits day job, says she's 'excited' for the new challenge","abstract":"Former \"Jeopardy!\" contestant Amy Schneider is changing career plans after becoming the quiz show's second all-time winner.","readTimeMin":2,"url":"https://www.msn.com/en-us/tv/news/jeopardy-champ-amy-schneider-quits-day-job-says-she-s-excited-for-the-new-challenge/ar-AATCYTb?ocid=spartan-dhp-feeds","locale":"en-us","topics":[{"label":"Entertainment News","weight":1.0,"feedId":"Y_fd29d629-260e-4efa-9836-feb7169c9841","locale":"en-us"},{"label":"TV News","weight":1.0,"feedId":"Y_a1cd9a12-a7ea-49f3-9366-12a2e2a0d5ca","locale":"en-us"},{"label":"TV","weight":0.8441617488861084,"feedId":"Y_ecf14ace-5910-4da7-a26f-3919270f1200","locale":"en-us"},{"label":"Entertainment","weight":0.8441617488861084,"feedId":"Y_414a7c40-a373-4025-b4ce-e9502e9e17ed","locale":"en-us"}],"feed":{"id":"Y_fd29d629-260e-4efa-9836-feb7169c9841","feedName":"Entertainment News"},"publishedDateTime":"2022-02-09T01:13:45Z","isFeatured":false,"images":[{"width":388,"height":388,"url":"https://www.bing.com/th?id=ORMS.2674b579f1513a4a9b1872d92b9a28e8&pid=Wdp","focalRegion":{"x1":142,"x2":226,"y1":48,"y2":132},"colorSamples":[{"isDarkMode":true,"hexColor":"#101367"},{"isDarkMode":false,"hexColor":"#E4DCDC"}]}],"provider":{"id":"AAnTEc","name":"USA TODAY","logoUrl":"https://img-s-msn-com.akamaized.net/tenant/amp/entityid/BBNvr53.img"},"category":"tv","reactionSummary":{"totalCount":238,"subReactionSummaries":[{"totalCount":130,"type":"like"},{"totalCount":51,"type":"angry"},{"totalCount":30,"type":"love"},{"totalCount":14,"type":"thinking"},{"totalCount":7,"type":"surprised"},{"totalCount":6,"type":"sad"}]},"commentSummary":{"totalCount":0}},{"id":"AATCSUR","type":"slideshow","title":"I tried 5 different kinds of canned chili, and there's only one I'd totally eat again","abstract":"I tasted canned versions of the classic meal from Hormel, Wolf Brand, Amy's, and Campbell's to find the best convenient option for Super Bowl Sunday.","url":"https://www.msn.com/en-us/foodanddrink/foodnews/i-tried-5-different-kinds-of-canned-chili-and-there-s-only-one-i-d-totally-eat-again/ss-AATCSUR?ocid=spartan-dhp-feeds","locale":"en-us","topics":[{"label":"Food","weight":0.7659724950790405,"feedId":"Y_7af3de4b-665e-4109-bb4f-63a829f0495b","locale":"en-us"}],"galleryItemCount":8,"feed":{"id":"Y_7af3de4b-665e-4109-bb4f-63a829f0495b","feedName":"Food"},"slides":[{"title":"I tried 5 different kinds of canned chili, and there's only one I'd totally eat again","body":"<ul class=\"summary-list\"> <li>I reviewed five kinds of canned chili from the supermarket to find the best convenient option. </li> <li>Amy's meat-free version was quite tasty, but Campbell's Chunky chili mac was totally my favorite.</li> <li>Still, none of these canned versions held a candle to homemade chili. </li> </ul><div class=\"read-original\">Read the original article on <a href=\"https://www.insider.com/which-chili-in-a-can-should-i-buy-review-photos-2022-2\">Insider</a></div>","image":{"width":3897,"height":2923,"quality":75,"url":"https://img-s-msn-com.akamaized.net/tenant/amp/entityid/AATCZc0.img","attribution":"Abigail Abesamis Demarest","title":"I tried 5 different kinds of canned chili, and there's only one I'd totally eat again","caption":"<ul class=\"summary-list\"> <li>I reviewed five kinds of canned chili from the supermarket to find the best convenient option. </li> <li>Amy's meat-free version was quite tasty, but Campbell's Chunky chili mac was totally my favorite.</li> <li>Still, none of these canned versions held a candle to homemade chili. </li> </ul><div class=\"read-original\">Read the original article on <a href=\"https://www.insider.com/which-chili-in-a-can-should-i-buy-review-photos-2022-2\">Insider</a></div>","source":"msn"}},{"title":"Chili is a classic and hearty meal, and the canned versions can be super convenient.","body":"<p><a href=\"https://www.insider.com/best-ground-beef-recipes-2018-12\">Chili is warm, comforting, and filling</a>, but requires a fair amount of chopping and simmering to build the complex flavors. So canned options offer a cheap and convenient way to enjoy the classic meal.</p><p>I taste tasted five different kinds of canned chili — Hormel, Wolf Brand, Amy's, Campbell's Chunky, and Campbell's Well Yes! — to find the best option.</p><p>I decided to compare versions with beans for consistency's sake, and I heated up each chili in the microwave, following the instructions on the respective cans.</p><p>Read on to see how these canned chilis stacked up.</p>","image":{"width":3891,"height":2918,"quality":75,"url":"https://img-s-msn-com.akamaized.net/tenant/amp/entityid/AATCXkY.img","attribution":"Abigail Abesamis Demarest","title":"Chili is a classic and hearty meal, and the canned versions can be super convenient.","caption":"<p><a href=\"https://www.insider.com/best-ground-beef-recipes-2018-12\">Chili is warm, comforting, and filling</a>, but requires a fair amount of chopping and simmering to build the complex flavors. So canned options offer a cheap and convenient way to enjoy the classic meal.</p><p>I taste tasted five different kinds of canned chili — Hormel, Wolf Brand, Amy's, Campbell's Chunky, and Campbell's Well Yes! — to find the best option.</p><p>I decided to compare versions with beans for consistency's sake, and I heated up each chili in the microwave, following the instructions on the respective cans.</p><p>Read on to see how these canned chilis stacked up.</p>","source":"msn"}},{"title":"Hormel's take had what I'd consider a classic, canned-chili taste.","body":"<p>When I think of canned chili, I think of Hormel's, so I tried it first as a control, of sorts.</p><p>I followed the instructions on the can and warmed up the chili in a microwave-safe bowl for two to three minutes, stirring halfway through.</p><p>Hormel's chili was the most bean-forward.</p><p>Pretty much each bite was entirely beans. Plus the flavor was very mild, and I couldn't pick up much spice. </p>","image":{"width":3929,"height":2947,"quality":75,"url":"https://img-s-msn-com.akamaized.net/tenant/amp/entityid/AATCSU5.img","attribution":"Abigail Abesamis Demarest","title":"Hormel's take had what I'd consider a classic, canned-chili taste.","caption":"<p>When I think of canned chili, I think of Hormel's, so I tried it first as a control, of sorts.</p><p>I followed the instructions on the can and warmed up the chili in a microwave-safe bowl for two to three minutes, stirring halfway through.</p><p>Hormel's chili was the most bean-forward.</p><p>Pretty much each bite was entirely beans. Plus the flavor was very mild, and I couldn't pick up much spice. </p>","source":"msn"}}],"publishedDateTime":"2022-02-08T22:44:43Z","isFeatured":false,"images":[{"width":3897,"height":2923,"url":"https://www.bing.com/th?id=ORMS.8b4093e8b0f9de2a81f7fd89ce73c8ec&pid=Wdp","colorSamples":[{"isDarkMode":true,"hexColor":"#1A4961"},{"isDarkMode":false,"hexColor":"#1A4961"}]}],"provider":{"id":"BBmKCAX","name":"INSIDER","logoUrl":"https://img-s-msn-com.akamaized.net/tenant/amp/entityid/BB10dZNR.img"},"category":"foodanddrink","reactionSummary":{"totalCount":184,"subReactionSummaries":[{"totalCount":102,"type":"like"},{"totalCount":30,"type":"surprised"},{"totalCount":16,"type":"love"},{"totalCount":14,"type":"sad"},{"totalCount":14,"type":"thinking"},{"totalCount":8,"type":"angry"}]},"commentSummary":{"totalCount":29,"subCommentSummaries":[{"totalCount":20,"type":"comment"},{"totalCount":9,"type":"reply"}]}},{"id":"AATBYOL","type":"slideshow","title":"Sophie Nélisse in Beachwear Says Hi From Mexico","abstract":"The “Yellowjackets” star enjoyed a day at the pool.","url":"https://www.msn.com/en-us/lifestyle/relationships/sophie-nélisse-in-beachwear-says-hi-from-mexico/ss-AATBYOL?ocid=spartan-dhp-feeds","locale":"en-us","topics":[{"label":"Relationships","weight":0.28317347168922424,"feedId":"Y_3905cc68-0ad4-4e18-821f-0794292a3f3f","locale":"en-us"}],"galleryItemCount":6,"feed":{"id":"Y_3905cc68-0ad4-4e18-821f-0794292a3f3f","feedName":"Relationships"},"slides":[{"title":"Sophie Nélisse in Beachwear Says Hi From Mexico","body":"<p><span><span>Sophie Nélisse</span> is enjoying time on vacation—and deservedly so, after the success of her hit show <em>Yellowjackets</em>. Rather than fighting for survival in the frozen woods, as her character does, her current activities include lounging by the pool, reading a book, snapping photos, and looking stunning. <span>Nélisse</span> posted a photo of herself in a black bathing suit, perched on a chair poolside. She had a camera in her hand and a book by her side. She captioned the photo, \"</span><span>Currently at page 287 of my book and picture 16 of my roll.\" How does she stay so fit? </span><span>Read on to see 5 ways <span>Sophie Nélisse</span> stays in shape and the photos that prove they work—and to get beach-ready yourself, don't miss these essential</span><a rel=\"noopener noreferrer\" href=\"https://celebwell.com/celebrity-swimsuit-photos/?utm_source=msn&utm_medium=feed&utm_campaign=msn-feed\"><span> 30 Best-Ever Celebrity Bathing Suit Photos!</span></a></p>","image":{"width":1200,"height":798,"quality":92,"url":"https://img-s-msn-com.akamaized.net/tenant/amp/entityid/AATBT9c.img","attribution":"© Provided by Eat This, Not That!","title":"Sophie Nélisse in Beachwear Says Hi From Mexico","caption":"<p><span><span>Sophie Nélisse</span> is enjoying time on vacation—and deservedly so, after the success of her hit show <em>Yellowjackets</em>. Rather than fighting for survival in the frozen woods, as her character does, her current activities include lounging by the pool, reading a book, snapping photos, and looking stunning. <span>Nélisse</span> posted a photo of herself in a black bathing suit, perched on a chair poolside. She had a camera in her hand and a book by her side. She captioned the photo, \"</span><span>Currently at page 287 of my book and picture 16 of my roll.\" How does she stay so fit? </span><span>Read on to see 5 ways <span>Sophie Nélisse</span> stays in shape and the photos that prove they work—and to get beach-ready yourself, don't miss these essential</span><a rel=\"noopener noreferrer\" href=\"https://celebwell.com/celebrity-swimsuit-photos/?utm_source=msn&utm_medium=feed&utm_campaign=msn-feed\"><span> 30 Best-Ever Celebrity Bathing Suit Photos!</span></a></p>","focalRegion":{"x1":170,"x2":525,"y1":118,"y2":473},"source":"msn"}},{"title":"1. She Has Backup Plans","body":"<p><span>While <span>Nélisse</span> is currently a successful actress, she is also a student, and makes sure that she has a backup plan for the future. <span>Nélisse</span> told </span><a rel=\"noopener noreferrer external nofollow\" href=\"https://madein.co/en/blog/influence-en/and-scene-an-interview-with-sophie-nelisse/\"><span>Made In</span></a><span>, \"I'm a film student. I don't necessarily do it because I'm an actress but because I want to have a plan B. As part of my course, I'm taking math classes and could continue on to study finance or communications in university.\"</span></p>","image":{"width":960,"height":1200,"quality":92,"url":"https://img-s-msn-com.akamaized.net/tenant/amp/entityid/AATBNHm.img","attribution":"© Provided by Eat This, Not That!","title":"1. She Has Backup Plans","caption":"<p><span>While <span>Nélisse</span> is currently a successful actress, she is also a student, and makes sure that she has a backup plan for the future. <span>Nélisse</span> told </span><a rel=\"noopener noreferrer external nofollow\" href=\"https://madein.co/en/blog/influence-en/and-scene-an-interview-with-sophie-nelisse/\"><span>Made In</span></a><span>, \"I'm a film student. I don't necessarily do it because I'm an actress but because I want to have a plan B. As part of my course, I'm taking math classes and could continue on to study finance or communications in university.\"</span></p>","source":"msn"}},{"title":"2. She Ignores Reviews","body":"<p><span>While getting one of your projects reviewed can be good for an actress, it can also be a toll on your self-esteem. <span>Nélisse</span> says that this is the reason she avoids reading comments and reviews on her projects. She tells Made In, \"</span><span>I also get sent reviews, but I never read them. Everyone has a different opinion and I prefer not to read negative comments.\"</span></p>","image":{"width":800,"height":1200,"quality":92,"url":"https://img-s-msn-com.akamaized.net/tenant/amp/entityid/AATBIrc.img","attribution":"© Provided by Eat This, Not That!","title":"2. She Ignores Reviews","caption":"<p><span>While getting one of your projects reviewed can be good for an actress, it can also be a toll on your self-esteem. <span>Nélisse</span> says that this is the reason she avoids reading comments and reviews on her projects. She tells Made In, \"</span><span>I also get sent reviews, but I never read them. Everyone has a different opinion and I prefer not to read negative comments.\"</span></p>","focalRegion":{"x1":301,"x2":372,"y1":130,"y2":201},"source":"msn"}}],"publishedDateTime":"2022-02-08T13:11:08Z","isFeatured":false,"images":[{"width":1200,"height":798,"url":"https://www.bing.com/th?id=ORMS.05757a4cfb088b7be7f0f08b19f02af1&pid=Wdp","focalRegion":{"x1":170,"x2":525,"y1":118,"y2":473},"colorSamples":[{"isDarkMode":true,"hexColor":"#343C54"},{"isDarkMode":false,"hexColor":"#C8DBFD"}]}],"provider":{"id":"BBDtCYz","name":"Celebwell","logoUrl":"https://img-s-msn-com.akamaized.net/tenant/amp/entityid/AAMedqm.img"},"category":"lifestyle","reactionSummary":{"totalCount":152,"subReactionSummaries":[{"totalCount":86,"type":"like"},{"totalCount":38,"type":"love"},{"totalCount":9,"type":"angry"},{"totalCount":8,"type":"thinking"},{"totalCount":7,"type":"surprised"},{"totalCount":4,"type":"sad"}]},"commentSummary":{"totalCount":6,"subCommentSummaries":[{"totalCount":6,"type":"comment"}]}},{"id":"AATBlmJ","type":"article","title":"The Weird Rule Kate Middleton Makes Her Staff Follow Was Just Revealed","abstract":"If you’ve ever wanted to know what the Duke and Duchess of Cambridge look for when hiring a member of staff, then wonder no more, as a job advert posted on the Royal Household’s official website has just described one of the key things the young royals insist on! As per the advert for a recent housekeeping role, which was described as an “exciting opportunity” to “join a supportive and positive team” and work for the family of five (which in...","readTimeMin":1,"url":"https://www.msn.com/en-us/lifestyle/family/the-weird-rule-kate-middleton-makes-her-staff-follow-was-just-revealed/ar-AATBlmJ?ocid=spartan-dhp-feeds","locale":"en-us","topics":[{"label":"Royals","weight":1.0,"feedId":"Y_1e3f7bf0-2ce6-411e-ad6a-3fe56ce1032b","locale":"en-us"},{"label":"Celebrities and Royals News","weight":1.0,"feedId":"Y_6da7c728-6dac-49b0-8e35-ecfe0b41c198","locale":"en-us"}],"feed":{"id":"Y_1e3f7bf0-2ce6-411e-ad6a-3fe56ce1032b","feedName":"Royals"},"publishedDateTime":"2022-02-08T10:30:44Z","isFeatured":false,"images":[{"width":650,"height":650,"url":"https://www.bing.com/th?id=ORMS.4ffd7d451d81b506f6b28f79a8dc2f2a&pid=Wdp","focalRegion":{"x1":240,"x2":473,"y1":169,"y2":402}}],"provider":{"id":"AAPeFom","name":"SheFinds","logoUrl":"https://img-s-msn-com.akamaized.net/tenant/amp/entityid/AAPf1Zs.img"},"category":"lifestyle","reactionSummary":{"totalCount":713,"subReactionSummaries":[{"totalCount":366,"type":"like"},{"totalCount":172,"type":"love"},{"totalCount":75,"type":"surprised"},{"totalCount":63,"type":"thinking"},{"totalCount":29,"type":"angry"},{"totalCount":8,"type":"sad"}]},"commentSummary":{"totalCount":61,"subCommentSummaries":[{"totalCount":28,"type":"comment"},{"totalCount":33,"type":"reply"}]}},{"id":"AATCxHW","type":"article","title":"Jan. 6 Rioter Who Was Out on Bail During Capitol Siege Arrested: Report","abstract":"The man was out on bail for an attempted first-degree murder charge when he stormed the U.S. Capitol on January 6, 2021.","readTimeMin":2,"url":"https://www.msn.com/en-us/news/crime/jan-6-rioter-who-was-out-on-bail-during-capitol-siege-arrested-report/ar-AATCxHW?ocid=spartan-dhp-feeds","locale":"en-us","topics":[{"label":"Crime","weight":1.0,"feedId":"Y_6f320357-0418-4bb0-a654-f5ba77f31552","locale":"en-us"},{"label":"Top News","weight":1.0,"feedId":"Y_8c1db373-86c0-4213-9e06-0bb6deb2a336","locale":"en-us"},{"label":"News","weight":0.9916962385177612,"feedId":"Y_9eb0ac10-32bc-43cf-816e-5beaaf524f7a","locale":"en-us"}],"feed":{"id":"Y_6f320357-0418-4bb0-a654-f5ba77f31552","feedName":"Crime"},"publishedDateTime":"2022-02-08T18:09:35Z","isFeatured":false,"images":[{"width":3000,"height":2000,"url":"https://www.bing.com/th?id=ORMS.b342f8ebcfcfc7511be8b49f25801987&pid=Wdp"}],"provider":{"id":"AA2e5M","name":"Newsweek","logoUrl":"https://img-s-msn-com.akamaized.net/tenant/amp/entityid/AA38A54.img"},"category":"news","reactionSummary":{"totalCount":144,"subReactionSummaries":[{"totalCount":95,"type":"like"},{"totalCount":19,"type":"love"},{"totalCount":17,"type":"angry"},{"totalCount":8,"type":"sad"},{"totalCount":3,"type":"surprised"},{"totalCount":2,"type":"thinking"}]},"commentSummary":{"totalCount":0}},{"id":"AATCwRE","type":"article","title":"Beijing's Industrial Wasteland Setting for Winter Olympics Horrifies Viewers","abstract":"The 64-meter high Big Air slope is situated in an industrial park, on the site of a former steel mill, and it doesn't look particularly pretty.","readTimeMin":3,"url":"https://www.msn.com/en-us/sports/winter-olympics/beijing-s-industrial-wasteland-setting-for-winter-olympics-horrifies-viewers/ar-AATCwRE?ocid=spartan-dhp-feeds","locale":"en-us","topics":[{"label":"Sports","weight":0.8414679169654846,"feedId":"Y_b09e3e40-000d-454d-87ef-96631d7c9e7c","locale":"en-us"},{"label":"Olympics","weight":0.8414679169654846,"feedId":"Y_cf5e06e9-c43f-403c-ac6a-25de20b18c63","locale":"en-us"},{"label":"Sports news","weight":0.7695986032485962,"feedId":"Y_cf67a66a-37a7-4248-a54b-91afc8129ef7","locale":"en-us"}],"feed":{"id":"Y_b09e3e40-000d-454d-87ef-96631d7c9e7c","feedName":"Sports"},"publishedDateTime":"2022-02-08T17:32:28Z","isFeatured":false,"images":[{"width":2500,"height":1667,"url":"https://www.bing.com/th?id=ORMS.92dff97dea4f0ce3ef8b2a6bfc3ad580&pid=Wdp"}],"provider":{"id":"AA2e5M","name":"Newsweek","logoUrl":"https://img-s-msn-com.akamaized.net/tenant/amp/entityid/AA38A54.img"},"category":"sports","reactionSummary":{"totalCount":37,"subReactionSummaries":[{"totalCount":17,"type":"like"},{"totalCount":7,"type":"love"},{"totalCount":7,"type":"angry"},{"totalCount":3,"type":"thinking"},{"totalCount":2,"type":"surprised"},{"totalCount":1,"type":"sad"}]},"commentSummary":{"totalCount":0}},{"id":"AATCl1r","type":"article","title":"Former New York Yankees Outfielder Has Died At 55","abstract":"A longtime Major League Baseball outfielder has reportedly passed away at the age of 55. Former New York Yankees outfielder Gerald Williams, a close friend of Derek Jeter, has died following a battle with cancer. Jeter announced the heartbreaking news on Tuesday afternoon. “Gerald Williams passed away this morning after a battle with cancer. To […] The post Former New York Yankees Outfielder Has Died At 55 appeared first on The Spun.","readTimeMin":1,"url":"https://www.msn.com/en-us/sports/mlb/former-new-york-yankees-outfielder-has-died-at-55/ar-AATCl1r?ocid=spartan-dhp-feeds","locale":"en-us","topics":[{"label":"Sports","weight":0.9999649524688721,"feedId":"Y_b09e3e40-000d-454d-87ef-96631d7c9e7c","locale":"en-us"}],"feed":{"id":"Y_b09e3e40-000d-454d-87ef-96631d7c9e7c","feedName":"Sports"},"publishedDateTime":"2022-02-08T18:07:31Z","isFeatured":false,"images":[{"width":775,"height":465,"url":"https://www.bing.com/th?id=ORMS.d1d0ae957cea77060022310741108b37&pid=Wdp","colorSamples":[{"isDarkMode":true,"hexColor":"#262E3E"},{"isDarkMode":false,"hexColor":"#262E3E"}]}],"provider":{"id":"BB199c9L","name":"The Spun","logoUrl":"https://img-s-msn-com.akamaized.net/tenant/amp/entityid/AALER5n.img"},"category":"sports","reactionSummary":{"totalCount":215,"subReactionSummaries":[{"totalCount":93,"type":"like"},{"totalCount":77,"type":"sad"},{"totalCount":30,"type":"love"},{"totalCount":6,"type":"thinking"},{"totalCount":5,"type":"angry"},{"totalCount":4,"type":"surprised"}]},"commentSummary":{"totalCount":3,"subCommentSummaries":[{"totalCount":2,"type":"comment"},{"totalCount":1,"type":"reply"}]}},{"id":"AATCqAi","type":"article","title":"Shawn Mendes gets up close and personal with yogi Hitomi Mochizuki in Hawaii","abstract":"Shawn Mendes has a new woman in his life, but their connection might not be romantic. The “Summer Of Love” singer was spotted on a remote beach in Hawaii with Hitomi Mochizuki, an “Ashtanga Yogi” whom Shawn follows on Instagram. Photos show the pair walking around and grabbing some refreshments at a local establishment, though the most interesting ...","readTimeMin":2,"url":"https://www.msn.com/en-us/movies/celebrity/shawn-mendes-gets-up-close-and-personal-with-yogi-hitomi-mochizuki-in-hawaii/ar-AATCqAi?ocid=spartan-dhp-feeds","locale":"en-us","topics":[],"feed":{"feedName":"news"},"publishedDateTime":"2022-02-08T17:38:22Z","isFeatured":false,"images":[{"width":480,"height":288,"url":"https://www.bing.com/th?id=ORMS.5c1e51ff9560a1d8ada647bd58591d66&pid=Wdp","colorSamples":[{"isDarkMode":true,"hexColor":"#504117"},{"isDarkMode":false,"hexColor":"#504117"}]}],"provider":{"id":"BBk466U","name":"¡Hola!","logoUrl":"https://img.s-msn.com/tenant/amp/entityid/BBkfRSW.img"},"category":"movies","reactionSummary":{"totalCount":13,"subReactionSummaries":[{"totalCount":9,"type":"like"},{"totalCount":2,"type":"love"},{"totalCount":1,"type":"surprised"},{"totalCount":1,"type":"angry"}]},"commentSummary":{"totalCount":0}},{"id":"AATCK1e","type":"article","title":"You might get triple your usual tax refund if you read this now","abstract":"The Biden White House marked Tuesday, February 8, as a “day of action” to remind Americans to sign up for two huge tax credits when preparing their federal tax return this year. One is the expanded child tax credit, with the second half of that coming via this year’s tax return. The other? The Earned The post You might get triple your usual tax refund if you read this now appeared first on BGR.","readTimeMin":3,"url":"https://www.msn.com/en-us/money/personalfinance/you-might-get-triple-your-usual-tax-refund-if-you-read-this-now/ar-AATCK1e?ocid=spartan-dhp-feeds","locale":"en-us","topics":[{"label":"Money","weight":0.9621190428733826,"feedId":"Y_f714b6e2-e9db-41d0-9b5f-b2e0a52f85da","locale":"en-us"},{"label":"Business","weight":0.9621190428733826,"feedId":"Y_367b7be1-6bd2-44e7-95b3-b0d077ccc28d","locale":"en-us"},{"label":"Taxes","weight":0.9127703905105591,"feedId":"Y_ea7ed546-0426-4ebf-bdd1-c2c07be072c5","locale":"en-us"}],"feed":{"id":"Y_f714b6e2-e9db-41d0-9b5f-b2e0a52f85da","feedName":"Money"},"publishedDateTime":"2022-02-08T19:41:00Z","isFeatured":false,"images":[{"width":1725,"height":1151,"url":"https://www.bing.com/th?id=ORMS.2a1170cfed0dff438a4428c7f889799c&pid=Wdp","colorSamples":[{"isDarkMode":true,"hexColor":"#C9DFE7"},{"isDarkMode":false,"hexColor":"#C9DFE7"}]}],"provider":{"id":"AA5Lie6","name":"BGR","logoUrl":"https://img-s-msn-com.akamaized.net/tenant/amp/entityid/BB1vTrk.img"},"category":"money","reactionSummary":{"totalCount":175,"subReactionSummaries":[{"totalCount":108,"type":"like"},{"totalCount":25,"type":"love"},{"totalCount":18,"type":"angry"},{"totalCount":12,"type":"surprised"},{"totalCount":8,"type":"thinking"},{"totalCount":4,"type":"sad"}]},"commentSummary":{"totalCount":14,"subCommentSummaries":[{"totalCount":9,"type":"comment"},{"totalCount":5,"type":"reply"}]}},{"id":"AATCBG0","type":"article","title":"Look: Alvin Kamara’s Alleged Victim Shares Photo Of His Injuries","abstract":"Shortly after the Pro Bowl wrapped up on Sunday at Allegiant Stadium, New Orleans Saints running back Alvin Kamara was arrested and charged with battery resulting in substantial bodily harm. He was released after posting bail on Sunday night. According to multiple reports, video surveillance shows Kamara punching a man, Darnell Greene, several times. Kamara’s […] The post Look: Alvin Kamara’s Alleged Victim Shares Photo Of His Injuries appeared...","readTimeMin":1,"url":"https://www.msn.com/en-us/sports/nfl/look-alvin-kamara-s-alleged-victim-shares-photo-of-his-injuries/ar-AATCBG0?ocid=spartan-dhp-feeds","locale":"en-us","topics":[{"label":"Sports","weight":0.9998019933700562,"feedId":"Y_b09e3e40-000d-454d-87ef-96631d7c9e7c","locale":"en-us"},{"label":"Crime","weight":0.7023091912269592,"feedId":"Y_6f320357-0418-4bb0-a654-f5ba77f31552","locale":"en-us"},{"label":"News","weight":0.7023091912269592,"feedId":"Y_9eb0ac10-32bc-43cf-816e-5beaaf524f7a","locale":"en-us"}],"feed":{"id":"Y_b09e3e40-000d-454d-87ef-96631d7c9e7c","feedName":"Sports"},"publishedDateTime":"2022-02-08T20:06:21Z","isFeatured":false,"images":[{"width":775,"height":465,"url":"https://www.bing.com/th?id=ORMS.2ce22c7fc3889e024115e33f44a69d72&pid=Wdp","colorSamples":[{"isDarkMode":true,"hexColor":"#2C4395"},{"isDarkMode":false,"hexColor":"#2C4395"}]}],"provider":{"id":"BB199c9L","name":"The Spun","logoUrl":"https://img-s-msn-com.akamaized.net/tenant/amp/entityid/AALER5n.img"},"category":"sports","reactionSummary":{"totalCount":110,"subReactionSummaries":[{"totalCount":54,"type":"like"},{"totalCount":26,"type":"love"},{"totalCount":14,"type":"angry"},{"totalCount":9,"type":"surprised"},{"totalCount":5,"type":"thinking"},{"totalCount":2,"type":"sad"}]},"commentSummary":{"totalCount":0}},{"id":"AATCDOG","type":"article","title":"Ivy League Announces Decision On Swimmer Lia Thomas","abstract":"University of Pennsylvania swimmer Lia Thomas started her career with the men’s swimming team. After two and a half years of hormone therapy, she began shattering records on the women’s team. Thomas’ eligibility has been in question for the past few weeks. A lot of that uncertainty stems the NCAA’s newest policy that “aligns transgender […] The post Ivy League Announces Decision On Swimmer Lia Thomas appeared first on The Spun.","readTimeMin":2,"url":"https://www.msn.com/en-us/sports/winter-olympics/ivy-league-announces-decision-on-swimmer-lia-thomas/ar-AATCDOG?ocid=spartan-dhp-feeds","locale":"en-us","topics":[{"label":"Sports news","subLabels":["Preview"],"weight":0.9978170990943909,"feedId":"Y_cf67a66a-37a7-4248-a54b-91afc8129ef7","locale":"en-us"},{"label":"Golf","subLabels":["Preview"],"weight":0.949999988079071,"feedId":"Y_9f4d5ad7-8f38-42b3-bc44-fa4d0bcd3be0","locale":"en-us"},{"label":"Sports","subLabels":["Preview"],"weight":0.9034212827682495,"feedId":"Y_b09e3e40-000d-454d-87ef-96631d7c9e7c","locale":"en-us"}],"feed":{"id":"Y_cf67a66a-37a7-4248-a54b-91afc8129ef7","feedName":"Sports news"},"publishedDateTime":"2022-02-08T20:41:13Z","isFeatured":false,"images":[{"width":775,"height":465,"url":"https://www.bing.com/th?id=ORMS.740caa024cf583fcb97557f054f98ae6&pid=Wdp","focalRegion":{"x1":280,"x2":359,"y1":72,"y2":151},"colorSamples":[{"isDarkMode":true,"hexColor":"#DCFCFC"},{"isDarkMode":false,"hexColor":"#DCFCFC"}]}],"provider":{"id":"BB199c9L","name":"The Spun","logoUrl":"https://img-s-msn-com.akamaized.net/tenant/amp/entityid/AALER5n.img"},"category":"sports","reactionSummary":{"totalCount":174,"subReactionSummaries":[{"totalCount":116,"type":"angry"},{"totalCount":32,"type":"like"},{"totalCount":11,"type":"sad"},{"totalCount":9,"type":"love"},{"totalCount":4,"type":"surprised"},{"totalCount":2,"type":"thinking"}]},"commentSummary":{"totalCount":98,"subCommentSummaries":[{"totalCount":84,"type":"comment"},{"totalCount":14,"type":"reply"}]}},{"id":"AATBBvo","type":"article","title":"My nephew was beautiful and courageous. The love and acceptance of his family was not enough","abstract":"There are 10 sitting days remaining in the 46th Parliament. There is a crisis in our aged care system. Hundreds of Australians are dying in understaffed, underfunded homes and yet this Government is doing nothing about it. Two years ago the Government promised to introduce a federal anti-corruption commission. The attorney general told us yesterday that no such promise will be delivered. There are skills shortages and supply shortages which are...","readTimeMin":5,"url":"https://www.msn.com/en-us/news/opinion/my-nephew-was-beautiful-and-courageous-the-love-and-acceptance-of-his-family-was-not-enough/ar-AATBBvo?ocid=spartan-dhp-feeds","locale":"en-us","topics":[{"label":"News","weight":0.7786569595336914,"feedId":"Y_9eb0ac10-32bc-43cf-816e-5beaaf524f7a","locale":"en-us"},{"label":"Opinion","weight":0.7786569595336914,"feedId":"Y_fdf0ff6c-7f65-4143-b2ad-fe655db53c36","locale":"en-us"}],"feed":{"id":"Y_9eb0ac10-32bc-43cf-816e-5beaaf524f7a","feedName":"News"},"publishedDateTime":"2022-02-08T11:43:05Z","isFeatured":false,"images":[{"width":4435,"height":2661,"url":"https://www.bing.com/th?id=ORMS.4a30e12ba862c83bc9ac74fa5a5dfb02&pid=Wdp","focalRegion":{"x1":339,"x2":500,"y1":176,"y2":336},"colorSamples":[{"isDarkMode":true,"hexColor":"#171B2B"},{"isDarkMode":false,"hexColor":"#171B2B"}]}],"provider":{"id":"AA28KK","name":"The Guardian","logoUrl":"https://img-s-msn-com.akamaized.net/tenant/amp/entityid/AAyxfDD.img"},"category":"news","reactionSummary":{"totalCount":173,"subReactionSummaries":[{"totalCount":69,"type":"like"},{"totalCount":47,"type":"love"},{"totalCount":28,"type":"sad"},{"totalCount":14,"type":"angry"},{"totalCount":9,"type":"thinking"},{"totalCount":6,"type":"surprised"}]},"commentSummary":{"totalCount":17,"subCommentSummaries":[{"totalCount":11,"type":"comment"},{"totalCount":6,"type":"reply"}]}},{"id":"AATCwW7","type":"video","title":"Man Crashes Down Icy Stairs","abstract":"This man was climbing down the stairs to his car. Little did he know the stairs were covered in ice and as soon as he lost grip, he slipped down the entire stairway, dropping his laptop and drink, and hurting himself. His girlfriend then got out of the car to ask if he was okay.","url":"https://www.msn.com/en-us/video/peopleandplaces/man-crashes-down-icy-stairs/vi-AATCwW7?ocid=spartan-dhp-feeds","locale":"en-us","topics":[{"label":"Travel news","weight":0.1504337340593338,"feedId":"Y_d659302d-5ac4-460a-9baa-8c8684761110","locale":"en-us"}],"videoMetadata":{"playTime":20,"closedCaptions":[]},"externalVideoFiles":[],"feed":{"id":"Y_d659302d-5ac4-460a-9baa-8c8684761110","feedName":"Travel news"},"publishedDateTime":"2022-02-08T17:45:49Z","isFeatured":false,"images":[{"width":640,"height":360,"url":"https://www.bing.com/th?id=ORMS.dee5e98bf797d9e8c8c0f4389a486416&pid=Wdp"}],"provider":{"id":"BBhFXKH","name":"Dailymotion","logoUrl":"https://img-s-msn-com.akamaized.net/tenant/amp/entityid/AALo3og.img"},"category":"video","reactionSummary":{"totalCount":17,"subReactionSummaries":[{"totalCount":7,"type":"like"},{"totalCount":4,"type":"love"},{"totalCount":3,"type":"surprised"},{"totalCount":2,"type":"sad"},{"totalCount":1,"type":"thinking"}]},"commentSummary":{"totalCount":0}},{"id":"AATCASz","type":"video","title":"Hugh Hefner's ex-girlfriend claims she was his 'drug mule'","abstract":"Hugh Hefner's former girlfriend, Sondra Theodore, claims she served as his \"drug mule\" when they were together from 1976 to 1981.","url":"https://www.msn.com/en-us/video/peopleandplaces/hugh-hefner-s-ex-girlfriend-claims-she-was-his-drug-mule/vi-AATCASz?ocid=spartan-dhp-feeds","locale":"en-us","topics":[],"videoMetadata":{"playTime":87,"closedCaptions":[{"locale":"en-us","href":"https://prod-video-cms-amp-microsoft-com.akamaized.net/tenant/amp/entityid/AATCASz?blobrefkey=closedcaptionen-us&$blob=1"}]},"externalVideoFiles":[{"url":"https://prod-streaming-video-msn-com.akamaized.net/87d4cf36-1816-4906-a229-99a377cdd5d3/1411ed89-1353-4f41-8da0-58ec84d8415c.mp4","contentType":"video/mp4","fileSize":36725032},{"url":"https://prod-streaming-video-msn-com.akamaized.net/facf4cc3-f940-42fc-9597-a6b7b9399be3/1411ed89-1353-4f41-8da0-58ec84d8.ism/manifest","width":1920,"height":1080},{"url":"https://prod-streaming-video-msn-com.akamaized.net/facf4cc3-f940-42fc-9597-a6b7b9399be3/1411ed89-1353-4f41-8da0-58ec84d8.ism/manifest(format=m3u8-aapl)","width":1920,"height":1080},{"url":"https://prod-streaming-video-msn-com.akamaized.net/facf4cc3-f940-42fc-9597-a6b7b9399be3/1411ed89-1353-4f41-8da0-58ec84d8.ism/manifest(format=mpd-time-csf)","width":1920,"height":1080},{"url":"https://prod-streaming-video-msn-com.akamaized.net/facf4cc3-f940-42fc-9597-a6b7b9399be3/1411ed89-1353-4f41-8da0-58ec84d8_6750.mp4","width":1920,"height":1080,"contentType":"video/mp4","fileSize":71023986},{"url":"https://prod-streaming-video-msn-com.akamaized.net/facf4cc3-f940-42fc-9597-a6b7b9399be3/1411ed89-1353-4f41-8da0-58ec84d8_3400.mp4","width":1280,"height":720,"contentType":"video/mp4","fileSize":36707392},{"url":"https://prod-streaming-video-msn-com.akamaized.net/facf4cc3-f940-42fc-9597-a6b7b9399be3/1411ed89-1353-4f41-8da0-58ec84d8_2250.mp4","width":960,"height":540,"contentType":"video/mp4","fileSize":24995653},{"url":"https://prod-streaming-video-msn-com.akamaized.net/facf4cc3-f940-42fc-9597-a6b7b9399be3/1411ed89-1353-4f41-8da0-58ec84d8_1500.mp4","width":960,"height":540,"contentType":"video/mp4","fileSize":16995409},{"url":"https://prod-streaming-video-msn-com.akamaized.net/facf4cc3-f940-42fc-9597-a6b7b9399be3/1411ed89-1353-4f41-8da0-58ec84d8_650.mp4","width":640,"height":360,"contentType":"video/mp4","fileSize":8136221}],"feed":{"feedName":"news"},"publishedDateTime":"2022-02-08T19:00:00Z","isFeatured":false,"images":[{"width":1000,"height":650,"url":"https://www.bing.com/th?id=ORMS.4acaf8856f64359c7a210194c8a828dd&pid=Wdp","focalRegion":{"x1":264,"x2":734,"y1":153,"y2":623},"colorSamples":[{"isDarkMode":true,"hexColor":"#1D231B"},{"isDarkMode":false,"hexColor":"#1D231B"}]}],"provider":{"id":"AA3vCll","name":"BANG Showbiz","logoUrl":"https://img-s-msn-com.akamaized.net/tenant/amp/entityid/AA8vAKd.img"},"category":"video","reactionSummary":{"totalCount":20,"subReactionSummaries":[{"totalCount":9,"type":"like"},{"totalCount":4,"type":"thinking"},{"totalCount":3,"type":"surprised"},{"totalCount":2,"type":"sad"},{"totalCount":1,"type":"love"},{"totalCount":1,"type":"angry"}]},"commentSummary":{"totalCount":0}},{"id":"AATC6CF","type":"article","title":"Tim McGraw & Faith Hill Hold Hands While Visiting Daughter Gracie In NYC — Cute Photo","abstract":"While in New York City to do press for '1883,' Tim McGraw and Faith Hill also got to spend some quality time with their oldest daughter, who lives in the Big Apple.","readTimeMin":2,"url":"https://www.msn.com/en-us/music/news/tim-mcgraw-faith-hill-hold-hands-while-visiting-daughter-gracie-in-nyc-cute-photo/ar-AATC6CF?ocid=spartan-dhp-feeds","locale":"en-us","topics":[{"label":"Entertainment News","weight":1.0,"feedId":"Y_fd29d629-260e-4efa-9836-feb7169c9841","locale":"en-us"}],"feed":{"id":"Y_fd29d629-260e-4efa-9836-feb7169c9841","feedName":"Entertainment News"},"publishedDateTime":"2022-02-08T14:05:44Z","isFeatured":false,"images":[{"width":620,"height":465,"url":"https://www.bing.com/th?id=ORMS.d85047af2e480dd3e05c8d4ebdae9042&pid=Wdp","focalRegion":{"x1":90,"x2":167,"y1":116,"y2":193},"colorSamples":[{"isDarkMode":true,"hexColor":"#2A2823"},{"isDarkMode":false,"hexColor":"#2A2823"}]}],"provider":{"id":"AAPNJCG","name":"Hollywood Life","logoUrl":"https://img-s-msn-com.akamaized.net/tenant/amp/entityid/AAPNJEL.img"},"category":"music","reactionSummary":{"totalCount":192,"subReactionSummaries":[{"totalCount":85,"type":"like"},{"totalCount":59,"type":"love"},{"totalCount":18,"type":"thinking"},{"totalCount":13,"type":"surprised"},{"totalCount":9,"type":"angry"},{"totalCount":8,"type":"sad"}]},"commentSummary":{"totalCount":6,"subCommentSummaries":[{"totalCount":4,"type":"comment"},{"totalCount":2,"type":"reply"}]}},{"id":"AATCUeD","type":"video","title":"'Like it or don't like it, it's your duty, my beauty': What Putin's crude words mean","abstract":"Russian President Vladimir Putin set Russian media abuzz following a crude comment he made about Ukrainian President Zelensky during a news conference. CNN's Alex Marquardt has the story.","url":"https://www.msn.com/en-us/news/world/like-it-or-don-t-like-it-it-s-your-duty-my-beauty-what-putin-s-crude-words-mean/vi-AATCUeD?ocid=spartan-dhp-feeds","locale":"en-us","topics":[{"label":"Top Video","weight":1.0,"feedId":"Y_5abbb9ed-c7f6-46ef-9694-5bcd3aa68599","locale":"en-us"},{"label":"News","weight":0.8501757979393005,"feedId":"Y_9eb0ac10-32bc-43cf-816e-5beaaf524f7a","locale":"en-us"},{"label":"World","weight":0.8501757979393005,"feedId":"Y_ee352f2b-a60f-41b3-9b10-4d54b4e7f3f9","locale":"en-us"}],"videoMetadata":{"playTime":142,"closedCaptions":[{"locale":"en-us","href":"https://prod-video-cms-amp-microsoft-com.akamaized.net/tenant/amp/entityid/AATCUeD?blobrefkey=closedcaptionen-us&$blob=1"}]},"externalVideoFiles":[{"url":"https://prod-streaming-video-msn-com.akamaized.net/619477e3-0938-4c65-8982-93b0e6c57b66/93f9109c-e311-4b53-bfcd-500ea8dfd965.mp4","contentType":"video/mp4","fileSize":145869585},{"url":"https://prod-streaming-video-msn-com.akamaized.net/d3818c67-21f4-45ad-8620-c3f17dbc864d/93f9109c-e311-4b53-bfcd-500ea8df.ism/manifest","width":1920,"height":1080},{"url":"https://prod-streaming-video-msn-com.akamaized.net/d3818c67-21f4-45ad-8620-c3f17dbc864d/93f9109c-e311-4b53-bfcd-500ea8df.ism/manifest(format=m3u8-aapl)","width":1920,"height":1080},{"url":"https://prod-streaming-video-msn-com.akamaized.net/d3818c67-21f4-45ad-8620-c3f17dbc864d/93f9109c-e311-4b53-bfcd-500ea8df.ism/manifest(format=mpd-time-csf)","width":1920,"height":1080},{"url":"https://prod-streaming-video-msn-com.akamaized.net/d3818c67-21f4-45ad-8620-c3f17dbc864d/93f9109c-e311-4b53-bfcd-500ea8df_6750.mp4","width":1920,"height":1080,"contentType":"video/mp4","fileSize":121716347},{"url":"https://prod-streaming-video-msn-com.akamaized.net/d3818c67-21f4-45ad-8620-c3f17dbc864d/93f9109c-e311-4b53-bfcd-500ea8df_3400.mp4","width":1280,"height":720,"contentType":"video/mp4","fileSize":62205884},{"url":"https://prod-streaming-video-msn-com.akamaized.net/d3818c67-21f4-45ad-8620-c3f17dbc864d/93f9109c-e311-4b53-bfcd-500ea8df_2250.mp4","width":960,"height":540,"contentType":"video/mp4","fileSize":42052598},{"url":"https://prod-streaming-video-msn-com.akamaized.net/d3818c67-21f4-45ad-8620-c3f17dbc864d/93f9109c-e311-4b53-bfcd-500ea8df_1500.mp4","width":960,"height":540,"contentType":"video/mp4","fileSize":28671034},{"url":"https://prod-streaming-video-msn-com.akamaized.net/d3818c67-21f4-45ad-8620-c3f17dbc864d/93f9109c-e311-4b53-bfcd-500ea8df_650.mp4","width":640,"height":360,"contentType":"video/mp4","fileSize":13599933}],"feed":{"id":"Y_5abbb9ed-c7f6-46ef-9694-5bcd3aa68599","feedName":"Top Video"},"publishedDateTime":"2022-02-09T00:24:29Z","isFeatured":false,"images":[{"width":1100,"height":619,"url":"https://www.bing.com/th?id=ORMS.0838f12aab24b5b774c76ea93244d97d&pid=Wdp","focalRegion":{"x1":40,"x2":912,"y1":163,"y2":483},"colorSamples":[{"isDarkMode":true,"hexColor":"#242B3A"},{"isDarkMode":false,"hexColor":"#E1E1E3"}]}],"provider":{"id":"AAqcK7","name":"CNN","logoUrl":"https://img-s-msn-com.akamaized.net/tenant/amp/entityid/AAywGC0.img"},"category":"news","reactionSummary":{"totalCount":214,"subReactionSummaries":[{"totalCount":80,"type":"angry"},{"totalCount":78,"type":"like"},{"totalCount":25,"type":"love"},{"totalCount":12,"type":"thinking"},{"totalCount":11,"type":"surprised"},{"totalCount":8,"type":"sad"}]},"commentSummary":{"totalCount":10,"subCommentSummaries":[{"totalCount":10,"type":"comment"}]}},{"id":"AATD3Id","type":"article","title":"A geomagnetic storm may have effectively destroyed 40 SpaceX Starlink satellites","abstract":"They ducked, and now they can’t achieve orbit","readTimeMin":3,"url":"https://www.msn.com/en-us/news/technology/a-geomagnetic-storm-may-have-effectively-destroyed-40-spacex-starlink-satellites/ar-AATD3Id?ocid=spartan-dhp-feeds","locale":"en-us","topics":[{"label":"News","weight":0.8573449850082397,"feedId":"Y_9eb0ac10-32bc-43cf-816e-5beaaf524f7a","locale":"en-us"},{"label":"Technology","weight":0.8573449850082397,"feedId":"Y_d1cad308-780e-4a75-ba34-6460811ccfe3","locale":"en-us"}],"feed":{"id":"Y_9eb0ac10-32bc-43cf-816e-5beaaf524f7a","feedName":"News"},"publishedDateTime":"2022-02-09T01:40:19Z","isFeatured":false,"images":[{"width":1920,"height":1080,"url":"https://www.bing.com/th?id=ORMS.b39c09aea013a30ea23a515351206709&pid=Wdp","colorSamples":[{"isDarkMode":true,"hexColor":"#484A6C"},{"isDarkMode":false,"hexColor":"#484A6C"}]}],"provider":{"id":"AAnYAn","name":"The Verge","logoUrl":"https://img-s-msn-com.akamaized.net/tenant/amp/entityid/AA3l67H.img"},"category":"news","reactionSummary":{"totalCount":66,"subReactionSummaries":[{"totalCount":34,"type":"like"},{"totalCount":13,"type":"surprised"},{"totalCount":9,"type":"love"},{"totalCount":6,"type":"thinking"},{"totalCount":3,"type":"sad"},{"totalCount":1,"type":"angry"}]},"commentSummary":{"totalCount":11,"subCommentSummaries":[{"totalCount":7,"type":"comment"},{"totalCount":4,"type":"reply"}]}}]},{"id":"AATCoqt","type":"article","title":"Family says man was shot to death during carjacking in South Loop, but police won’t confirm that his Mercedes SUV is missing","abstract":"Family members say a man was shot dead during a carjacking in the South Loop over the weekend, but police are releasing few details of the attack and won’t even say whether the man’s Mercedes is missing.","readTimeMin":2,"url":"https://www.msn.com/en-us/news/crime/family-says-man-was-shot-to-death-during-carjacking-in-south-loop-but-police-won-t-confirm-that-his-mercedes-suv-is-missing/ar-AATCoqt?ocid=spartan-dhp-feeds","locale":"en-us","isLocalContent":true,"topics":[{"label":"News","weight":0.7902523875236511,"feedId":"Y_9eb0ac10-32bc-43cf-816e-5beaaf524f7a","locale":"en-us"},{"label":"Crime","weight":0.7902523875236511,"feedId":"Y_6f320357-0418-4bb0-a654-f5ba77f31552","locale":"en-us"}],"feed":{"id":"Y_9eb0ac10-32bc-43cf-816e-5beaaf524f7a","feedName":"News"},"publishedDateTime":"2022-02-08T17:28:39Z","isFeatured":false,"images":[{"width":1015,"height":1024,"url":"https://www.bing.com/th?id=ORMS.9bacd15ee2cfef6724ccc52968da883e&pid=Wdp","focalRegion":{"x1":502,"x2":649,"y1":297,"y2":444}}],"provider":{"id":"BB18eXnm","name":"WBBM Radio Chicago","logoUrl":"https://img-s-msn-com.akamaized.net/tenant/amp/entityid/BB18f16q.img"},"category":"news","reactionSummary":{"totalCount":13,"subReactionSummaries":[{"totalCount":5,"type":"like"},{"totalCount":3,"type":"sad"},{"totalCount":3,"type":"angry"},{"totalCount":1,"type":"love"},{"totalCount":1,"type":"surprised"}]},"commentSummary":{"totalCount":0}},{"id":"AATCUth","type":"article","title":"Roberts’s Grip Slips as Supreme Court Conservatives Curb Voting Rights","abstract":"Chief Justice John Roberts was once in the vanguard as the U.S. Supreme Court rolled back the Voting Rights Act. But as his more conservative colleagues showed Monday in restoring a Republican-drawn Alabama congressional map, Roberts is no longer in control.","readTimeMin":4,"url":"https://www.msn.com/en-us/money/markets/roberts-s-grip-slips-as-supreme-court-conservatives-curb-voting-rights/ar-AATCUth?ocid=spartan-dhp-feeds","locale":"en-us","topics":[{"label":"Money","weight":0.6449865698814392,"feedId":"Y_f714b6e2-e9db-41d0-9b5f-b2e0a52f85da","locale":"en-us"},{"label":"Business","weight":0.6449865698814392,"feedId":"Y_367b7be1-6bd2-44e7-95b3-b0d077ccc28d","locale":"en-us"}],"feed":{"id":"Y_f714b6e2-e9db-41d0-9b5f-b2e0a52f85da","feedName":"Money"},"publishedDateTime":"2022-02-08T21:50:37Z","isFeatured":false,"images":[{"width":2000,"height":1333,"url":"https://www.bing.com/th?id=ORMS.7573991b8dbeea365b2283bfdc1bce71&pid=Wdp","colorSamples":[{"isDarkMode":true,"hexColor":"#2F2B25"},{"isDarkMode":false,"hexColor":"#2F2B25"}]}],"provider":{"id":"AAjfXM","name":"Bloomberg","logoUrl":"https://img-s-msn-com.akamaized.net/tenant/amp/entityid/AA3lldo.img"},"category":"money","reactionSummary":{"totalCount":412,"subReactionSummaries":[{"totalCount":173,"type":"like"},{"totalCount":140,"type":"angry"},{"totalCount":58,"type":"love"},{"totalCount":20,"type":"sad"},{"totalCount":14,"type":"thinking"},{"totalCount":7,"type":"surprised"}]},"commentSummary":{"totalCount":293,"subCommentSummaries":[{"totalCount":107,"type":"comment"},{"totalCount":186,"type":"reply"}]}},{"id":"AATCfyj","type":"slideshow","title":"Mt. Pleasant by Rick McKee and Kent Sligh","abstract":"Mt. Pleasant by Rick McKee and Kent Sligh","url":"https://www.msn.com/en-us/entertainment/comics/mt-pleasant-by-rick-mckee-and-kent-sligh/ss-AATCfyj?ocid=spartan-dhp-feeds","locale":"en-us","topics":[],"galleryItemCount":43,"feed":{"feedName":"news"},"slides":[{"title":"Feb. 8, 2022","image":{"width":3860,"height":1200,"quality":98,"url":"https://img-s-msn-com.akamaized.net/tenant/amp/entityid/AATC8GD.img","attribution":"Provided by Tribune Content Agency","title":"Feb. 8, 2022","caption":"Feb. 8, 2022","source":"msn"}},{"title":"Feb. 7, 2022","image":{"width":3860,"height":1200,"quality":95,"url":"https://img-s-msn-com.akamaized.net/tenant/amp/entityid/AATCfo9.img","attribution":"Provided by Tribune Content Agency","title":"Feb. 7, 2022","caption":"Feb. 7, 2022","source":"msn"}},{"title":"Feb. 5, 2022","image":{"width":3860,"height":1200,"quality":95,"url":"https://img-s-msn-com.akamaized.net/tenant/amp/entityid/AATCfou.img","attribution":"Provided by Tribune Content Agency","title":"Feb. 5, 2022","caption":"Feb. 5, 2022","source":"msn"}}],"publishedDateTime":"2022-02-08T15:58:52Z","isFeatured":false,"images":[{"width":3860,"height":1200,"url":"https://www.bing.com/th?id=ORMS.130bd5d09aae9f3fd8e69527c8e6850d&pid=Wdp","colorSamples":[{"isDarkMode":true,"hexColor":"#F4E4EC"},{"isDarkMode":false,"hexColor":"#F4E4EC"}]}],"provider":{"id":"AAvOFq","name":"Tribune Content Agency","logoUrl":"https://img-s-msn-com.akamaized.net/tenant/amp/entityid/AA4QDcg.img"},"category":"entertainment","reactionSummary":{"totalCount":22,"subReactionSummaries":[{"totalCount":11,"type":"like"},{"totalCount":9,"type":"love"},{"totalCount":1,"type":"surprised"},{"totalCount":1,"type":"sad"}]},"commentSummary":{"totalCount":0}},{"id":"AASUbcZ","type":"video","title":"Dow falls sharply as rates rise and Goldman disappoints on earnings","abstract":"Valerie Grant, Alliance Bernstein senior vice president, and Joanne Feeney, Advisors Capital Management partner, join 'Squawk on the Street' to discuss future bond rate performance and how equities will respond and which stock sectors are buying opportunities.","url":"https://www.msn.com/en-us/money/topstocks/dow-falls-sharply-as-rates-rise-and-goldman-disappoints-on-earnings/vi-AASUbcZ?ocid=spartan-dhp-feeds","locale":"en-us","topics":[{"label":"Money","weight":0.8800022006034851,"feedId":"Y_f714b6e2-e9db-41d0-9b5f-b2e0a52f85da","locale":"en-us"},{"label":"Business","weight":0.8800022006034851,"feedId":"Y_367b7be1-6bd2-44e7-95b3-b0d077ccc28d","locale":"en-us"}],"videoMetadata":{"playTime":251,"closedCaptions":[{"locale":"en-us","href":"https://prod-video-cms-amp-microsoft-com.akamaized.net/tenant/amp/entityid/AASUbcZ?blobrefkey=closedcaptionen-us&$blob=1"}]},"externalVideoFiles":[{"url":"https://prod-streaming-video-msn-com.akamaized.net/4730e15a-ebdd-4a31-994f-73904910db36/6850be93-be71-45cd-aff4-b52e63f0e631.mp4","contentType":"video/mp4","fileSize":34768110},{"url":"https://prod-streaming-video-msn-com.akamaized.net/fc0e92bf-6114-4631-a7b4-ac2b7d5d3a40/6850be93-be71-45cd-aff4-b52e63f0.ism/manifest","width":640,"height":360},{"url":"https://prod-streaming-video-msn-com.akamaized.net/fc0e92bf-6114-4631-a7b4-ac2b7d5d3a40/6850be93-be71-45cd-aff4-b52e63f0.ism/manifest(format=m3u8-aapl)","width":640,"height":360},{"url":"https://prod-streaming-video-msn-com.akamaized.net/fc0e92bf-6114-4631-a7b4-ac2b7d5d3a40/6850be93-be71-45cd-aff4-b52e63f0.ism/manifest(format=mpd-time-csf)","width":640,"height":360},{"url":"https://prod-streaming-video-msn-com.akamaized.net/fc0e92bf-6114-4631-a7b4-ac2b7d5d3a40/6850be93-be71-45cd-aff4-b52e63f0_650.mp4","width":640,"height":360,"contentType":"video/mp4","fileSize":23865532}],"feed":{"id":"Y_f714b6e2-e9db-41d0-9b5f-b2e0a52f85da","feedName":"Money"},"publishedDateTime":"2022-02-08T22:35:26Z","isFeatured":false,"images":[{"width":1910,"height":1000,"url":"https://www.bing.com/th?id=ORMS.31e1c7022b32cf5537c9cb381ffcb674&pid=Wdp","focalRegion":{"x1":161,"x2":864,"y1":109,"y2":244},"colorSamples":[{"isDarkMode":true,"hexColor":"#272734"},{"isDarkMode":false,"hexColor":"#272734"}]}],"provider":{"id":"AAnPvW","name":"CNBC","logoUrl":"https://img-s-msn-com.akamaized.net/tenant/amp/entityid/AAADLcm.img"},"category":"money","reactionSummary":{"totalCount":39,"subReactionSummaries":[{"totalCount":28,"type":"like"},{"totalCount":4,"type":"love"},{"totalCount":4,"type":"thinking"},{"totalCount":2,"type":"surprised"},{"totalCount":1,"type":"angry"}]},"commentSummary":{"totalCount":2,"subCommentSummaries":[{"totalCount":1,"type":"comment"},{"totalCount":1,"type":"reply"}]}},{"id":"AATBPTp","type":"article","title":"Shelter Seeking Owner Who Dumped Dog Hours From Death: 'Broke Our Hearts'","abstract":"Surveillance footage showed the dog attempt to follow the person before collapsing in the parking lot.","readTimeMin":3,"url":"https://www.msn.com/en-us/news/crime/shelter-seeking-owner-who-dumped-dog-hours-from-death-broke-our-hearts/ar-AATBPTp?ocid=spartan-dhp-feeds","locale":"en-us","topics":[{"label":"Top News","weight":1.0,"feedId":"Y_8c1db373-86c0-4213-9e06-0bb6deb2a336","locale":"en-us"},{"label":"Crime","weight":1.0,"feedId":"Y_6f320357-0418-4bb0-a654-f5ba77f31552","locale":"en-us"},{"label":"News","weight":0.8399353623390198,"feedId":"Y_9eb0ac10-32bc-43cf-816e-5beaaf524f7a","locale":"en-us"}],"feed":{"id":"Y_8c1db373-86c0-4213-9e06-0bb6deb2a336","feedName":"Top News"},"publishedDateTime":"2022-02-08T12:28:26Z","isFeatured":false,"images":[{"width":2400,"height":1500,"url":"https://www.bing.com/th?id=ORMS.ee7e466ecbcd20f963165f78cfe47b98&pid=Wdp"}],"provider":{"id":"AA2e5M","name":"Newsweek","logoUrl":"https://img-s-msn-com.akamaized.net/tenant/amp/entityid/AA38A54.img"},"category":"news","reactionSummary":{"totalCount":673,"subReactionSummaries":[{"totalCount":398,"type":"angry"},{"totalCount":177,"type":"sad"},{"totalCount":46,"type":"like"},{"totalCount":29,"type":"love"},{"totalCount":14,"type":"surprised"},{"totalCount":9,"type":"thinking"}]},"commentSummary":{"totalCount":133,"subCommentSummaries":[{"totalCount":73,"type":"comment"},{"totalCount":60,"type":"reply"}]}},{"id":"AATBAMs","type":"slideshow","title":"Fascinating ice discoveries frozen in time","abstract":"Extreme cold is so powerful that it can preserve almost anything for millions of years. New discoveries are constantly being made, and much insight is garnered as a result. One of the latest such cases? An 18,000 year-old puppy frozen in permafrost was discovered. Found near the city of Yakutsk in Russia, this pup is \"unusually well-preserved, with its hair, teeth, whiskers and eyelashes still intact.\" Intrigued? Then browse through this gallery for more fascinating stories.","url":"https://www.msn.com/en-us/travel/tripideas/fascinating-ice-discoveries-frozen-in-time/ss-AATBAMs?ocid=spartan-dhp-feeds","locale":"en-us","topics":[{"label":"Travel news","weight":0.16687755286693573,"feedId":"Y_d659302d-5ac4-460a-9baa-8c8684761110","locale":"en-us"}],"galleryItemCount":27,"feed":{"id":"Y_d659302d-5ac4-460a-9baa-8c8684761110","feedName":"Travel news"},"slides":[{"title":"Fascinating ice discoveries frozen in time","body":"<p>Extreme cold is so powerful that it can preserve almost anything for millions of years. New discoveries are constantly being made, and much insight is garnered as a result. One of the latest such cases? An 18,000 year-old puppy frozen in permafrost was <a href=\"https://www.nbcnews.com/science/science-news/18-000-year-old-puppy-found-remarkably-preserved-permafrost-n1095246\" rel=\"noopener\">discovered</a>.</p><p>Found near the city of Yakutsk in Russia, this <a href=\"https://uk.starsinsider.com/lifestyle/326055/too-cold-outside-to-play-not-for-these-good-boys\" rel=\"noopener\">pup</a> is \"unusually well-preserved, with its hair, teeth, whiskers and eyelashes still intact.\"</p><p>Intrigued? Then browse through this gallery for more fascinating stories.</p>","image":{"width":1920,"height":1440,"quality":46,"url":"https://img-s-msn-com.akamaized.net/tenant/amp/entityid/AATBAwE.img","attribution":"Reuters","title":"Fascinating ice discoveries frozen in time","caption":"<p>Extreme cold is so powerful that it can preserve almost anything for millions of years. New discoveries are constantly being made, and much insight is garnered as a result. One of the latest such cases? An 18,000 year-old puppy frozen in permafrost was <a href=\"https://www.nbcnews.com/science/science-news/18-000-year-old-puppy-found-remarkably-preserved-permafrost-n1095246\" rel=\"noopener\">discovered</a>.</p><p>Found near the city of Yakutsk in Russia, this <a href=\"https://uk.starsinsider.com/lifestyle/326055/too-cold-outside-to-play-not-for-these-good-boys\" rel=\"noopener\">pup</a> is \"unusually well-preserved, with its hair, teeth, whiskers and eyelashes still intact.\"</p><p>Intrigued? Then browse through this gallery for more fascinating stories.</p>","source":"msn"}},{"title":"Mount Everest","body":"Due to global warming, melting glaciers are exposing dead bodies of mountaineers who died climbing Mount <a href=\"https://www.bbc.com/news/science-environment-47638436\" rel=\"noopener\">Everest</a>.","image":{"width":1920,"height":1278,"quality":46,"url":"https://img-s-msn-com.akamaized.net/tenant/amp/entityid/AATByvD.img","attribution":"Shutterstock","title":"Mount Everest","caption":"Due to global warming, melting glaciers are exposing dead bodies of mountaineers who died climbing Mount <a href=\"https://www.bbc.com/news/science-environment-47638436\" rel=\"noopener\">Everest</a>.","source":"msn"}},{"title":"Antarctica mountain range","body":"There's actually a 10,000 ft (approximately 3,048 km) mountain range under the ice of <a href=\"https://www.livescience.com/6581-mysterious-mountains-hidden-beneath-antarctic-ice-revealed.html\">Antarctica</a>.","image":{"width":1920,"height":1280,"quality":46,"url":"https://img-s-msn-com.akamaized.net/tenant/amp/entityid/AATBGIE.img","attribution":"Getty Images","title":"Antarctica mountain range","caption":"There's actually a 10,000 ft (approximately 3,048 km) mountain range under the ice of <a href=\"https://www.livescience.com/6581-mysterious-mountains-hidden-beneath-antarctic-ice-revealed.html\">Antarctica</a>.","source":"msn"}}],"publishedDateTime":"2022-02-08T23:55:00Z","isFeatured":false,"images":[{"width":1920,"height":1440,"url":"https://www.bing.com/th?id=ORMS.8720357b0a0d2222428a5ded7db3c2da&pid=Wdp","colorSamples":[{"isDarkMode":true,"hexColor":"#273750"},{"isDarkMode":false,"hexColor":"#273750"}]}],"provider":{"id":"AAm2Sag","name":"StarsInsider","logoUrl":"https://img-s-msn-com.akamaized.net/tenant/amp/entityid/AAm2UN1.img"},"category":"travel","reactionSummary":{"totalCount":247,"subReactionSummaries":[{"totalCount":124,"type":"like"},{"totalCount":53,"type":"surprised"},{"totalCount":32,"type":"love"},{"totalCount":18,"type":"thinking"},{"totalCount":16,"type":"sad"},{"totalCount":4,"type":"angry"}]},"commentSummary":{"totalCount":29,"subCommentSummaries":[{"totalCount":9,"type":"comment"},{"totalCount":20,"type":"reply"}]}},{"id":"AATCYj5","type":"article","title":"Major Overhaul Will Leave Chicago Archdiocese With 123 Fewer Parishes By July","abstract":"The archdiocese faces multiple challenges, including fewer Catholic priests, fewer people in the pews, old buildings that need repairs and financial shortages.","readTimeMin":2,"url":"https://www.msn.com/en-us/news/us/major-overhaul-will-leave-chicago-archdiocese-with-123-fewer-parishes-by-july/ar-AATCYj5?ocid=spartan-dhp-feeds","locale":"en-us","isLocalContent":true,"topics":[{"label":"Chicago","weight":100.0,"feedId":"Y_645976e3-13d3-44f3-8f86-f2aabc50632c","locale":"en-us"},{"label":"News","weight":0.6060357093811035,"feedId":"Y_9eb0ac10-32bc-43cf-816e-5beaaf524f7a","locale":"en-us"},{"label":"US","weight":0.6060357093811035,"feedId":"Y_a3b33cc2-2c47-48ba-a975-4b87b597644b","locale":"en-us"}],"feed":{"id":"Y_645976e3-13d3-44f3-8f86-f2aabc50632c","feedName":"Chicago"},"publishedDateTime":"2022-02-09T00:52:21Z","isFeatured":false,"images":[{"width":722,"height":406,"url":"https://www.bing.com/th?id=ORMS.9d1d6d24c3743d94f8fd23eaaf7b36c0&pid=Wdp","colorSamples":[{"isDarkMode":true,"hexColor":"#5A501F"},{"isDarkMode":false,"hexColor":"#5A501F"}]}],"provider":{"id":"AAEGJxo","name":"NBC Chicago","logoUrl":"https://img-s-msn-com.akamaized.net/tenant/amp/entityid/BB16xYNB.img"},"category":"news","reactionSummary":{"totalCount":6,"subReactionSummaries":[{"totalCount":3,"type":"like"},{"totalCount":2,"type":"surprised"},{"totalCount":1,"type":"sad"}]},"commentSummary":{"totalCount":0}},{"id":"AATCXpI","type":"video","title":"Coach says ‘No’ to Jerry Jones’ Cowboys?!","abstract":"Coach says ‘No’ to Jerry Jones’ Cowboys?!","url":"https://www.msn.com/en-us/video/other/coach-says-no-to-jerry-jones-cowboys/vi-AATCXpI?ocid=spartan-dhp-feeds","locale":"en-us","topics":[],"videoMetadata":{"playTime":191,"closedCaptions":[{"locale":"en-us","href":"https://prod-video-cms-amp-microsoft-com.akamaized.net/tenant/amp/entityid/AATCXpI?blobrefkey=closedcaptionen-us&$blob=1"}]},"externalVideoFiles":[{"url":"https://prod-streaming-video-msn-com.akamaized.net/b894fb7e-040f-4338-8376-9a35a6513fbd/1ee60f85-1459-4e3f-81bb-66c81b12047c.mp4","contentType":"video/mp4","fileSize":62911896},{"url":"https://prod-streaming-video-msn-com.akamaized.net/2129a35f-9a09-4b77-98c7-58a10335b1d4/1ee60f85-1459-4e3f-81bb-66c81b12.ism/manifest","width":1920,"height":1080},{"url":"https://prod-streaming-video-msn-com.akamaized.net/2129a35f-9a09-4b77-98c7-58a10335b1d4/1ee60f85-1459-4e3f-81bb-66c81b12.ism/manifest(format=m3u8-aapl)","width":1920,"height":1080},{"url":"https://prod-streaming-video-msn-com.akamaized.net/2129a35f-9a09-4b77-98c7-58a10335b1d4/1ee60f85-1459-4e3f-81bb-66c81b12.ism/manifest(format=mpd-time-csf)","width":1920,"height":1080},{"url":"https://prod-streaming-video-msn-com.akamaized.net/2129a35f-9a09-4b77-98c7-58a10335b1d4/1ee60f85-1459-4e3f-81bb-66c81b12_6750.mp4","width":1920,"height":1080,"contentType":"video/mp4","fileSize":165049131},{"url":"https://prod-streaming-video-msn-com.akamaized.net/2129a35f-9a09-4b77-98c7-58a10335b1d4/1ee60f85-1459-4e3f-81bb-66c81b12_3400.mp4","width":1280,"height":720,"contentType":"video/mp4","fileSize":84514187},{"url":"https://prod-streaming-video-msn-com.akamaized.net/2129a35f-9a09-4b77-98c7-58a10335b1d4/1ee60f85-1459-4e3f-81bb-66c81b12_2250.mp4","width":960,"height":540,"contentType":"video/mp4","fileSize":56805881},{"url":"https://prod-streaming-video-msn-com.akamaized.net/2129a35f-9a09-4b77-98c7-58a10335b1d4/1ee60f85-1459-4e3f-81bb-66c81b12_1500.mp4","width":960,"height":540,"contentType":"video/mp4","fileSize":38705905},{"url":"https://prod-streaming-video-msn-com.akamaized.net/2129a35f-9a09-4b77-98c7-58a10335b1d4/1ee60f85-1459-4e3f-81bb-66c81b12_650.mp4","width":640,"height":360,"contentType":"video/mp4","fileSize":18194815}],"feed":{"feedName":"news"},"publishedDateTime":"2022-02-08T21:57:39Z","isFeatured":false,"images":[{"width":1920,"height":1080,"url":"https://www.bing.com/th?id=ORMS.c95dfe5a5395d0536dcef4155af256ca&pid=Wdp","colorSamples":[{"isDarkMode":true,"hexColor":"#113352"},{"isDarkMode":false,"hexColor":"#113352"}]}],"provider":{"id":"BB1fcqpO","name":"Cowboy Maven on FanNation","logoUrl":"https://img-s-msn-com.akamaized.net/tenant/amp/entityid/BB1fckHf.img"},"category":"video","reactionSummary":{"totalCount":4,"subReactionSummaries":[{"totalCount":2,"type":"thinking"},{"totalCount":1,"type":"like"},{"totalCount":1,"type":"love"}]},"commentSummary":{"totalCount":0}},{"id":"AATBBNH","type":"article","title":"Two inmates who escaped Tennessee jail through air vent are dead, authorities say","abstract":"Two of three Tennessee inmates who escaped a county jail through the HVAC air vent system are now dead, and the hunt for the third is ongoing, authorities announced.","readTimeMin":2,"url":"https://www.msn.com/en-us/news/crime/two-inmates-who-escaped-tennessee-jail-through-air-vent-are-dead-authorities-say/ar-AATBBNH?ocid=spartan-dhp-feeds","locale":"en-us","topics":[{"label":"Crime","weight":0.7208189964294434,"feedId":"Y_6f320357-0418-4bb0-a654-f5ba77f31552","locale":"en-us"},{"label":"News","weight":0.7208189964294434,"feedId":"Y_9eb0ac10-32bc-43cf-816e-5beaaf524f7a","locale":"en-us"}],"feed":{"id":"Y_6f320357-0418-4bb0-a654-f5ba77f31552","feedName":"Crime"},"publishedDateTime":"2022-02-09T03:15:16Z","isFeatured":false,"images":[{"width":1200,"height":600,"url":"https://www.bing.com/th?id=ORMS.d0a6ccbe32b42290868b80b1ecd5db51&pid=Wdp","focalRegion":{"x1":70,"x2":975,"y1":107,"y2":325},"colorSamples":[{"isDarkMode":true,"hexColor":"#1C5180"},{"isDarkMode":false,"hexColor":"#B5DCF2"}]}],"provider":{"id":"BBpg4Jv","name":"NBC News","logoUrl":"https://img-s-msn-com.akamaized.net/tenant/amp/entityid/BBAJ56P.img"},"category":"news","reactionSummary":{"totalCount":1312,"subReactionSummaries":[{"totalCount":694,"type":"like"},{"totalCount":293,"type":"love"},{"totalCount":193,"type":"surprised"},{"totalCount":63,"type":"thinking"},{"totalCount":37,"type":"sad"},{"totalCount":32,"type":"angry"}]},"commentSummary":{"totalCount":190,"subCommentSummaries":[{"totalCount":125,"type":"comment"},{"totalCount":65,"type":"reply"}]}}]}