{"topStory":{"2022-02-09T00:00:01.8000068+00:00":{"cmsId":"AATCPOw","isRead":false,"imageId":"AAT1qI5","imageUrl":"https://img-s-msn-com.akamaized.net:443/tenant/amp/entityid/AAT1qI5.img?h=128&w=128&m=6","message":"Mitch McConnell calls Jan. 6 a 'violent insurrection,' hits Republicans for censure of Cheney, Kinzinger - USA TODAY","providerName":"USA TODAY","targetCanvas":"appNewsWinPhone8","tracingId":"4c20e5b1-95d6-4a49-bfd9-67d16f0b7cc2","title":"Top Stories","url":"https://www.msn.com/en-us/news/politics/mitch-mcconnell-calls-jan-6-a-violent-insurrection-hits-republicans-for-censure-of-cheney-kinzinger/ar-AATCPOw?ocid=notificationsvc"}},"dailyBrief":{"2022-02-08T21:04:50.1251094+00:00":{"cmsId":"BB10V3Uf","isRead":false,"imageId":"AATBloX","imageUrl":"https://img-s-msn-com.akamaized.net:443/tenant/amp/entityid/AATBloX.img?h=128&w=128&m=6","message":"Covid-19 restrictions unwind as Omicron wanes, J&J pauses vaccine production & more - Microsoft Start","providerName":"Microsoft Start","targetCanvas":"appNewsWin10","tracingId":"55bf6c43-638a-41ce-abd9-52d8d1359c28","title":"Daily Coronavirus Roundup","url":"https://www.msn.com/en-us/health/health-news/coronavirus-daily-briefing/ar-BB10V3Uf"},"2022-02-08T13:30:53.6281548+00:00":{"cmsId":"BBZglIN","isRead":false,"imageId":"AATAyc0","imageUrl":"https://img-s-msn-com.akamaized.net:443/tenant/amp/entityid/AATAyc0.img?h=128&w=128&m=6","message":"Chen dazzles in Olympic short program, COVID restrictions unwind and more - Microsoft Start","providerName":"Microsoft Start","targetCanvas":"browserEdge","tracingId":"3485f5f2-851d-4259-929c-195d3b9ec8c7","title":"Daily AM Roundup","url":"https://www.msn.com/en-us/news/morning-briefing/your-daily-am-roundup/ar-BBZglIN"}},"dailyBriefCoronavirus":{"2022-02-08T21:04:50.1251094+00:00":{"cmsId":"BB10V3Uf","isRead":false,"imageId":"AATBloX","imageUrl":"https://img-s-msn-com.akamaized.net:443/tenant/amp/entityid/AATBloX.img?h=128&w=128&m=6","message":"Covid-19 restrictions unwind as Omicron wanes, J&J pauses vaccine production & more - Microsoft Start","providerName":"Microsoft Start","targetCanvas":"appNewsWin10","tracingId":"55bf6c43-638a-41ce-abd9-52d8d1359c28","title":"Daily Coronavirus Roundup","url":"https://www.msn.com/en-us/health/health-news/coronavirus-daily-briefing/ar-BB10V3Uf"}},"breakingNews":{"2022-02-08T13:55:02.5859737+00:00":{"cmsId":"AATBFA6","isRead":false,"imageId":"BB1gqWiQ","imageUrl":"https://img-s-msn-com.akamaized.net:443/tenant/amp/entityid/BB1gqWiQ.img?h=128&w=128&m=6","message":"Oscar nominations 2022: The complete list - Variety","providerName":"Variety","targetCanvas":"appNewsIos","tracingId":"2acfda97-e350-4ac0-a014-279d743c078a","title":"Breaking News","url":"https://www.msn.com/en-us/movies/oscars/oscar-nominations-2022-the-complete-list/ar-AATBFA6"}}}