{"nextPageUrl":"https://api.msn.com:443/msn/Feed/me?$top=35&$skip=35&$filter=_t eq 'CompositeCard'&contentType=article,video,slideshow,link,content360&infopaneCount=26&queryType=myfeed&location=41.5353|-87.2597&ocid=spartan-ntp-feeds&apikey=0QfOX3Vn51YCzitbLaRkTTBadtWpgTN8NZLW0C1SEM&responseSchema=cardview&market=en-us&fdhead=1s-bing-news,1s-br30min,1s-brsageboostre2,1s-jwtuserauth,1s-pagesegservice,1s-readaipalt,1s-winauthservice,1s-winsegservice,prg-1s-olympwhp,prg-1s-p2pre,prg-1sw-3dproc,prg-1sw-hdolmpc,prg-1sw-l2icon,prg-1sw-loc-hd,prg-1sw-pr1loc,prg-1sw-ski1,prg-1sw-snfall,prg-1sw-ucb20,prg-1sw-warn-icon,prg-1sw-wtt1,prg-2cardsdock,prg-adspeek,prg-bt-native,prg-dualauth,prg-dualautha,prg-dualauthlate,prg-hp-greyhdfeed,prg-hprewflyout-t,prg-ias,prg-inewssettings,prg-pres-sp,prg-rfeedsettings,prg-rrailsettings,prg-sc-2dockadsd,prg-sh-mitcarvt,prg-sh-mittab,prg-sh-xap-hubsecar,prg-wpo-2dockadsd,prg-wpo-hp-olympic,prg-wpo-low,prg-wpo-olympwhp,prg-wpo-olyprod,prg-wtchsocial-c,prg-wx-cny&timeOut=1000&WrapOData=false&DisableTypeSerialization=true","subCards":[{"type":"infopane","subCards":[{"id":"AATCNvg","type":"article","title":"Canadian trucker protest spreads to second city, threatening U.S. auto industry lifeline","abstract":"Lengthy blockade could mean layoffs if companies can’t move their products.","readTimeMin":4,"url":"https://www.msn.com/en-us/news/world/canadian-trucker-protest-spreads-to-second-city-threatening-u-s-auto-industry-lifeline/ar-AATCNvg?ocid=spartan-ntp-feeds","locale":"en-us","topics":[{"label":"News","weight":0.5509276986122131,"feedId":"Y_9eb0ac10-32bc-43cf-816e-5beaaf524f7a","locale":"en-us"}],"feed":{"id":"Y_9eb0ac10-32bc-43cf-816e-5beaaf524f7a","feedName":"News"},"publishedDateTime":"2022-02-08T22:57:11Z","isFeatured":false,"images":[{"width":1920,"height":1080,"url":"https://www.bing.com/th?id=ORMS.c52e52edad371be9019052f125648e71&pid=Wdp","colorSamples":[{"isDarkMode":true,"hexColor":"#2B5272"},{"isDarkMode":false,"hexColor":"#D4DCE8"}]}],"provider":{"id":"AA2ed1","name":"The Washington Post","logoUrl":"https://img-s-msn-com.akamaized.net/tenant/amp/entityid/AAyxkRJ.img"},"category":"news","reactionSummary":{"totalCount":855,"subReactionSummaries":[{"totalCount":399,"type":"like"},{"totalCount":230,"type":"love"},{"totalCount":194,"type":"angry"},{"totalCount":15,"type":"thinking"},{"totalCount":10,"type":"sad"},{"totalCount":7,"type":"surprised"}]},"commentSummary":{"totalCount":0}},{"id":"AATD4A9","type":"article","title":"NFL player charged with involuntary manslaughter in deadly December crash","abstract":"The Loudoun County Sheriff's Office said Everett was driving at over twice the 45 mph speed limit just before the crash.","readTimeMin":1,"url":"https://www.msn.com/en-us/sports/nfl/nfl-player-charged-with-involuntary-manslaughter-in-deadly-december-crash/ar-AATD4A9?ocid=spartan-ntp-feeds","locale":"en-us","topics":[{"label":"Crime","weight":0.7938281893730164,"feedId":"Y_6f320357-0418-4bb0-a654-f5ba77f31552","locale":"en-us"},{"label":"News","weight":0.7938281893730164,"feedId":"Y_9eb0ac10-32bc-43cf-816e-5beaaf524f7a","locale":"en-us"},{"label":"Sports","weight":0.739382803440094,"feedId":"Y_b09e3e40-000d-454d-87ef-96631d7c9e7c","locale":"en-us"}],"feed":{"id":"Y_6f320357-0418-4bb0-a654-f5ba77f31552","feedName":"Crime"},"publishedDateTime":"2022-02-08T23:21:35Z","isFeatured":false,"images":[{"width":1600,"height":1600,"url":"https://www.bing.com/th?id=ORMS.01d3a11a5dfd6c534574b60c41454a0b&pid=Wdp","colorSamples":[{"isDarkMode":true,"hexColor":"#4A0F21"},{"isDarkMode":false,"hexColor":"#DAD4E6"}]}],"provider":{"id":"BBrLgnM","name":"CBS News","logoUrl":"https://img-s-msn-com.akamaized.net/tenant/amp/entityid/AAy3CUU.img"},"category":"sports","reactionSummary":{"totalCount":464,"subReactionSummaries":[{"totalCount":241,"type":"like"},{"totalCount":91,"type":"love"},{"totalCount":45,"type":"sad"},{"totalCount":34,"type":"angry"},{"totalCount":29,"type":"surprised"},{"totalCount":24,"type":"thinking"}]},"commentSummary":{"totalCount":0}},{"id":"AATDgbU","type":"article","title":"McConnell denounces RNC's censure of 2 House Republicans; McCarthy dodges the question","abstract":"Republican divisions continue over the RNC censure of GOP Reps. Liz Cheney and Adam Kinzinger with a statement that minimizes the Jan. 6 Capitol attack.","readTimeMin":5,"url":"https://www.msn.com/en-us/news/politics/mcconnell-denounces-rnc-s-censure-of-2-house-republicans-mccarthy-dodges-the-question/ar-AATDgbU?ocid=spartan-ntp-feeds","locale":"en-us","topics":[{"label":"News","weight":0.93277508020401,"feedId":"Y_9eb0ac10-32bc-43cf-816e-5beaaf524f7a","locale":"en-us"},{"label":"Politics","weight":0.93277508020401,"feedId":"Y_bced654c-7e2e-4c63-acb4-f3b3b89bd4e3","locale":"en-us"}],"feed":{"id":"Y_9eb0ac10-32bc-43cf-816e-5beaaf524f7a","feedName":"News"},"publishedDateTime":"2022-02-08T22:23:51Z","isFeatured":false,"images":[{"width":840,"height":560,"url":"https://www.bing.com/th?id=ORMS.1876dcc062903735fd2152d7d425b57b&pid=Wdp","focalRegion":{"x1":480,"x2":551,"y1":269,"y2":340},"colorSamples":[{"isDarkMode":true,"hexColor":"#20232D"},{"isDarkMode":false,"hexColor":"#E8E8E2"}]}],"provider":{"id":"BB14LEen","name":"LA Times","logoUrl":"https://img-s-msn-com.akamaized.net/tenant/amp/entityid/AAPZ3U2.img"},"category":"news","reactionSummary":{"totalCount":20,"subReactionSummaries":[{"totalCount":10,"type":"like"},{"totalCount":8,"type":"angry"},{"totalCount":2,"type":"love"}]},"commentSummary":{"totalCount":10,"subCommentSummaries":[{"totalCount":7,"type":"comment"},{"totalCount":3,"type":"reply"}]}},{"id":"AATC0eB","type":"article","title":"Snubbed! Ben Affleck, Jennifer Hudson, Lady Gaga, Leonardo DiCaprio miss out on Oscar nominations","abstract":"Did you see the powerhouse performances that missed out on Oscar nominations Tuesday? Here are the biggest snubs, from Lady Gaga to Ben Affleck.","readTimeMin":6,"url":"https://www.msn.com/en-us/entertainment/news/snubbed-ben-affleck-jennifer-hudson-lady-gaga-leonardo-dicaprio-miss-out-on-oscar-nominations/ar-AATC0eB?ocid=spartan-ntp-feeds","locale":"en-us","topics":[{"label":"Entertainment News","weight":1.0,"feedId":"Y_fd29d629-260e-4efa-9836-feb7169c9841","locale":"en-us"},{"label":"Movies","weight":0.6979753971099854,"feedId":"Y_2a7bc05a-60f4-46df-a4ef-e938b38a4ccd","locale":"en-us"},{"label":"Entertainment","weight":0.6979753971099854,"feedId":"Y_414a7c40-a373-4025-b4ce-e9502e9e17ed","locale":"en-us"}],"feed":{"id":"Y_fd29d629-260e-4efa-9836-feb7169c9841","feedName":"Entertainment News"},"publishedDateTime":"2022-02-09T00:53:40Z","isFeatured":false,"images":[{"width":4006,"height":2939,"url":"https://www.bing.com/th?id=ORMS.a36e593fb906fe7b9af02f3419c63dd4&pid=Wdp","focalRegion":{"x1":300,"x2":430,"y1":114,"y2":244},"colorSamples":[{"isDarkMode":true,"hexColor":"#373741"},{"isDarkMode":false,"hexColor":"#373741"}]}],"provider":{"id":"AAnTEc","name":"USA TODAY","logoUrl":"https://img-s-msn-com.akamaized.net/tenant/amp/entityid/BBNvr53.img"},"category":"entertainment","reactionSummary":{"totalCount":664,"subReactionSummaries":[{"totalCount":352,"type":"like"},{"totalCount":143,"type":"love"},{"totalCount":65,"type":"angry"},{"totalCount":45,"type":"surprised"},{"totalCount":31,"type":"sad"},{"totalCount":28,"type":"thinking"}]},"commentSummary":{"totalCount":194,"subCommentSummaries":[{"totalCount":152,"type":"comment"},{"totalCount":42,"type":"reply"}]}},{"id":"AATD4wC","type":"article","title":"The 'but Hillary’s emails' crowd goes silent about Trump’s document destruction","abstract":"You would think Republicans would be chanting 'Lock Him Up' and calling for hearings with anyone who was part of the Trump White House. But nothing.","readTimeMin":4,"url":"https://www.msn.com/en-us/news/opinion/the-but-hillary-s-emails-crowd-goes-silent-about-trump-s-document-destruction/ar-AATD4wC?ocid=spartan-ntp-feeds","locale":"en-us","topics":[{"label":"Opinion","weight":1.0,"feedId":"Y_fdf0ff6c-7f65-4143-b2ad-fe655db53c36","locale":"en-us"},{"label":"News","weight":0.679254949092865,"feedId":"Y_9eb0ac10-32bc-43cf-816e-5beaaf524f7a","locale":"en-us"},{"label":"Politics","weight":0.679254949092865,"feedId":"Y_bced654c-7e2e-4c63-acb4-f3b3b89bd4e3","locale":"en-us"}],"feed":{"id":"Y_fdf0ff6c-7f65-4143-b2ad-fe655db53c36","feedName":"Opinion"},"publishedDateTime":"2022-02-08T23:29:01Z","isFeatured":false,"badges":[{"type":"opinion"}],"images":[{"width":1920,"height":1080,"url":"https://www.bing.com/th?id=ORMS.a1d9dd9debb79a10bf0c9f1ddc183648&pid=Wdp","focalRegion":{"x1":96,"x2":573,"y1":70,"y2":413},"colorSamples":[{"isDarkMode":true,"hexColor":"#75424E"},{"isDarkMode":false,"hexColor":"#75424E"}]}],"provider":{"id":"AAnTEc","name":"USA TODAY","logoUrl":"https://img-s-msn-com.akamaized.net/tenant/amp/entityid/BBNvr53.img"},"category":"news","reactionSummary":{"totalCount":636,"subReactionSummaries":[{"totalCount":239,"type":"angry"},{"totalCount":222,"type":"like"},{"totalCount":91,"type":"love"},{"totalCount":50,"type":"thinking"},{"totalCount":20,"type":"surprised"},{"totalCount":14,"type":"sad"}]},"commentSummary":{"totalCount":573,"subCommentSummaries":[{"totalCount":183,"type":"comment"},{"totalCount":390,"type":"reply"}]}},{"id":"AATCUth","type":"article","title":"Roberts’s Grip Slips as Supreme Court Conservatives Curb Voting Rights","abstract":"Chief Justice John Roberts was once in the vanguard as the U.S. Supreme Court rolled back the Voting Rights Act. But as his more conservative colleagues showed Monday in restoring a Republican-drawn Alabama congressional map, Roberts is no longer in control.","readTimeMin":4,"url":"https://www.msn.com/en-us/money/markets/roberts-s-grip-slips-as-supreme-court-conservatives-curb-voting-rights/ar-AATCUth?ocid=spartan-ntp-feeds","locale":"en-us","topics":[{"label":"Money","weight":0.6449865698814392,"feedId":"Y_f714b6e2-e9db-41d0-9b5f-b2e0a52f85da","locale":"en-us"},{"label":"Business","weight":0.6449865698814392,"feedId":"Y_367b7be1-6bd2-44e7-95b3-b0d077ccc28d","locale":"en-us"}],"feed":{"id":"Y_f714b6e2-e9db-41d0-9b5f-b2e0a52f85da","feedName":"Money"},"publishedDateTime":"2022-02-08T21:50:37Z","isFeatured":false,"images":[{"width":2000,"height":1333,"url":"https://www.bing.com/th?id=ORMS.7573991b8dbeea365b2283bfdc1bce71&pid=Wdp","colorSamples":[{"isDarkMode":true,"hexColor":"#2F2B25"},{"isDarkMode":false,"hexColor":"#2F2B25"}]}],"provider":{"id":"AAjfXM","name":"Bloomberg","logoUrl":"https://img-s-msn-com.akamaized.net/tenant/amp/entityid/AA3lldo.img"},"category":"money","reactionSummary":{"totalCount":243,"subReactionSummaries":[{"totalCount":105,"type":"like"},{"totalCount":84,"type":"angry"},{"totalCount":36,"type":"love"},{"totalCount":8,"type":"sad"},{"totalCount":7,"type":"thinking"},{"totalCount":3,"type":"surprised"}]},"commentSummary":{"totalCount":196,"subCommentSummaries":[{"totalCount":67,"type":"comment"},{"totalCount":129,"type":"reply"}]}},{"id":"AATD5sN","type":"article","title":"Single mother faces prison for letting her 14 year old babysit","abstract":"Melissa Henderson, a single mother of five, is charged with criminal reckless conduct after she left her children under the care of her 14-year-old daughter when she had to return to work in May 2020","readTimeMin":4,"url":"https://www.msn.com/en-us/news/crime/single-mother-faces-prison-for-letting-her-14-year-old-babysit/ar-AATD5sN?ocid=spartan-ntp-feeds","locale":"en-us","topics":[{"label":"Top News","weight":1.0,"feedId":"Y_8c1db373-86c0-4213-9e06-0bb6deb2a336","locale":"en-us"},{"label":"News","weight":0.683124840259552,"feedId":"Y_9eb0ac10-32bc-43cf-816e-5beaaf524f7a","locale":"en-us"},{"label":"Crime","weight":0.683124840259552,"feedId":"Y_6f320357-0418-4bb0-a654-f5ba77f31552","locale":"en-us"}],"feed":{"id":"Y_8c1db373-86c0-4213-9e06-0bb6deb2a336","feedName":"Top News"},"publishedDateTime":"2022-02-08T23:59:40Z","isFeatured":false,"images":[{"width":1908,"height":1146,"url":"https://www.bing.com/th?id=ORMS.1765cebf27230ac3472c373d0e5e09f8&pid=Wdp","focalRegion":{"x1":104,"x2":929,"y1":49,"y2":344},"colorSamples":[{"isDarkMode":true,"hexColor":"#422A31"},{"isDarkMode":false,"hexColor":"#E5D5D8"}]}],"provider":{"id":"AAuyR5X","name":"Daily Mail","logoUrl":"https://img-s-msn-com.akamaized.net/tenant/amp/entityid/AAvcS6D.img"},"category":"news","reactionSummary":{"totalCount":286,"subReactionSummaries":[{"totalCount":150,"type":"angry"},{"totalCount":62,"type":"like"},{"totalCount":24,"type":"love"},{"totalCount":21,"type":"surprised"},{"totalCount":20,"type":"sad"},{"totalCount":9,"type":"thinking"}]},"commentSummary":{"totalCount":148,"subCommentSummaries":[{"totalCount":108,"type":"comment"},{"totalCount":40,"type":"reply"}]}},{"id":"AATClDk","type":"article","title":"Lakers Have Reportedly Made Trade Offer To Celtics","abstract":"With the NBA trade deadline just two days away, the Boston Celtics and Los Angeles Lakers could potentially strike a deal. According to Brian Robb of MassLive, the Lakers have offered the Celtics a future pick and Talen Horton-Tucker in exchange for Josh Richardson. Robb’s latest report states that Los Angeles has been shopping a […] The post Lakers Have Reportedly Made Trade Offer To Celtics appeared first on The Spun.","readTimeMin":2,"url":"https://www.msn.com/en-us/sports/nba/lakers-have-reportedly-made-trade-offer-to-celtics/ar-AATClDk?ocid=spartan-ntp-feeds","locale":"en-us","topics":[{"label":"Sports","subLabels":["Preview"],"weight":0.9991374611854553,"feedId":"Y_b09e3e40-000d-454d-87ef-96631d7c9e7c","locale":"en-us"}],"feed":{"id":"Y_b09e3e40-000d-454d-87ef-96631d7c9e7c","feedName":"Sports"},"publishedDateTime":"2022-02-08T18:36:19Z","isFeatured":false,"images":[{"width":775,"height":465,"url":"https://www.bing.com/th?id=ORMS.50fc29713ebf7fffff3cc73bb0d9c453&pid=Wdp"}],"provider":{"id":"BB199c9L","name":"The Spun","logoUrl":"https://img-s-msn-com.akamaized.net/tenant/amp/entityid/AALER5n.img"},"category":"sports","reactionSummary":{"totalCount":36,"subReactionSummaries":[{"totalCount":20,"type":"like"},{"totalCount":11,"type":"love"},{"totalCount":3,"type":"surprised"},{"totalCount":1,"type":"angry"},{"totalCount":1,"type":"thinking"}]},"commentSummary":{"totalCount":3,"subCommentSummaries":[{"totalCount":2,"type":"comment"},{"totalCount":1,"type":"reply"}]}},{"id":"AATCPzq","type":"article","title":"Jennifer Aniston Just Debuted Bangs, And She Looks Incredible","abstract":"New movie, new look.","readTimeMin":2,"url":"https://www.msn.com/en-us/lifestyle/beauty/jennifer-aniston-just-debuted-bangs-and-she-looks-incredible/ar-AATCPzq?ocid=spartan-ntp-feeds","locale":"en-us","topics":[{"label":"Lifestyle","weight":1.0,"feedId":"Y_99096e96-6d4f-401c-832b-461e08143a5a","locale":"en-us"},{"label":"Beauty","weight":0.941195011138916,"feedId":"Y_8518e904-4ae6-4fff-89b7-70edfedba734","locale":"en-us"},{"label":"Fashion & Beauty","weight":0.941195011138916,"feedId":"Y_4e75bf60-6400-407a-bfaf-f9dfd265e6a9","locale":"en-us"}],"feed":{"id":"Y_99096e96-6d4f-401c-832b-461e08143a5a","feedName":"Lifestyle"},"publishedDateTime":"2022-02-08T21:05:37Z","isFeatured":false,"images":[{"width":3731,"height":3162,"url":"https://www.bing.com/th?id=ORMS.cdbb49c14fd6e4413744935afd840c3e&pid=Wdp","focalRegion":{"x1":331,"x2":517,"y1":158,"y2":345},"colorSamples":[{"isDarkMode":true,"hexColor":"#DADBE7"},{"isDarkMode":false,"hexColor":"#DADBE7"}]}],"provider":{"id":"AA5cLxR","name":"Glamour","logoUrl":"https://img-s-msn-com.akamaized.net/tenant/amp/entityid/AAwiMCQ.img"},"category":"lifestyle","reactionSummary":{"totalCount":280,"subReactionSummaries":[{"totalCount":145,"type":"like"},{"totalCount":61,"type":"love"},{"totalCount":33,"type":"angry"},{"totalCount":19,"type":"thinking"},{"totalCount":16,"type":"surprised"},{"totalCount":6,"type":"sad"}]},"commentSummary":{"totalCount":20,"subCommentSummaries":[{"totalCount":17,"type":"comment"},{"totalCount":3,"type":"reply"}]}},{"id":"AATCYTb","type":"article","title":"'Jeopardy' champ Amy Schneider quits day job, says she's 'excited' for the new challenge","abstract":"Former \"Jeopardy!\" contestant Amy Schneider is changing career plans after becoming the quiz show's second all-time winner.","readTimeMin":2,"url":"https://www.msn.com/en-us/tv/news/jeopardy-champ-amy-schneider-quits-day-job-says-she-s-excited-for-the-new-challenge/ar-AATCYTb?ocid=spartan-ntp-feeds","locale":"en-us","topics":[{"label":"Entertainment News","weight":1.0,"feedId":"Y_fd29d629-260e-4efa-9836-feb7169c9841","locale":"en-us"},{"label":"TV News","weight":1.0,"feedId":"Y_a1cd9a12-a7ea-49f3-9366-12a2e2a0d5ca","locale":"en-us"},{"label":"TV","weight":0.8441617488861084,"feedId":"Y_ecf14ace-5910-4da7-a26f-3919270f1200","locale":"en-us"},{"label":"Entertainment","weight":0.8441617488861084,"feedId":"Y_414a7c40-a373-4025-b4ce-e9502e9e17ed","locale":"en-us"}],"feed":{"id":"Y_fd29d629-260e-4efa-9836-feb7169c9841","feedName":"Entertainment News"},"publishedDateTime":"2022-02-09T01:13:45Z","isFeatured":false,"images":[{"width":388,"height":388,"url":"https://www.bing.com/th?id=ORMS.2674b579f1513a4a9b1872d92b9a28e8&pid=Wdp","focalRegion":{"x1":142,"x2":226,"y1":48,"y2":132},"colorSamples":[{"isDarkMode":true,"hexColor":"#101367"},{"isDarkMode":false,"hexColor":"#101367"}]}],"provider":{"id":"AAnTEc","name":"USA TODAY","logoUrl":"https://img-s-msn-com.akamaized.net/tenant/amp/entityid/BBNvr53.img"},"category":"tv","reactionSummary":{"totalCount":154,"subReactionSummaries":[{"totalCount":74,"type":"like"},{"totalCount":40,"type":"angry"},{"totalCount":23,"type":"love"},{"totalCount":9,"type":"thinking"},{"totalCount":5,"type":"sad"},{"totalCount":3,"type":"surprised"}]},"commentSummary":{"totalCount":0}},{"id":"AATC3Sh","type":"article","title":"Home COVID Test Recall as FDA Recommends Throwing Kits Away","abstract":"SD Biosensor Inc recalled its \"STANDARD Q COVID-19 Ag Home Test\" due to \"confirmed reports that the test kits were illegally imported into the United States.\"","readTimeMin":2,"url":"https://www.msn.com/en-us/news/us/home-covid-test-recall-as-fda-recommends-throwing-kits-away/ar-AATC3Sh?ocid=spartan-ntp-feeds","locale":"en-us","topics":[{"label":"Top News","weight":1.0,"feedId":"Y_8c1db373-86c0-4213-9e06-0bb6deb2a336","locale":"en-us"},{"label":"Coronavirus","weight":1.0,"feedId":"Y_46cba2b4-26fd-492e-a1c0-41ec9917c10b","locale":"en-us"},{"label":"US Headlines","weight":1.0,"feedId":"Y_a314198b-b366-47c3-9775-dcc4ed22543f","locale":"en-us"},{"label":"US","weight":0.6392345428466797,"feedId":"Y_a3b33cc2-2c47-48ba-a975-4b87b597644b","locale":"en-us"},{"label":"News","weight":0.6392345428466797,"feedId":"Y_9eb0ac10-32bc-43cf-816e-5beaaf524f7a","locale":"en-us"}],"feed":{"id":"Y_8c1db373-86c0-4213-9e06-0bb6deb2a336","feedName":"Top News"},"publishedDateTime":"2022-02-08T15:31:31Z","isFeatured":false,"images":[{"width":2020,"height":1346,"url":"https://www.bing.com/th?id=ORMS.709e7056d99a8cdc65a0fb32810799df&pid=Wdp","colorSamples":[{"isDarkMode":true,"hexColor":"#F4ECF4"},{"isDarkMode":false,"hexColor":"#F4ECF4"}]}],"provider":{"id":"AA2e5M","name":"Newsweek","logoUrl":"https://img-s-msn-com.akamaized.net/tenant/amp/entityid/AA38A54.img"},"category":"news","reactionSummary":{"totalCount":36,"subReactionSummaries":[{"totalCount":18,"type":"like"},{"totalCount":6,"type":"love"},{"totalCount":6,"type":"surprised"},{"totalCount":3,"type":"angry"},{"totalCount":3,"type":"thinking"}]},"commentSummary":{"totalCount":0}},{"id":"AATDrSZ","type":"article","title":"Why Scott Disick's Latest Message to Khloe Kardashian Is Raising Eyebrows","abstract":"A new photo of Khloe Kardashian wearing a skin-tight bodysuit has fans flipping out, including Scott Disick. Read on to find out what he said to the Good American mogul.","readTimeMin":2,"url":"https://www.msn.com/en-us/tv/celebrity/why-scott-disick-s-latest-message-to-khloe-kardashian-is-raising-eyebrows/ar-AATDrSZ?ocid=spartan-ntp-feeds","locale":"en-us","topics":[],"feed":{"feedName":"news"},"publishedDateTime":"2022-02-09T03:57:11Z","isFeatured":false,"images":[{"width":560,"height":315,"url":"https://www.bing.com/th?id=ORMS.becd4e5da1714cea9874cf55eeff1014&pid=Wdp","focalRegion":{"x1":372,"x2":477,"y1":40,"y2":145},"colorSamples":[{"isDarkMode":true,"hexColor":"#4C3B3D"},{"isDarkMode":false,"hexColor":"#4C3B3D"}]}],"provider":{"id":"AAGbByA","name":"E! News","logoUrl":"https://img-s-msn-com.akamaized.net/tenant/amp/entityid/AAGpnHa.img"},"category":"tv","reactionSummary":{"totalCount":0},"commentSummary":{"totalCount":0}},{"id":"AATCM0D","type":"article","title":"Fed review cites high speed in turnpike crash that killed 5","abstract":"Excessive speed probably caused a bus crash that killed five and injured dozens during lightly falling snow on the Pennsylvania Turnpike two years ago, federal investigators said Tuesday. The National Transportation Safety Board said the driver lost control near Mount Pleasant, Pennsylvania, while traveling at 77 mph (124 kph) into a curve. The posted speed limit in the area is 70 mph, with a warning sign at the curve to keep below 55 mph (89...","readTimeMin":2,"url":"https://www.msn.com/en-us/news/us/fed-review-cites-high-speed-in-turnpike-crash-that-killed-5/ar-AATCM0D?ocid=spartan-ntp-feeds","locale":"en-us","topics":[{"label":"Top News","weight":1.0,"feedId":"Y_8c1db373-86c0-4213-9e06-0bb6deb2a336","locale":"en-us"},{"label":"US Headlines","weight":1.0,"feedId":"Y_a314198b-b366-47c3-9775-dcc4ed22543f","locale":"en-us"},{"label":"News","weight":0.909456193447113,"feedId":"Y_9eb0ac10-32bc-43cf-816e-5beaaf524f7a","locale":"en-us"},{"label":"US","weight":0.909456193447113,"feedId":"Y_a3b33cc2-2c47-48ba-a975-4b87b597644b","locale":"en-us"}],"feed":{"id":"Y_8c1db373-86c0-4213-9e06-0bb6deb2a336","feedName":"Top News"},"publishedDateTime":"2022-02-08T22:28:57Z","isFeatured":false,"images":[{"width":3000,"height":1688,"quality":98,"url":"https://img-s-msn-com.akamaized.net/tenant/amp/entityid/AATCJ3b.img","attribution":"Provided by Associated Press","title":"FILE – This Jan. 5, 2020, file image from video, provided by KDKA-TV, shows the scene near Greensburg, Pa., along the Pennsylvania Turnpike where multiple people were killed and dozens injured in a crash that involved multiple vehicles. Excessive speed probably caused the dead-of-night fatal bus crash during lightly falling snow, federal investigators said Tuesday, Feb. 8, 2022. (KDKA TV via AP, File)","caption":"FILE – This Jan. 5, 2020, file image from video, provided by KDKA-TV, shows the scene near Greensburg, Pa., along the Pennsylvania Turnpike where multiple people were killed and dozens injured in a crash that involved multiple vehicles. Excessive speed probably caused the dead-of-night fatal bus crash during lightly falling snow, federal investigators said Tuesday, Feb. 8, 2022. (KDKA TV via AP, File)","source":"msn","colorSamples":[{"isDarkMode":true,"hexColor":"#2E2E2E"},{"isDarkMode":false,"hexColor":"#F5F5F5"}]}],"provider":{"id":"AA7mZ3","name":"Associated Press","logoUrl":"https://img-s-msn-com.akamaized.net/tenant/amp/entityid/AACl4vY.img"},"category":"news","reactionSummary":{"totalCount":86,"subReactionSummaries":[{"totalCount":35,"type":"like"},{"totalCount":27,"type":"sad"},{"totalCount":10,"type":"love"},{"totalCount":6,"type":"surprised"},{"totalCount":5,"type":"angry"},{"totalCount":3,"type":"thinking"}]},"commentSummary":{"totalCount":10,"subCommentSummaries":[{"totalCount":6,"type":"comment"},{"totalCount":4,"type":"reply"}]}},{"id":"AATCBG0","type":"article","title":"Look: Alvin Kamara’s Alleged Victim Shares Photo Of His Injuries","abstract":"Shortly after the Pro Bowl wrapped up on Sunday at Allegiant Stadium, New Orleans Saints running back Alvin Kamara was arrested and charged with battery resulting in substantial bodily harm. He was released after posting bail on Sunday night. According to multiple reports, video surveillance shows Kamara punching a man, Darnell Greene, several times. Kamara’s […] The post Look: Alvin Kamara’s Alleged Victim Shares Photo Of His Injuries appeared...","readTimeMin":1,"url":"https://www.msn.com/en-us/sports/nfl/look-alvin-kamara-s-alleged-victim-shares-photo-of-his-injuries/ar-AATCBG0?ocid=spartan-ntp-feeds","locale":"en-us","topics":[{"label":"Sports","weight":0.9998019933700562,"feedId":"Y_b09e3e40-000d-454d-87ef-96631d7c9e7c","locale":"en-us"},{"label":"Crime","weight":0.7023091912269592,"feedId":"Y_6f320357-0418-4bb0-a654-f5ba77f31552","locale":"en-us"},{"label":"News","weight":0.7023091912269592,"feedId":"Y_9eb0ac10-32bc-43cf-816e-5beaaf524f7a","locale":"en-us"}],"feed":{"id":"Y_b09e3e40-000d-454d-87ef-96631d7c9e7c","feedName":"Sports"},"publishedDateTime":"2022-02-08T20:06:21Z","isFeatured":false,"images":[{"width":775,"height":465,"url":"https://www.bing.com/th?id=ORMS.2ce22c7fc3889e024115e33f44a69d72&pid=Wdp","colorSamples":[{"isDarkMode":true,"hexColor":"#2C4395"},{"isDarkMode":false,"hexColor":"#2C4395"}]}],"provider":{"id":"BB199c9L","name":"The Spun","logoUrl":"https://img-s-msn-com.akamaized.net/tenant/amp/entityid/AALER5n.img"},"category":"sports","reactionSummary":{"totalCount":59,"subReactionSummaries":[{"totalCount":23,"type":"like"},{"totalCount":14,"type":"love"},{"totalCount":9,"type":"angry"},{"totalCount":8,"type":"surprised"},{"totalCount":4,"type":"thinking"},{"totalCount":1,"type":"sad"}]},"commentSummary":{"totalCount":0}},{"id":"AATBPTp","type":"article","title":"Shelter Seeking Owner Who Dumped Dog Hours From Death: 'Broke Our Hearts'","abstract":"Surveillance footage showed the dog attempt to follow the person before collapsing in the parking lot.","readTimeMin":3,"url":"https://www.msn.com/en-us/news/crime/shelter-seeking-owner-who-dumped-dog-hours-from-death-broke-our-hearts/ar-AATBPTp?ocid=spartan-ntp-feeds","locale":"en-us","topics":[{"label":"Top News","weight":1.0,"feedId":"Y_8c1db373-86c0-4213-9e06-0bb6deb2a336","locale":"en-us"},{"label":"Crime","weight":1.0,"feedId":"Y_6f320357-0418-4bb0-a654-f5ba77f31552","locale":"en-us"},{"label":"News","weight":0.8399353623390198,"feedId":"Y_9eb0ac10-32bc-43cf-816e-5beaaf524f7a","locale":"en-us"}],"feed":{"id":"Y_8c1db373-86c0-4213-9e06-0bb6deb2a336","feedName":"Top News"},"publishedDateTime":"2022-02-08T12:28:26Z","isFeatured":false,"images":[{"width":2400,"height":1500,"url":"https://www.bing.com/th?id=ORMS.ee7e466ecbcd20f963165f78cfe47b98&pid=Wdp","colorSamples":[{"isDarkMode":true,"hexColor":"#67481F"},{"isDarkMode":false,"hexColor":"#67481F"}]}],"provider":{"id":"AA2e5M","name":"Newsweek","logoUrl":"https://img-s-msn-com.akamaized.net/tenant/amp/entityid/AA38A54.img"},"category":"news","reactionSummary":{"totalCount":652,"subReactionSummaries":[{"totalCount":386,"type":"angry"},{"totalCount":173,"type":"sad"},{"totalCount":45,"type":"like"},{"totalCount":25,"type":"love"},{"totalCount":14,"type":"surprised"},{"totalCount":9,"type":"thinking"}]},"commentSummary":{"totalCount":132,"subCommentSummaries":[{"totalCount":72,"type":"comment"},{"totalCount":60,"type":"reply"}]}},{"id":"AATBWgn","type":"article","title":"My girlfriend moved to my city to be closer to me. We decided to live apart for the benefit of our children.","abstract":"The author shares how she and her girlfriend decided to live in separate apartments and what the benefits and drawbacks are.","readTimeMin":3,"url":"https://www.msn.com/en-us/lifestyle/lifestyle-buzz/my-girlfriend-moved-to-my-city-to-be-closer-to-me-we-decided-to-live-apart-for-the-benefit-of-our-children/ar-AATBWgn?ocid=spartan-ntp-feeds","locale":"en-us","topics":[{"label":"News","weight":0.6719715595245361,"feedId":"Y_9eb0ac10-32bc-43cf-816e-5beaaf524f7a","locale":"en-us"}],"feed":{"id":"Y_9eb0ac10-32bc-43cf-816e-5beaaf524f7a","feedName":"News"},"publishedDateTime":"2022-02-08T13:30:00Z","isFeatured":false,"images":[{"width":2316,"height":1741,"url":"https://www.bing.com/th?id=ORMS.9b1b3a7b180f45f48c04fd33a4b59a6c&pid=Wdp","focalRegion":{"x1":247,"x2":725,"y1":194,"y2":672},"colorSamples":[{"isDarkMode":true,"hexColor":"#E4DADA"},{"isDarkMode":false,"hexColor":"#E4DADA"}]}],"provider":{"id":"BBmKCAX","name":"INSIDER","logoUrl":"https://img-s-msn-com.akamaized.net/tenant/amp/entityid/BB10dZNR.img"},"category":"lifestyle","reactionSummary":{"totalCount":66,"subReactionSummaries":[{"totalCount":29,"type":"like"},{"totalCount":14,"type":"love"},{"totalCount":8,"type":"angry"},{"totalCount":7,"type":"thinking"},{"totalCount":6,"type":"surprised"},{"totalCount":2,"type":"sad"}]},"commentSummary":{"totalCount":11,"subCommentSummaries":[{"totalCount":7,"type":"comment"},{"totalCount":4,"type":"reply"}]}},{"id":"AATBlmJ","type":"article","title":"The Weird Rule Kate Middleton Makes Her Staff Follow Was Just Revealed","abstract":"If you’ve ever wanted to know what the Duke and Duchess of Cambridge look for when hiring a member of staff, then wonder no more, as a job advert posted on the Royal Household’s official website has just described one of the key things the young royals insist on! As per the advert for a recent housekeeping role, which was described as an “exciting opportunity” to “join a supportive and positive team” and work for the family of five (which in...","readTimeMin":1,"url":"https://www.msn.com/en-us/lifestyle/family/the-weird-rule-kate-middleton-makes-her-staff-follow-was-just-revealed/ar-AATBlmJ?ocid=spartan-ntp-feeds","locale":"en-us","topics":[{"label":"Royals","weight":1.0,"feedId":"Y_1e3f7bf0-2ce6-411e-ad6a-3fe56ce1032b","locale":"en-us"},{"label":"Celebrities and Royals News","weight":1.0,"feedId":"Y_6da7c728-6dac-49b0-8e35-ecfe0b41c198","locale":"en-us"}],"feed":{"id":"Y_1e3f7bf0-2ce6-411e-ad6a-3fe56ce1032b","feedName":"Royals"},"publishedDateTime":"2022-02-08T10:30:44Z","isFeatured":false,"images":[{"width":650,"height":650,"url":"https://www.bing.com/th?id=ORMS.4ffd7d451d81b506f6b28f79a8dc2f2a&pid=Wdp","focalRegion":{"x1":240,"x2":473,"y1":169,"y2":402},"colorSamples":[{"isDarkMode":true,"hexColor":"#CEE4E4"},{"isDarkMode":false,"hexColor":"#CEE4E4"}]}],"provider":{"id":"AAPeFom","name":"SheFinds","logoUrl":"https://img-s-msn-com.akamaized.net/tenant/amp/entityid/AAPf1Zs.img"},"category":"lifestyle","reactionSummary":{"totalCount":673,"subReactionSummaries":[{"totalCount":342,"type":"like"},{"totalCount":163,"type":"love"},{"totalCount":72,"type":"surprised"},{"totalCount":61,"type":"thinking"},{"totalCount":27,"type":"angry"},{"totalCount":8,"type":"sad"}]},"commentSummary":{"totalCount":48,"subCommentSummaries":[{"totalCount":24,"type":"comment"},{"totalCount":24,"type":"reply"}]}},{"id":"AATBXuK","type":"article","title":"Northrop Grumman Offers Navy a Missile Defense System With Infinite Ammo","abstract":"SEWIP Block 3 could be worth billions of dollars in revenues for the giant defense contractor -- and generate more than $1 billion in profit for it.","readTimeMin":4,"url":"https://www.msn.com/en-us/money/companies/northrop-grumman-offers-navy-a-missile-defense-system-with-infinite-ammo/ar-AATBXuK?ocid=spartan-ntp-feeds","locale":"en-us","topics":[{"label":"Money","weight":0.6873067021369934,"feedId":"Y_f714b6e2-e9db-41d0-9b5f-b2e0a52f85da","locale":"en-us"},{"label":"Business","weight":0.6873067021369934,"feedId":"Y_367b7be1-6bd2-44e7-95b3-b0d077ccc28d","locale":"en-us"},{"label":"Fortune 500","weight":0.6873067021369934,"feedId":"Y_66aab8cd-65a4-477c-b208-d18459ad42e4","locale":"en-us"}],"feed":{"id":"Y_f714b6e2-e9db-41d0-9b5f-b2e0a52f85da","feedName":"Money"},"publishedDateTime":"2022-02-08T14:47:00Z","isFeatured":false,"images":[{"width":1699,"height":529,"url":"https://www.bing.com/th?id=ORMS.a2027120ddfcfeeea1901f773f8b6b4e&pid=Wdp","colorSamples":[{"isDarkMode":true,"hexColor":"#24344C"},{"isDarkMode":false,"hexColor":"#24344C"}]}],"provider":{"id":"AA1xXxH","name":"The Motley Fool","logoUrl":"https://img-s-msn-com.akamaized.net/tenant/amp/entityid/BB16ZxBg.img"},"category":"money","reactionSummary":{"totalCount":323,"subReactionSummaries":[{"totalCount":173,"type":"like"},{"totalCount":78,"type":"love"},{"totalCount":38,"type":"thinking"},{"totalCount":26,"type":"surprised"},{"totalCount":7,"type":"angry"},{"totalCount":1,"type":"sad"}]},"commentSummary":{"totalCount":82,"subCommentSummaries":[{"totalCount":31,"type":"comment"},{"totalCount":51,"type":"reply"}]}},{"id":"AATAGt3","type":"article","title":"‘You should be kinda grateful that we allow you to come here’: Male Karen makes racist comments to car wash owner during snowstorm in viral TikTok","abstract":"A viral TikTok shows a white man making racist statements to the owner of a car wash in Michigan when he's asked to move his car during a snowstorm. At least one commenter called the man a \"Karen.\" The TikTok was posted on Friday by Ali Turfe (@westborncarwash25073), who owns Westborn Carwash in Dearborn, Michigan. Turfe wrote in the caption, \"Car wash closed due to snow storm, asked customer to move vehicle so we can plow the lot, this was his...","readTimeMin":2,"url":"https://www.msn.com/en-us/news/us/you-should-be-kinda-grateful-that-we-allow-you-to-come-here-male-karen-makes-racist-comments-to-car-wash-owner-during-snowstorm-in-viral-tiktok/ar-AATAGt3?ocid=spartan-ntp-feeds","locale":"en-us","topics":[{"label":"US","weight":0.6458491683006287,"feedId":"Y_a3b33cc2-2c47-48ba-a975-4b87b597644b","locale":"en-us"},{"label":"News","weight":0.6458491683006287,"feedId":"Y_9eb0ac10-32bc-43cf-816e-5beaaf524f7a","locale":"en-us"}],"feed":{"id":"Y_a3b33cc2-2c47-48ba-a975-4b87b597644b","feedName":"US"},"publishedDateTime":"2022-02-08T06:14:25Z","isFeatured":false,"images":[{"width":2000,"height":1000,"url":"https://www.bing.com/th?id=ORMS.e6c3c93e76c56153f7481585938f7e97&pid=Wdp","focalRegion":{"x1":112,"x2":868,"y1":86,"y2":183}}],"provider":{"id":"AANGyYK","name":"Daily Dot","logoUrl":"https://img-s-msn-com.akamaized.net/tenant/amp/entityid/AANGpUX.img"},"category":"news","reactionSummary":{"totalCount":237,"subReactionSummaries":[{"totalCount":131,"type":"like"},{"totalCount":58,"type":"angry"},{"totalCount":30,"type":"love"},{"totalCount":10,"type":"sad"},{"totalCount":6,"type":"surprised"},{"totalCount":2,"type":"thinking"}]},"commentSummary":{"totalCount":0}},{"id":"AATCDOG","type":"article","title":"Ivy League Announces Decision On Swimmer Lia Thomas","abstract":"University of Pennsylvania swimmer Lia Thomas started her career with the men’s swimming team. After two and a half years of hormone therapy, she began shattering records on the women’s team. Thomas’ eligibility has been in question for the past few weeks. A lot of that uncertainty stems the NCAA’s newest policy that “aligns transgender […] The post Ivy League Announces Decision On Swimmer Lia Thomas appeared first on The Spun.","readTimeMin":2,"url":"https://www.msn.com/en-us/sports/winter-olympics/ivy-league-announces-decision-on-swimmer-lia-thomas/ar-AATCDOG?ocid=spartan-ntp-feeds","locale":"en-us","topics":[{"label":"Sports news","subLabels":["Preview"],"weight":0.9978170990943909,"feedId":"Y_cf67a66a-37a7-4248-a54b-91afc8129ef7","locale":"en-us"},{"label":"Golf","subLabels":["Preview"],"weight":0.949999988079071,"feedId":"Y_9f4d5ad7-8f38-42b3-bc44-fa4d0bcd3be0","locale":"en-us"},{"label":"Sports","subLabels":["Preview"],"weight":0.9034212827682495,"feedId":"Y_b09e3e40-000d-454d-87ef-96631d7c9e7c","locale":"en-us"}],"feed":{"id":"Y_cf67a66a-37a7-4248-a54b-91afc8129ef7","feedName":"Sports news"},"publishedDateTime":"2022-02-08T20:41:13Z","isFeatured":false,"images":[{"width":775,"height":465,"url":"https://www.bing.com/th?id=ORMS.740caa024cf583fcb97557f054f98ae6&pid=Wdp","focalRegion":{"x1":280,"x2":359,"y1":72,"y2":151},"colorSamples":[{"isDarkMode":true,"hexColor":"#DCFCFC"},{"isDarkMode":false,"hexColor":"#DCFCFC"}]}],"provider":{"id":"BB199c9L","name":"The Spun","logoUrl":"https://img-s-msn-com.akamaized.net/tenant/amp/entityid/AALER5n.img"},"category":"sports","reactionSummary":{"totalCount":147,"subReactionSummaries":[{"totalCount":96,"type":"angry"},{"totalCount":26,"type":"like"},{"totalCount":11,"type":"sad"},{"totalCount":8,"type":"love"},{"totalCount":4,"type":"surprised"},{"totalCount":2,"type":"thinking"}]},"commentSummary":{"totalCount":87,"subCommentSummaries":[{"totalCount":74,"type":"comment"},{"totalCount":13,"type":"reply"}]}},{"id":"AATBYzC","type":"article","title":"The Bengals are in the Super Bowl, but don’t expect them to pick up a check in L.A.","abstract":"The Cincinnati Bengals have overcome quite a bit of adversity to get to Super Bowl LVI. They had to claw their way to an AFC North championship after some bad regular-season losses, including the infamous 400-yard Mike White game against the New York Jets, followed by getting smoked by Cleveland Browns, 41-16, the next week. In the playoffs they had to overcome Joe Burrow getting sacked nine times against the Tennessee Titans and in the AFC...","readTimeMin":3,"url":"https://www.msn.com/en-us/sports/nfl/the-bengals-are-in-the-super-bowl-but-don-t-expect-them-to-pick-up-a-check-in-l-a/ar-AATBYzC?ocid=spartan-ntp-feeds","locale":"en-us","topics":[{"label":"Sports","subLabels":["Preview"],"weight":0.9998184442520142,"feedId":"Y_b09e3e40-000d-454d-87ef-96631d7c9e7c","locale":"en-us"}],"feed":{"id":"Y_b09e3e40-000d-454d-87ef-96631d7c9e7c","feedName":"Sports"},"publishedDateTime":"2022-02-08T15:30:00Z","isFeatured":false,"images":[{"width":800,"height":533,"url":"https://www.bing.com/th?id=ORMS.82ed97db734be9a1fc149cd3a8e84868&pid=Wdp","focalRegion":{"x1":86,"x2":543,"y1":106,"y2":205},"colorSamples":[{"isDarkMode":true,"hexColor":"#383A46"},{"isDarkMode":false,"hexColor":"#383A46"}]}],"provider":{"id":"BBCBq40","name":"Deadspin","logoUrl":"https://img-s-msn-com.akamaized.net/tenant/amp/entityid/BBCKsSS.img"},"category":"sports","reactionSummary":{"totalCount":8,"subReactionSummaries":[{"totalCount":2,"type":"like"},{"totalCount":2,"type":"sad"},{"totalCount":2,"type":"angry"},{"totalCount":1,"type":"love"},{"totalCount":1,"type":"thinking"}]},"commentSummary":{"totalCount":2,"subCommentSummaries":[{"totalCount":2,"type":"comment"}]}},{"id":"AATBX8o","type":"article","title":"Russell Wilson Reportedly Open To Surprising Trade Destination","abstract":"Russell Wilson hasn’t officially demanded a trade from the Seattle Seahawks, but that won’t stop rumors from swirling. On a recent episode of “The Kevin Sheehan Show,” Sheehan revealed one team that Wilson wouldn’t be against playing for. That team happens to be the Washington Commanders. “I did talk to a few people in Vegas,” […] The post Russell Wilson Reportedly Open To Surprising Trade Destination appeared first on The Spun.","readTimeMin":2,"url":"https://www.msn.com/en-us/sports/nfl/russell-wilson-reportedly-open-to-surprising-trade-destination/ar-AATBX8o?ocid=spartan-ntp-feeds","locale":"en-us","topics":[{"label":"Sports","subLabels":["Preview"],"weight":0.9987090826034546,"feedId":"Y_b09e3e40-000d-454d-87ef-96631d7c9e7c","locale":"en-us"}],"feed":{"id":"Y_b09e3e40-000d-454d-87ef-96631d7c9e7c","feedName":"Sports"},"publishedDateTime":"2022-02-08T14:11:32Z","isFeatured":false,"images":[{"width":775,"height":465,"url":"https://www.bing.com/th?id=ORMS.2b3b613da6e7662b456d5069b57d3a11&pid=Wdp","colorSamples":[{"isDarkMode":true,"hexColor":"#22273E"},{"isDarkMode":false,"hexColor":"#22273E"}]}],"provider":{"id":"BB199c9L","name":"The Spun","logoUrl":"https://img-s-msn-com.akamaized.net/tenant/amp/entityid/AALER5n.img"},"category":"sports","reactionSummary":{"totalCount":499,"subReactionSummaries":[{"totalCount":282,"type":"like"},{"totalCount":86,"type":"love"},{"totalCount":51,"type":"surprised"},{"totalCount":44,"type":"thinking"},{"totalCount":19,"type":"sad"},{"totalCount":17,"type":"angry"}]},"commentSummary":{"totalCount":112,"subCommentSummaries":[{"totalCount":57,"type":"comment"},{"totalCount":55,"type":"reply"}]}},{"id":"AATyTHU","type":"slideshow","title":"Winnie Cooper from 'The Wonder Years' goes bare at 47, plus more celebs without makeup in 2022","abstract":"All the celebs who went without makeup in 2022 - from Jen Aniston and Kate Hudson to Christie Brinkley, Salma Hayek, Gwyneth Paltrow and more.","url":"https://www.msn.com/en-us/entertainment/entertainment-celebrity/winnie-cooper-from-the-wonder-years-goes-bare-at-47-plus-more-celebs-without-makeup-in-2022/ss-AATyTHU?ocid=spartan-ntp-feeds","locale":"en-us","topics":[{"label":"Entertainment","weight":1.0,"feedId":"Y_414a7c40-a373-4025-b4ce-e9502e9e17ed","locale":"en-us"},{"label":"Lifestyle","weight":1.0,"feedId":"Y_99096e96-6d4f-401c-832b-461e08143a5a","locale":"en-us"},{"label":"Celebrities","weight":1.0,"feedId":"Y_c78438b0-ec84-49ed-b8f8-49fc91059089","locale":"en-us"},{"label":"Celebrities and Royals News","weight":1.0,"feedId":"Y_6da7c728-6dac-49b0-8e35-ecfe0b41c198","locale":"en-us"}],"galleryItemCount":25,"feed":{"id":"Y_414a7c40-a373-4025-b4ce-e9502e9e17ed","feedName":"Entertainment"},"slides":[{"title":"_","body":"<p><a href=\"http://wonderwall.com\">Wonderwall.com</a> rounded up all the celebs who went without makeup in 2022, starting with this child star-turned-mathematics author... \"Oh hey there, 47. Happy birthday to me! ... If there's any secret I've found to youth, it's in the attitude... and a healthy, clean lifestyle, of course. Our minds and bodies are inextricably connected. I've found when I eat well and get enough rest and exercise, I have so much more access to that inner joy that makes life fun! And when I discipline myself to see good (and laugh at the absurdities) in the world, resisting the seduction of outrage addiction, I find I'm more likely to stay in gratitude and make healthy choices... like going to bed early instead of staying up late to scroll through... all the things there are to be outraged over. The other secret to life? Taking all that gratitude and giving back to the world in as many ways as I can. My grandmother always said, 'The way to be happy is to make other people happy.' Spread it around...\" --\"<a href=\"https://www.wonderwall.com/entertainment/where-are-they-now/the-wonder-years-cast-where-are-they-now-488065.gallery\">The Wonder Years</a>\" alum Danica McKellar, who posted <a href=\"https://www.instagram.com/p/CYRkZqQFczM/\">this fresh-faced selfie</a> on Instagram on Jan. 3, her 47th birthday</p><p><em>Now keep reading for more gorgeous celebs sans makeup this year...</em></p>","image":{"width":1108,"height":1188,"quality":100,"url":"https://img-s-msn-com.akamaized.net/tenant/amp/entityid/AATDdAG.img","attribution":"@danicamckellar / Instagram","title":"_","caption":"<p><a href=\"http://wonderwall.com\">Wonderwall.com</a> rounded up all the celebs who went without makeup in 2022, starting with this child star-turned-mathematics author... \"Oh hey there, 47. Happy birthday to me! ... If there's any secret I've found to youth, it's in the attitude... and a healthy, clean lifestyle, of course. Our minds and bodies are inextricably connected. I've found when I eat well and get enough rest and exercise, I have so much more access to that inner joy that makes life fun! And when I discipline myself to see good (and laugh at the absurdities) in the world, resisting the seduction of outrage addiction, I find I'm more likely to stay in gratitude and make healthy choices... like going to bed early instead of staying up late to scroll through... all the things there are to be outraged over. The other secret to life? Taking all that gratitude and giving back to the world in as many ways as I can. My grandmother always said, 'The way to be happy is to make other people happy.' Spread it around...\" --\"<a href=\"https://www.wonderwall.com/entertainment/where-are-they-now/the-wonder-years-cast-where-are-they-now-488065.gallery\">The Wonder Years</a>\" alum Danica McKellar, who posted <a href=\"https://www.instagram.com/p/CYRkZqQFczM/\">this fresh-faced selfie</a> on Instagram on Jan. 3, her 47th birthday</p><p><em>Now keep reading for more gorgeous celebs sans makeup this year...</em></p>","focalRegion":{"x1":292,"x2":749,"y1":246,"y2":703},"source":"msn"}},{"title":"_","body":"<p>\"The words to this song [Peggy Lee's 'Sweet Happy Life'] are my wish for you... and I'm going to add an important beauty tip I wish I had heard sooner... Protect your skin while enjoying your sweet happy life. Be sure to use SPF everyday. I'm wearing SPF 50, a swimsuit with long sleeved sun protection, and a hat! And if you didn't wise up to the damaging effects of the sun fast enough like me, use @sblabeauty to reverse the signs of overexposure to the elements. Powerful peptides and active ingredients to help smooth fine lines and wrinkles, even out skin tones and tighten and lift your neck chin and jawline. Deserted beach not included.\" --Christie Brinkley, who took to Instagram on Jan. 7 to share <a href=\"https://www.instagram.com/p/CYclijWLqgi/\">a video</a> of herself beaming sans makeup while enjoying a day at the beach</p>","image":{"width":698,"height":1160,"quality":100,"url":"https://img-s-msn-com.akamaized.net/tenant/amp/entityid/AATDc6B.img","attribution":"@christiebrinkley / Instagram","title":"_","caption":"<p>\"The words to this song [Peggy Lee's 'Sweet Happy Life'] are my wish for you... and I'm going to add an important beauty tip I wish I had heard sooner... Protect your skin while enjoying your sweet happy life. Be sure to use SPF everyday. I'm wearing SPF 50, a swimsuit with long sleeved sun protection, and a hat! And if you didn't wise up to the damaging effects of the sun fast enough like me, use @sblabeauty to reverse the signs of overexposure to the elements. Powerful peptides and active ingredients to help smooth fine lines and wrinkles, even out skin tones and tighten and lift your neck chin and jawline. Deserted beach not included.\" --Christie Brinkley, who took to Instagram on Jan. 7 to share <a href=\"https://www.instagram.com/p/CYclijWLqgi/\">a video</a> of herself beaming sans makeup while enjoying a day at the beach</p>","source":"msn"}},{"title":"_","body":"<p>\"Okay, Humidity…⁣. Let's go….. @lolavie\" --<a href=\"https://www.wonderwall.com/celebrity/profiles/overview/jennifer-aniston-305.article\">Jennifer Aniston</a>, who took to Instagram on Jan. 13 to share <a href=\"https://www.instagram.com/p/CYr1HFdvH8x/\">this makeup-free selfie</a> promoting her LolaVie haircare line</p>","image":{"width":684,"height":913,"quality":89,"url":"https://img-s-msn-com.akamaized.net/tenant/amp/entityid/AATyZav.img","attribution":"@jenniferaniston / Instagram","title":"_","caption":"<p>\"Okay, Humidity…⁣. Let's go….. @lolavie\" --<a href=\"https://www.wonderwall.com/celebrity/profiles/overview/jennifer-aniston-305.article\">Jennifer Aniston</a>, who took to Instagram on Jan. 13 to share <a href=\"https://www.instagram.com/p/CYr1HFdvH8x/\">this makeup-free selfie</a> promoting her LolaVie haircare line</p>","source":"msn"}}],"publishedDateTime":"2022-02-09T03:52:26Z","isFeatured":false,"images":[{"width":1108,"height":1188,"quality":100,"url":"https://img-s-msn-com.akamaized.net/tenant/amp/entityid/AATDdAG.img","attribution":"@danicamckellar / Instagram","title":"_","caption":"<p><a href=\"http://wonderwall.com\">Wonderwall.com</a> rounded up all the celebs who went without makeup in 2022, starting with this child star-turned-mathematics author... \"Oh hey there, 47. Happy birthday to me! ... If there's any secret I've found to youth, it's in the attitude... and a healthy, clean lifestyle, of course. Our minds and bodies are inextricably connected. I've found when I eat well and get enough rest and exercise, I have so much more access to that inner joy that makes life fun! And when I discipline myself to see good (and laugh at the absurdities) in the world, resisting the seduction of outrage addiction, I find I'm more likely to stay in gratitude and make healthy choices... like going to bed early instead of staying up late to scroll through... all the things there are to be outraged over. The other secret to life? Taking all that gratitude and giving back to the world in as many ways as I can. My grandmother always said, 'The way to be happy is to make other people happy.' Spread it around...\" --\"<a href=\"https://www.wonderwall.com/entertainment/where-are-they-now/the-wonder-years-cast-where-are-they-now-488065.gallery\">The Wonder Years</a>\" alum Danica McKellar, who posted <a href=\"https://www.instagram.com/p/CYRkZqQFczM/\">this fresh-faced selfie</a> on Instagram on Jan. 3, her 47th birthday</p><p><em>Now keep reading for more gorgeous celebs sans makeup this year...</em></p>","focalRegion":{"x1":292,"x2":749,"y1":246,"y2":703},"source":"msn","colorSamples":[{"isDarkMode":true,"hexColor":"#2E2E2E"},{"isDarkMode":false,"hexColor":"#F5F5F5"}]}],"provider":{"id":"AA5HhRQ","name":"Wonderwall","logoUrl":"https://img-s-msn-com.akamaized.net/tenant/amp/entityid/AAfZ6og.img"},"category":"entertainment","reactionSummary":{"totalCount":194,"subReactionSummaries":[{"totalCount":101,"type":"like"},{"totalCount":37,"type":"love"},{"totalCount":21,"type":"surprised"},{"totalCount":18,"type":"angry"},{"totalCount":13,"type":"thinking"},{"totalCount":4,"type":"sad"}]},"commentSummary":{"totalCount":32,"subCommentSummaries":[{"totalCount":17,"type":"comment"},{"totalCount":15,"type":"reply"}]}},{"id":"AATCgsd","type":"article","title":"Wild Theories Swirl After Plane Passenger Spots 'Dementor' Shape in the Sky","abstract":"Responding to accusations a video may have been faked, Zoë Montoya shared a follow-up, saying, \"Yeah bestie this is definitely my own video I took yesterday.\"","readTimeMin":4,"url":"https://www.msn.com/en-us/news/us/wild-theories-swirl-after-plane-passenger-spots-dementor-shape-in-the-sky/ar-AATCgsd?ocid=spartan-ntp-feeds","locale":"en-us","topics":[{"label":"Top News","weight":1.0,"feedId":"Y_8c1db373-86c0-4213-9e06-0bb6deb2a336","locale":"en-us"},{"label":"News","weight":0.8923355937004089,"feedId":"Y_9eb0ac10-32bc-43cf-816e-5beaaf524f7a","locale":"en-us"},{"label":"US","weight":0.8923355937004089,"feedId":"Y_a3b33cc2-2c47-48ba-a975-4b87b597644b","locale":"en-us"}],"feed":{"id":"Y_8c1db373-86c0-4213-9e06-0bb6deb2a336","feedName":"Top News"},"publishedDateTime":"2022-02-08T16:53:15Z","isFeatured":false,"images":[{"width":2400,"height":1600,"url":"https://www.bing.com/th?id=ORMS.1cbc02f14d4f4f781b60dbac061e44e0&pid=Wdp","colorSamples":[{"isDarkMode":true,"hexColor":"#23232D"},{"isDarkMode":false,"hexColor":"#BCDCDD"}]}],"provider":{"id":"AA2e5M","name":"Newsweek","logoUrl":"https://img-s-msn-com.akamaized.net/tenant/amp/entityid/AA38A54.img"},"category":"news","reactionSummary":{"totalCount":1238,"subReactionSummaries":[{"totalCount":611,"type":"like"},{"totalCount":287,"type":"love"},{"totalCount":202,"type":"surprised"},{"totalCount":97,"type":"thinking"},{"totalCount":24,"type":"angry"},{"totalCount":17,"type":"sad"}]},"commentSummary":{"totalCount":304,"subCommentSummaries":[{"totalCount":173,"type":"comment"},{"totalCount":131,"type":"reply"}]}},{"id":"AATD3Id","type":"article","title":"A geomagnetic storm may have effectively destroyed 40 SpaceX Starlink satellites","abstract":"They ducked, and now they can’t achieve orbit","readTimeMin":3,"url":"https://www.msn.com/en-us/news/technology/a-geomagnetic-storm-may-have-effectively-destroyed-40-spacex-starlink-satellites/ar-AATD3Id?ocid=spartan-ntp-feeds","locale":"en-us","topics":[{"label":"News","weight":0.8573449850082397,"feedId":"Y_9eb0ac10-32bc-43cf-816e-5beaaf524f7a","locale":"en-us"},{"label":"Technology","weight":0.8573449850082397,"feedId":"Y_d1cad308-780e-4a75-ba34-6460811ccfe3","locale":"en-us"}],"feed":{"id":"Y_9eb0ac10-32bc-43cf-816e-5beaaf524f7a","feedName":"News"},"publishedDateTime":"2022-02-09T01:40:19Z","isFeatured":false,"images":[{"width":1920,"height":1080,"url":"https://www.bing.com/th?id=ORMS.b39c09aea013a30ea23a515351206709&pid=Wdp","colorSamples":[{"isDarkMode":true,"hexColor":"#484A6C"},{"isDarkMode":false,"hexColor":"#DAD0DF"}]}],"provider":{"id":"AAnYAn","name":"The Verge","logoUrl":"https://img-s-msn-com.akamaized.net/tenant/amp/entityid/AA3l67H.img"},"category":"news","reactionSummary":{"totalCount":23,"subReactionSummaries":[{"totalCount":11,"type":"like"},{"totalCount":5,"type":"surprised"},{"totalCount":3,"type":"love"},{"totalCount":2,"type":"thinking"},{"totalCount":1,"type":"sad"},{"totalCount":1,"type":"angry"}]},"commentSummary":{"totalCount":4,"subCommentSummaries":[{"totalCount":3,"type":"comment"},{"totalCount":1,"type":"reply"}]}},{"id":"AATBrpp","type":"article","title":"Texas might be a red state now, but the Lone Star State is turning blue right before our eyes","abstract":"Democrats have lost hope for Texas. I haven't.","readTimeMin":4,"url":"https://www.msn.com/en-us/news/opinion/texas-might-be-a-red-state-now-but-the-lone-star-state-is-turning-blue-right-before-our-eyes/ar-AATBrpp?ocid=spartan-ntp-feeds","locale":"en-us","topics":[{"label":"News","weight":0.6306440830230713,"feedId":"Y_9eb0ac10-32bc-43cf-816e-5beaaf524f7a","locale":"en-us"},{"label":"Opinion","weight":0.6306440830230713,"feedId":"Y_fdf0ff6c-7f65-4143-b2ad-fe655db53c36","locale":"en-us"}],"feed":{"id":"Y_9eb0ac10-32bc-43cf-816e-5beaaf524f7a","feedName":"News"},"publishedDateTime":"2022-02-08T18:12:15Z","isFeatured":false,"images":[{"width":1994,"height":2581,"url":"https://www.bing.com/th?id=ORMS.e5435f74af38b70b5bea079fc569a89d&pid=Wdp","focalRegion":{"x1":276,"x2":497,"y1":170,"y2":391},"colorSamples":[{"isDarkMode":true,"hexColor":"#31313B"},{"isDarkMode":false,"hexColor":"#31313B"}]}],"provider":{"id":"AAnTEc","name":"USA TODAY","logoUrl":"https://img-s-msn-com.akamaized.net/tenant/amp/entityid/BBNvr53.img"},"category":"news","reactionSummary":{"totalCount":4962,"subReactionSummaries":[{"totalCount":2697,"type":"angry"},{"totalCount":1255,"type":"like"},{"totalCount":605,"type":"love"},{"totalCount":212,"type":"sad"},{"totalCount":128,"type":"thinking"},{"totalCount":65,"type":"surprised"}]},"commentSummary":{"totalCount":0}}]},{"id":"AATCCrh","type":"article","title":"As Chicago Bears eye move, new group will reimagine lakefront","abstract":"With Soldier Field’s future up in the air as the Chicago Bears eye potentially greener suburban pastures, Mayor Lori Lightfoot has empaneled a group to recommend ways to improve the lakefront Museum Campus. The 23-member working group will set out “to reimagine the Museum Campus experience targeting year-round tourism and activation on the campus,” according to Lightfoot’s office. In addition ...","readTimeMin":2,"url":"https://www.msn.com/en-us/news/us/as-chicago-bears-eye-move-new-group-will-reimagine-lakefront/ar-AATCCrh?ocid=spartan-ntp-feeds","locale":"en-us","isLocalContent":true,"topics":[{"label":"Chicago","weight":100.0,"feedId":"Y_645976e3-13d3-44f3-8f86-f2aabc50632c","locale":"en-us"},{"label":"US","weight":0.711222231388092,"feedId":"Y_a3b33cc2-2c47-48ba-a975-4b87b597644b","locale":"en-us"},{"label":"News","weight":0.711222231388092,"feedId":"Y_9eb0ac10-32bc-43cf-816e-5beaaf524f7a","locale":"en-us"}],"feed":{"id":"Y_645976e3-13d3-44f3-8f86-f2aabc50632c","feedName":"Chicago"},"publishedDateTime":"2022-02-08T23:27:11Z","isFeatured":false,"images":[{"width":2048,"height":1297,"url":"https://www.bing.com/th?id=ORMS.bf751b571f79b704a9cb7b6f9f926697&pid=Wdp","colorSamples":[{"isDarkMode":true,"hexColor":"#484B2E"},{"isDarkMode":false,"hexColor":"#D1DAED"}]}],"provider":{"id":"AAqaDv","name":"Chicago Tribune","logoUrl":"https://img-s-msn-com.akamaized.net/tenant/amp/entityid/AA60izF.img"},"category":"news","reactionSummary":{"totalCount":30,"subReactionSummaries":[{"totalCount":15,"type":"like"},{"totalCount":7,"type":"love"},{"totalCount":7,"type":"surprised"},{"totalCount":1,"type":"thinking"}]},"commentSummary":{"totalCount":5,"subCommentSummaries":[{"totalCount":4,"type":"comment"},{"totalCount":1,"type":"reply"}]}},{"id":"AATCPfj","type":"video","title":"National Pizza Day is Feb. 9 and Domino's, Papa Johns, Pizza Hut and more have deals","abstract":"February 9 is National Pizza Day and you can save some dough at pizza places nationwide.","url":"https://www.msn.com/en-us/video/peopleandplaces/national-pizza-day-is-feb-9-and-domino-s-papa-johns-pizza-hut-and-more-have-deals/vi-AATCPfj?ocid=spartan-ntp-feeds","locale":"en-us","topics":[{"label":"Top Video","weight":1.0,"feedId":"Y_5abbb9ed-c7f6-46ef-9694-5bcd3aa68599","locale":"en-us"},{"label":"News","weight":0.6434825658798218,"feedId":"Y_9eb0ac10-32bc-43cf-816e-5beaaf524f7a","locale":"en-us"}],"videoMetadata":{"playTime":42,"closedCaptions":[{"locale":"en-us","href":"https://prod-video-cms-amp-microsoft-com.akamaized.net/tenant/amp/entityid/AATCPfj?blobrefkey=closedcaptionen-us&$blob=1"}]},"externalVideoFiles":[{"url":"https://prod-streaming-video-msn-com.akamaized.net/b7847bd7-d17e-4f88-ad89-b94d5401c5a7/46bb3756-d43a-49b7-98f9-7f243c5966be.mp4","contentType":"video/mp4","fileSize":21379971},{"url":"https://prod-streaming-video-msn-com.akamaized.net/2eb93af4-eac8-48ad-bf10-c798608c38ec/46bb3756-d43a-49b7-98f9-7f243c59.ism/manifest","width":1920,"height":1080},{"url":"https://prod-streaming-video-msn-com.akamaized.net/2eb93af4-eac8-48ad-bf10-c798608c38ec/46bb3756-d43a-49b7-98f9-7f243c59.ism/manifest(format=m3u8-aapl)","width":1920,"height":1080},{"url":"https://prod-streaming-video-msn-com.akamaized.net/2eb93af4-eac8-48ad-bf10-c798608c38ec/46bb3756-d43a-49b7-98f9-7f243c59.ism/manifest(format=mpd-time-csf)","width":1920,"height":1080},{"url":"https://prod-streaming-video-msn-com.akamaized.net/2eb93af4-eac8-48ad-bf10-c798608c38ec/46bb3756-d43a-49b7-98f9-7f243c59_6750.mp4","width":1920,"height":1080,"contentType":"video/mp4","fileSize":35228782},{"url":"https://prod-streaming-video-msn-com.akamaized.net/2eb93af4-eac8-48ad-bf10-c798608c38ec/46bb3756-d43a-49b7-98f9-7f243c59_3400.mp4","width":1280,"height":720,"contentType":"video/mp4","fileSize":18195863},{"url":"https://prod-streaming-video-msn-com.akamaized.net/2eb93af4-eac8-48ad-bf10-c798608c38ec/46bb3756-d43a-49b7-98f9-7f243c59_2250.mp4","width":960,"height":540,"contentType":"video/mp4","fileSize":12241388},{"url":"https://prod-streaming-video-msn-com.akamaized.net/2eb93af4-eac8-48ad-bf10-c798608c38ec/46bb3756-d43a-49b7-98f9-7f243c59_1500.mp4","width":960,"height":540,"contentType":"video/mp4","fileSize":8387223},{"url":"https://prod-streaming-video-msn-com.akamaized.net/2eb93af4-eac8-48ad-bf10-c798608c38ec/46bb3756-d43a-49b7-98f9-7f243c59_650.mp4","width":640,"height":360,"contentType":"video/mp4","fileSize":3984632}],"feed":{"id":"Y_5abbb9ed-c7f6-46ef-9694-5bcd3aa68599","feedName":"Top Video"},"publishedDateTime":"2022-02-08T20:44:59Z","isFeatured":false,"images":[{"width":1920,"height":1080,"quality":100,"url":"https://img-s-msn-com.akamaized.net/tenant/amp/entityid/AATCDIZ.img","attribution":"Provided by USA TODAY","title":"National Pizza Day is Feb. 9 and Domino's, Papa Johns, Pizza Hut and more have deals","source":"msn","colorSamples":[{"isDarkMode":true,"hexColor":"#2E2E2E"},{"isDarkMode":false,"hexColor":"#F5F5F5"}]}],"provider":{"id":"AAnTEc","name":"USA TODAY","logoUrl":"https://img-s-msn-com.akamaized.net/tenant/amp/entityid/BBNvr53.img"},"category":"video","reactionSummary":{"totalCount":74,"subReactionSummaries":[{"totalCount":45,"type":"like"},{"totalCount":14,"type":"love"},{"totalCount":6,"type":"surprised"},{"totalCount":4,"type":"sad"},{"totalCount":3,"type":"angry"},{"totalCount":2,"type":"thinking"}]},"commentSummary":{"totalCount":0}},{"id":"AATACcI","type":"article","title":"Winter Olympics hit by complaints from athletes","abstract":"Grievances range from having to compete in frigid temperatures to confusion over isolation rules.","readTimeMin":3,"url":"https://www.msn.com/en-us/sports/winter-olympics/winter-olympics-hit-by-complaints-from-athletes/ar-AATACcI?ocid=spartan-ntp-feeds","locale":"en-us","topics":[{"label":"Sports","weight":0.9959346652030945,"feedId":"Y_b09e3e40-000d-454d-87ef-96631d7c9e7c","locale":"en-us"},{"label":"Olympics","weight":0.9959346652030945,"feedId":"Y_cf5e06e9-c43f-403c-ac6a-25de20b18c63","locale":"en-us"},{"label":"World","weight":0.9081187844276428,"feedId":"Y_ee352f2b-a60f-41b3-9b10-4d54b4e7f3f9","locale":"en-us"},{"label":"News","weight":0.9081187844276428,"feedId":"Y_9eb0ac10-32bc-43cf-816e-5beaaf524f7a","locale":"en-us"}],"feed":{"id":"Y_b09e3e40-000d-454d-87ef-96631d7c9e7c","feedName":"Sports"},"publishedDateTime":"2022-02-08T06:20:26Z","isFeatured":false,"images":[{"width":976,"height":549,"url":"https://www.bing.com/th?id=ORMS.0e4e09ce4ee59f990a5b86a1fef80e7b&pid=Wdp","colorSamples":[{"isDarkMode":true,"hexColor":"#F4ECF4"},{"isDarkMode":false,"hexColor":"#F4ECF4"}]}],"provider":{"id":"AA28FU","name":"BBC News","logoUrl":"https://img-s-msn-com.akamaized.net/tenant/amp/entityid/BBolVIq.img"},"category":"sports","reactionSummary":{"totalCount":80,"subReactionSummaries":[{"totalCount":40,"type":"like"},{"totalCount":20,"type":"love"},{"totalCount":6,"type":"surprised"},{"totalCount":6,"type":"angry"},{"totalCount":5,"type":"thinking"},{"totalCount":3,"type":"sad"}]},"commentSummary":{"totalCount":34,"subCommentSummaries":[{"totalCount":28,"type":"comment"},{"totalCount":6,"type":"reply"}]}},{"id":"AATBAMs","type":"slideshow","title":"Fascinating ice discoveries frozen in time","abstract":"Extreme cold is so powerful that it can preserve almost anything for millions of years. New discoveries are constantly being made, and much insight is garnered as a result. One of the latest such cases? An 18,000 year-old puppy frozen in permafrost was discovered. Found near the city of Yakutsk in Russia, this pup is \"unusually well-preserved, with its hair, teeth, whiskers and eyelashes still intact.\" Intrigued? Then browse through this gallery for more fascinating stories.","url":"https://www.msn.com/en-us/travel/tripideas/fascinating-ice-discoveries-frozen-in-time/ss-AATBAMs?ocid=spartan-ntp-feeds","locale":"en-us","topics":[{"label":"Travel news","weight":0.16687755286693573,"feedId":"Y_d659302d-5ac4-460a-9baa-8c8684761110","locale":"en-us"}],"galleryItemCount":27,"feed":{"id":"Y_d659302d-5ac4-460a-9baa-8c8684761110","feedName":"Travel news"},"slides":[{"title":"Fascinating ice discoveries frozen in time","body":"<p>Extreme cold is so powerful that it can preserve almost anything for millions of years. New discoveries are constantly being made, and much insight is garnered as a result. One of the latest such cases? An 18,000 year-old puppy frozen in permafrost was <a href=\"https://www.nbcnews.com/science/science-news/18-000-year-old-puppy-found-remarkably-preserved-permafrost-n1095246\" rel=\"noopener\">discovered</a>.</p><p>Found near the city of Yakutsk in Russia, this <a href=\"https://uk.starsinsider.com/lifestyle/326055/too-cold-outside-to-play-not-for-these-good-boys\" rel=\"noopener\">pup</a> is \"unusually well-preserved, with its hair, teeth, whiskers and eyelashes still intact.\"</p><p>Intrigued? Then browse through this gallery for more fascinating stories.</p>","image":{"width":1920,"height":1440,"quality":46,"url":"https://img-s-msn-com.akamaized.net/tenant/amp/entityid/AATBAwE.img","attribution":"Reuters","title":"Fascinating ice discoveries frozen in time","caption":"<p>Extreme cold is so powerful that it can preserve almost anything for millions of years. New discoveries are constantly being made, and much insight is garnered as a result. One of the latest such cases? An 18,000 year-old puppy frozen in permafrost was <a href=\"https://www.nbcnews.com/science/science-news/18-000-year-old-puppy-found-remarkably-preserved-permafrost-n1095246\" rel=\"noopener\">discovered</a>.</p><p>Found near the city of Yakutsk in Russia, this <a href=\"https://uk.starsinsider.com/lifestyle/326055/too-cold-outside-to-play-not-for-these-good-boys\" rel=\"noopener\">pup</a> is \"unusually well-preserved, with its hair, teeth, whiskers and eyelashes still intact.\"</p><p>Intrigued? Then browse through this gallery for more fascinating stories.</p>","source":"msn"}},{"title":"Mount Everest","body":"Due to global warming, melting glaciers are exposing dead bodies of mountaineers who died climbing Mount <a href=\"https://www.bbc.com/news/science-environment-47638436\" rel=\"noopener\">Everest</a>.","image":{"width":1920,"height":1278,"quality":46,"url":"https://img-s-msn-com.akamaized.net/tenant/amp/entityid/AATByvD.img","attribution":"Shutterstock","title":"Mount Everest","caption":"Due to global warming, melting glaciers are exposing dead bodies of mountaineers who died climbing Mount <a href=\"https://www.bbc.com/news/science-environment-47638436\" rel=\"noopener\">Everest</a>.","source":"msn"}},{"title":"Antarctica mountain range","body":"There's actually a 10,000 ft (approximately 3,048 km) mountain range under the ice of <a href=\"https://www.livescience.com/6581-mysterious-mountains-hidden-beneath-antarctic-ice-revealed.html\">Antarctica</a>.","image":{"width":1920,"height":1280,"quality":46,"url":"https://img-s-msn-com.akamaized.net/tenant/amp/entityid/AATBGIE.img","attribution":"Getty Images","title":"Antarctica mountain range","caption":"There's actually a 10,000 ft (approximately 3,048 km) mountain range under the ice of <a href=\"https://www.livescience.com/6581-mysterious-mountains-hidden-beneath-antarctic-ice-revealed.html\">Antarctica</a>.","source":"msn"}}],"publishedDateTime":"2022-02-08T23:55:00Z","isFeatured":false,"images":[{"width":1920,"height":1440,"url":"https://www.bing.com/th?id=ORMS.8720357b0a0d2222428a5ded7db3c2da&pid=Wdp","colorSamples":[{"isDarkMode":true,"hexColor":"#273750"},{"isDarkMode":false,"hexColor":"#273750"}]}],"provider":{"id":"AAm2Sag","name":"StarsInsider","logoUrl":"https://img-s-msn-com.akamaized.net/tenant/amp/entityid/AAm2UN1.img"},"category":"travel","reactionSummary":{"totalCount":224,"subReactionSummaries":[{"totalCount":113,"type":"like"},{"totalCount":46,"type":"surprised"},{"totalCount":31,"type":"love"},{"totalCount":17,"type":"thinking"},{"totalCount":13,"type":"sad"},{"totalCount":4,"type":"angry"}]},"commentSummary":{"totalCount":27,"subCommentSummaries":[{"totalCount":8,"type":"comment"},{"totalCount":19,"type":"reply"}]}},{"id":"AATBBDY","type":"article","title":"China's 'Debt Bomb' Is Going off Under Xi Jinping | Opinion","abstract":"Confidence that China can somehow avoid an impending financial crisis is misplaced.","readTimeMin":4,"url":"https://www.msn.com/en-us/news/world/china-s-debt-bomb-is-going-off-under-xi-jinping-opinion/ar-AATBBDY?ocid=spartan-ntp-feeds","locale":"en-us","topics":[{"label":"News","weight":0.6651552319526672,"feedId":"Y_9eb0ac10-32bc-43cf-816e-5beaaf524f7a","locale":"en-us"},{"label":"World","weight":0.6651552319526672,"feedId":"Y_ee352f2b-a60f-41b3-9b10-4d54b4e7f3f9","locale":"en-us"}],"feed":{"id":"Y_9eb0ac10-32bc-43cf-816e-5beaaf524f7a","feedName":"News"},"publishedDateTime":"2022-02-08T11:30:01Z","isFeatured":false,"images":[{"width":2500,"height":1667,"url":"https://www.bing.com/th?id=ORMS.8fd004f636b402a6d1905cf2dd4954c8&pid=Wdp","focalRegion":{"x1":336,"x2":652,"y1":164,"y2":480},"colorSamples":[{"isDarkMode":true,"hexColor":"#4D482C"},{"isDarkMode":false,"hexColor":"#E3D2BB"}]}],"provider":{"id":"AA2e5M","name":"Newsweek","logoUrl":"https://img-s-msn-com.akamaized.net/tenant/amp/entityid/AA38A54.img"},"category":"news","reactionSummary":{"totalCount":571,"subReactionSummaries":[{"totalCount":304,"type":"like"},{"totalCount":143,"type":"love"},{"totalCount":44,"type":"thinking"},{"totalCount":36,"type":"angry"},{"totalCount":34,"type":"surprised"},{"totalCount":10,"type":"sad"}]},"commentSummary":{"totalCount":288,"subCommentSummaries":[{"totalCount":131,"type":"comment"},{"totalCount":157,"type":"reply"}]}},{"id":"AATAyNB","type":"article","title":"Your Daily Astrology: Tuesday, Feb. 8, 2022 for 02/08/22","abstract":"TUESDAY, FEB. 8, 2022 BIRTHDAY STAR: Actor Kathryn Newton was born in Orlando, Florida, today in 1997. This birthday star portrayed Abigail Carlson on the series “Big Little Lies” and Allie Pressman on “The Society.” She also starred as Louise Brooks on “Gary Unmarried” and appeared on episodes of “Supernatural,” “Halt and Catch Fire,” and “Mad Men...","readTimeMin":3,"url":"https://www.msn.com/en-us/travel/news/your-daily-astrology-tuesday-feb-8-2022-for-02-08-22/ar-AATAyNB?ocid=spartan-ntp-feeds","locale":"en-us","topics":[{"label":"Lifestyle","weight":1.0,"feedId":"Y_99096e96-6d4f-401c-832b-461e08143a5a","locale":"en-us"},{"label":"Travel news","weight":0.42187631130218506,"feedId":"Y_d659302d-5ac4-460a-9baa-8c8684761110","locale":"en-us"}],"feed":{"id":"Y_99096e96-6d4f-401c-832b-461e08143a5a","feedName":"Lifestyle"},"publishedDateTime":"2022-02-08T05:08:39Z","isFeatured":false,"images":[{"width":660,"height":690,"url":"https://www.bing.com/th?id=ORMS.7d6b3f554861fa3ace6eeac91f054202&pid=Wdp","focalRegion":{"x1":188,"x2":474,"y1":205,"y2":491},"colorSamples":[{"isDarkMode":true,"hexColor":"#6A4D18"},{"isDarkMode":false,"hexColor":"#6A4D18"}]}],"provider":{"id":"AAvOFq","name":"Tribune Content Agency","logoUrl":"https://img-s-msn-com.akamaized.net/tenant/amp/entityid/AA4QDcg.img"},"category":"travel","reactionSummary":{"totalCount":59,"subReactionSummaries":[{"totalCount":28,"type":"like"},{"totalCount":11,"type":"love"},{"totalCount":11,"type":"surprised"},{"totalCount":7,"type":"thinking"},{"totalCount":1,"type":"sad"},{"totalCount":1,"type":"angry"}]},"commentSummary":{"totalCount":0}},{"id":"AATCNJA","type":"article","title":"Alleged ‘ringleader' in recent high-end smash-and-grabs, retail thefts arrested","abstract":"CHICAGO - The alleged “ringleader” of multiple smash-and-grab robberies and retail thefts was arrested Monday evening. Tacarre Harper, 27, of Maywood, is facing charges related to smash-and-grabs from November through January. Police believe Harper organized two heists at a Burberry store in the 600 block of North Michigan Avenue. In those heists, ...","readTimeMin":2,"url":"https://www.msn.com/en-us/news/crime/alleged-ringleader-in-recent-high-end-smash-and-grabs-retail-thefts-arrested/ar-AATCNJA?ocid=spartan-ntp-feeds","locale":"en-us","isLocalContent":true,"topics":[{"label":"Chicago","weight":100.0,"feedId":"Y_645976e3-13d3-44f3-8f86-f2aabc50632c","locale":"en-us"},{"label":"Crime","weight":0.6655851602554321,"feedId":"Y_6f320357-0418-4bb0-a654-f5ba77f31552","locale":"en-us"},{"label":"News","weight":0.6655851602554321,"feedId":"Y_9eb0ac10-32bc-43cf-816e-5beaaf524f7a","locale":"en-us"}],"feed":{"id":"Y_645976e3-13d3-44f3-8f86-f2aabc50632c","feedName":"Chicago"},"publishedDateTime":"2022-02-08T23:16:32Z","isFeatured":false,"images":[{"width":900,"height":506,"url":"https://www.bing.com/th?id=ORMS.8c405f2ec43b207f5578bbf911f41b79&pid=Wdp","focalRegion":{"x1":384,"x2":560,"y1":115,"y2":291},"colorSamples":[{"isDarkMode":true,"hexColor":"#0C0C4C"},{"isDarkMode":false,"hexColor":"#E9DDC2"}]}],"provider":{"id":"BBQzoE0","name":"WGN-TV Chicago","logoUrl":"https://img-s-msn-com.akamaized.net/tenant/amp/entityid/BBTUWkq.img"},"category":"news","reactionSummary":{"totalCount":23,"subReactionSummaries":[{"totalCount":17,"type":"like"},{"totalCount":6,"type":"love"}]},"commentSummary":{"totalCount":0}},{"id":"AATAYPa","type":"slideshow","title":"Herman by Jim Unger","abstract":"Herman by Jim Unger","url":"https://www.msn.com/en-us/entertainment/comics/herman-by-jim-unger/ss-AATAYPa?ocid=spartan-ntp-feeds","locale":"en-us","topics":[],"galleryItemCount":14,"feed":{"feedName":"news"},"slides":[{"image":{"width":2533,"height":2841,"quality":99,"url":"https://img-s-msn-com.akamaized.net/tenant/amp/entityid/AATAXwN.img","attribution":"Jim Unger/Jim Unger","title":"Herman by Jim Unger","source":"msn"}},{"image":{"width":2533,"height":2989,"quality":100,"url":"https://img-s-msn-com.akamaized.net/tenant/amp/entityid/AATASJq.img","attribution":"Jim Unger/Jim Unger","title":"Herman by Jim Unger","source":"msn"}},{"image":{"width":2533,"height":2986,"quality":98,"url":"https://img-s-msn-com.akamaized.net/tenant/amp/entityid/AATANPq.img","attribution":"Jim Unger/Jim Unger","title":"Herman by Jim Unger","source":"msn"}}],"publishedDateTime":"2022-02-08T09:01:07Z","isFeatured":false,"images":[{"width":2533,"height":2841,"url":"https://www.bing.com/th?id=ORMS.2d89faa17dd6b2afe711e5dc09ad3615&pid=Wdp","colorSamples":[{"isDarkMode":true,"hexColor":"#E1D2E9"},{"isDarkMode":false,"hexColor":"#E1D2E9"}]}],"provider":{"id":"BB1fqBHB","name":"GoComics","logoUrl":"https://img-s-msn-com.akamaized.net/tenant/amp/entityid/BB1ftHh1.img"},"category":"entertainment","reactionSummary":{"totalCount":40,"subReactionSummaries":[{"totalCount":26,"type":"like"},{"totalCount":11,"type":"love"},{"totalCount":2,"type":"thinking"},{"totalCount":1,"type":"angry"}]},"commentSummary":{"totalCount":1,"subCommentSummaries":[{"totalCount":1,"type":"comment"}]}},{"id":"AATCMX7","type":"article","title":"Ex-Patriots Quarterback Says Tom Brady Wants To Play For 1 Other Team","abstract":"Tom Brady’s playing days are over, right? In the words of the legendary Lee Corso: “Not so fast, my friend!” There’s a belief within NFL circles that if Brady did return to the NFL, he wouldn’t want to play for the Tampa Bay Buccaneers again. The only issue is Brady is still contractually obligated to […] The post Ex-Patriots Quarterback Says Tom Brady Wants To Play For 1 Other Team appeared first on The Spun.","readTimeMin":2,"url":"https://www.msn.com/en-us/sports/nfl/ex-patriots-quarterback-says-tom-brady-wants-to-play-for-1-other-team/ar-AATCMX7?ocid=spartan-ntp-feeds","locale":"en-us","topics":[{"label":"Sports","weight":0.9996578693389893,"feedId":"Y_b09e3e40-000d-454d-87ef-96631d7c9e7c","locale":"en-us"}],"feed":{"id":"Y_b09e3e40-000d-454d-87ef-96631d7c9e7c","feedName":"Sports"},"publishedDateTime":"2022-02-08T21:15:04Z","isFeatured":false,"images":[{"width":775,"height":465,"url":"https://www.bing.com/th?id=ORMS.7b7a82241bc3d72e8f8263d0d1ad3252&pid=Wdp","colorSamples":[{"isDarkMode":true,"hexColor":"#6D3C49"},{"isDarkMode":false,"hexColor":"#6D3C49"}]}],"provider":{"id":"BB199c9L","name":"The Spun","logoUrl":"https://img-s-msn-com.akamaized.net/tenant/amp/entityid/AALER5n.img"},"category":"sports","reactionSummary":{"totalCount":198,"subReactionSummaries":[{"totalCount":123,"type":"like"},{"totalCount":29,"type":"love"},{"totalCount":19,"type":"surprised"},{"totalCount":16,"type":"angry"},{"totalCount":6,"type":"sad"},{"totalCount":5,"type":"thinking"}]},"commentSummary":{"totalCount":40,"subCommentSummaries":[{"totalCount":28,"type":"comment"},{"totalCount":12,"type":"reply"}]}}]}