{"nextPageUrl":"https://api.msn.com:443/msn/Feed/me?$top=35&$skip=70&$filter=_t eq 'CompositeCard'&contentType=article,video,slideshow,link,content360&infopaneCount=26&queryType=myfeed&location=41.5353|-87.2597&ocid=spartan-dhp-feeds&apikey=0QfOX3Vn51YCzitbLaRkTTBadtWpgTN8NZLW0C1SEM&responseSchema=cardview&market=en-us&fdhead=1s-bing-news,1s-br30min,1s-brsageboostre2,1s-jwtuserauth,1s-pagesegservice,1s-readaipalt,1s-winauthservice,1s-winsegservice,prg-1s-olympwhp,prg-1s-p2pre,prg-1sw-3dproc,prg-1sw-cardalignc,prg-1sw-cftvns,prg-1sw-hdolmpc,prg-1sw-kusto-cf,prg-1sw-l2icon,prg-1sw-loc-hd,prg-1sw-pdt3,prg-1sw-pdtctr,prg-1sw-pr1loc,prg-1sw-remove1,prg-1sw-ski1,prg-1sw-snfall,prg-1sw-spenhf,prg-1sw-spordfcf,prg-1sw-spordw,prg-1sw-ucb20,prg-1sw-warn-icon,prg-1sw-wtt1,prg-1sw-wxnrtcv1,prg-2cardsdock,prg-ad-drc,prg-adspeek,prg-bt-native,prg-dualauth,prg-dualautha,prg-dualauthlate,prg-hp-greyhdfeed,prg-hprewflyout-t,prg-ias,prg-inewssettings,prg-inf-rd-e1,prg-pres-sp,prg-rfeedsettings,prg-rrailsettings,prg-sc-2dockadsd,prg-sh-mitcarvt,prg-sh-mittab,prg-sh-xap-hubsecar,prg-wpo-2dockadsd,prg-wpo-hp-olympic,prg-wpo-olympwhp,prg-wpo-olyprod,prg-wtch-lo1c,prg-wtchsocial-c,prg-wx-cny&timeOut=1000&WrapOData=false&DisableTypeSerialization=true","subCards":[{"id":"AATC62b","type":"article","title":"Chicago man charged with spitting in face of FBI agent","abstract":"CHICAGO (AP) — A Chicago man who allegedly spat into the face of an FBI special agent and then told him there was no proof because the incident wasn't captured on video was arrested in part due to an account by a witness. The 55-year-old was arrested on a charge of assaulting an agent and booked into the Metropolitan Correctional Center, according to a criminal complaint unsealed Monday, the Chicago Tribune reported. The man remained in custody...","readTimeMin":2,"url":"https://www.msn.com/en-us/news/crime/chicago-man-charged-with-spitting-in-face-of-fbi-agent/ar-AATC62b?ocid=spartan-dhp-feeds","locale":"en-us","isLocalContent":true,"topics":[{"label":"Chicago","weight":100.0,"feedId":"Y_645976e3-13d3-44f3-8f86-f2aabc50632c","locale":"en-us"},{"label":"News","weight":0.8981791734695435,"feedId":"Y_9eb0ac10-32bc-43cf-816e-5beaaf524f7a","locale":"en-us"},{"label":"Crime","weight":0.8981791734695435,"feedId":"Y_6f320357-0418-4bb0-a654-f5ba77f31552","locale":"en-us"}],"feed":{"id":"Y_645976e3-13d3-44f3-8f86-f2aabc50632c","feedName":"Chicago"},"publishedDateTime":"2022-02-08T15:48:13Z","isFeatured":false,"provider":{"id":"AA7mZ3","name":"Associated Press","logoUrl":"https://img-s-msn-com.akamaized.net/tenant/amp/entityid/AACl4vY.img"},"category":"news","reactionSummary":{"totalCount":15,"subReactionSummaries":[{"totalCount":12,"type":"like"},{"totalCount":1,"type":"love"},{"totalCount":1,"type":"surprised"},{"totalCount":1,"type":"angry"}]},"commentSummary":{"totalCount":0}},{"id":"AATCPfj","type":"video","title":"National Pizza Day is Feb. 9 and Domino's, Papa Johns, Pizza Hut and more have deals","abstract":"February 9 is National Pizza Day and you can save some dough at pizza places nationwide.","url":"https://www.msn.com/en-us/video/peopleandplaces/national-pizza-day-is-feb-9-and-domino-s-papa-johns-pizza-hut-and-more-have-deals/vi-AATCPfj?ocid=spartan-dhp-feeds","locale":"en-us","topics":[{"label":"Top Video","weight":1.0,"feedId":"Y_5abbb9ed-c7f6-46ef-9694-5bcd3aa68599","locale":"en-us"},{"label":"News","weight":0.6434825658798218,"feedId":"Y_9eb0ac10-32bc-43cf-816e-5beaaf524f7a","locale":"en-us"}],"videoMetadata":{"playTime":42,"closedCaptions":[{"locale":"en-us","href":"https://prod-video-cms-amp-microsoft-com.akamaized.net/tenant/amp/entityid/AATCPfj?blobrefkey=closedcaptionen-us&$blob=1"}]},"externalVideoFiles":[{"url":"https://prod-streaming-video-msn-com.akamaized.net/b7847bd7-d17e-4f88-ad89-b94d5401c5a7/46bb3756-d43a-49b7-98f9-7f243c5966be.mp4","contentType":"video/mp4","fileSize":21379971},{"url":"https://prod-streaming-video-msn-com.akamaized.net/2eb93af4-eac8-48ad-bf10-c798608c38ec/46bb3756-d43a-49b7-98f9-7f243c59.ism/manifest","width":1920,"height":1080},{"url":"https://prod-streaming-video-msn-com.akamaized.net/2eb93af4-eac8-48ad-bf10-c798608c38ec/46bb3756-d43a-49b7-98f9-7f243c59.ism/manifest(format=m3u8-aapl)","width":1920,"height":1080},{"url":"https://prod-streaming-video-msn-com.akamaized.net/2eb93af4-eac8-48ad-bf10-c798608c38ec/46bb3756-d43a-49b7-98f9-7f243c59.ism/manifest(format=mpd-time-csf)","width":1920,"height":1080},{"url":"https://prod-streaming-video-msn-com.akamaized.net/2eb93af4-eac8-48ad-bf10-c798608c38ec/46bb3756-d43a-49b7-98f9-7f243c59_6750.mp4","width":1920,"height":1080,"contentType":"video/mp4","fileSize":35228782},{"url":"https://prod-streaming-video-msn-com.akamaized.net/2eb93af4-eac8-48ad-bf10-c798608c38ec/46bb3756-d43a-49b7-98f9-7f243c59_3400.mp4","width":1280,"height":720,"contentType":"video/mp4","fileSize":18195863},{"url":"https://prod-streaming-video-msn-com.akamaized.net/2eb93af4-eac8-48ad-bf10-c798608c38ec/46bb3756-d43a-49b7-98f9-7f243c59_2250.mp4","width":960,"height":540,"contentType":"video/mp4","fileSize":12241388},{"url":"https://prod-streaming-video-msn-com.akamaized.net/2eb93af4-eac8-48ad-bf10-c798608c38ec/46bb3756-d43a-49b7-98f9-7f243c59_1500.mp4","width":960,"height":540,"contentType":"video/mp4","fileSize":8387223},{"url":"https://prod-streaming-video-msn-com.akamaized.net/2eb93af4-eac8-48ad-bf10-c798608c38ec/46bb3756-d43a-49b7-98f9-7f243c59_650.mp4","width":640,"height":360,"contentType":"video/mp4","fileSize":3984632}],"feed":{"id":"Y_5abbb9ed-c7f6-46ef-9694-5bcd3aa68599","feedName":"Top Video"},"publishedDateTime":"2022-02-08T20:44:59Z","isFeatured":false,"images":[{"width":1920,"height":1080,"quality":100,"url":"https://img-s-msn-com.akamaized.net/tenant/amp/entityid/AATCDIZ.img","attribution":"Provided by USA TODAY","title":"National Pizza Day is Feb. 9 and Domino's, Papa Johns, Pizza Hut and more have deals","source":"msn","colorSamples":[{"isDarkMode":true,"hexColor":"#2E2E2E"},{"isDarkMode":false,"hexColor":"#F5F5F5"}]}],"provider":{"id":"AAnTEc","name":"USA TODAY","logoUrl":"https://img-s-msn-com.akamaized.net/tenant/amp/entityid/BBNvr53.img"},"category":"video","reactionSummary":{"totalCount":89,"subReactionSummaries":[{"totalCount":51,"type":"like"},{"totalCount":19,"type":"love"},{"totalCount":9,"type":"surprised"},{"totalCount":4,"type":"sad"},{"totalCount":4,"type":"angry"},{"totalCount":2,"type":"thinking"}]},"commentSummary":{"totalCount":0}},{"id":"AATAOgh","type":"article","title":"Scott Peterson juror will be offered immunity to testify","abstract":"REDWOOD CITY, Calif. (AP) — A juror in Scott Peterson's two-decade-old murder trial will be granted immunity before testifying at a hearing that could determine whether a new trial is granted, authorities said. The offer to Richelle Nice will come before she testifies at a Feb. 25 evidentiary hearing, Stanislaus County District Attorney Birgit Fladager announced Monday. Nice was Juror 7 in the trial that ended in 2004 with Peterson's conviction...","readTimeMin":2,"url":"https://www.msn.com/en-us/news/crime/scott-peterson-juror-will-be-offered-immunity-to-testify/ar-AATAOgh?ocid=spartan-dhp-feeds","locale":"en-us","topics":[{"label":"Top News","weight":1.0,"feedId":"Y_8c1db373-86c0-4213-9e06-0bb6deb2a336","locale":"en-us"},{"label":"News","weight":0.8312825560569763,"feedId":"Y_9eb0ac10-32bc-43cf-816e-5beaaf524f7a","locale":"en-us"},{"label":"Crime","weight":0.8312825560569763,"feedId":"Y_6f320357-0418-4bb0-a654-f5ba77f31552","locale":"en-us"}],"feed":{"id":"Y_8c1db373-86c0-4213-9e06-0bb6deb2a336","feedName":"Top News"},"publishedDateTime":"2022-02-08T07:25:27Z","isFeatured":false,"images":[{"width":3504,"height":2336,"quality":99,"url":"https://img-s-msn-com.akamaized.net/tenant/amp/entityid/AATAKMY.img","attribution":"Provided by Associated Press","title":"FILE - In this Dec. 13, 2004, file photo, Juror number 7, Richelle Nice, adjusts her hair as members of the jury speak with the media in the Old San Mateo County Courthouse in Redwood City, Calif. Authorities said Monday, Feb. 7, 2022, that former Nice, a juror in Scott Peterson’s two-decade-old murder trial will be granted immunity before testifying at a hearing that could determine whether a new trial is granted. (AP Photo/Lou Dematteis, File)","caption":"FILE - In this Dec. 13, 2004, file photo, Juror number 7, Richelle Nice, adjusts her hair as members of the jury speak with the media in the Old San Mateo County Courthouse in Redwood City, Calif. Authorities said Monday, Feb. 7, 2022, that former Nice, a juror in Scott Peterson’s two-decade-old murder trial will be granted immunity before testifying at a hearing that could determine whether a new trial is granted. (AP Photo/Lou Dematteis, File)","focalRegion":{"x1":431,"x2":666,"y1":128,"y2":363},"source":"msn","colorSamples":[{"isDarkMode":true,"hexColor":"#2E2E2E"},{"isDarkMode":false,"hexColor":"#F5F5F5"}]}],"provider":{"id":"AA7mZ3","name":"Associated Press","logoUrl":"https://img-s-msn-com.akamaized.net/tenant/amp/entityid/AACl4vY.img"},"category":"news","reactionSummary":{"totalCount":780,"subReactionSummaries":[{"totalCount":338,"type":"like"},{"totalCount":168,"type":"angry"},{"totalCount":100,"type":"surprised"},{"totalCount":99,"type":"love"},{"totalCount":61,"type":"thinking"},{"totalCount":14,"type":"sad"}]},"commentSummary":{"totalCount":0}},{"id":"AATBp5v","type":"slideshow","title":"Baby Blues by Rick Kirkman and Jerry Scott","abstract":"Baby Blues by Rick Kirkman and Jerry Scott","url":"https://www.msn.com/en-us/entertainment/comics/baby-blues-by-rick-kirkman-and-jerry-scott/ss-AATBp5v?ocid=spartan-dhp-feeds","locale":"en-us","topics":[],"galleryItemCount":14,"feed":{"feedName":"news"},"slides":[{"image":{"width":3850,"height":1220,"quality":97,"url":"https://img-s-msn-com.akamaized.net/tenant/amp/entityid/AATBc8y.img","attribution":"Rick Kirkman and Jerry Scott/Rick Kirkman and Jerry Scott","title":"Baby Blues by Rick Kirkman and Jerry Scott","source":"msn"}},{"image":{"width":3850,"height":1219,"quality":99,"url":"https://img-s-msn-com.akamaized.net/tenant/amp/entityid/AATBfgt.img","attribution":"Rick Kirkman and Jerry Scott/Rick Kirkman and Jerry Scott","title":"Baby Blues by Rick Kirkman and Jerry Scott","source":"msn"}},{"image":{"width":1950,"height":619,"quality":100,"url":"https://img-s-msn-com.akamaized.net/tenant/amp/entityid/AATBweN.img","attribution":"Rick Kirkman and Jerry Scott/Rick Kirkman and Jerry Scott","title":"Baby Blues by Rick Kirkman and Jerry Scott","source":"msn"}}],"publishedDateTime":"2022-02-08T10:28:16Z","isFeatured":false,"images":[{"width":3850,"height":1220,"url":"https://www.bing.com/th?id=ORMS.0d34b1ff9183571aee9fa36be8e6f71f&pid=Wdp","colorSamples":[{"isDarkMode":true,"hexColor":"#E4DCEC"},{"isDarkMode":false,"hexColor":"#E4DCEC"}]}],"provider":{"id":"AAJzgYT","name":"Comics Kingdom","logoUrl":"https://img-s-msn-com.akamaized.net/tenant/amp/entityid/AAJzh1P.img"},"category":"entertainment","reactionSummary":{"totalCount":54,"subReactionSummaries":[{"totalCount":29,"type":"like"},{"totalCount":24,"type":"love"},{"totalCount":1,"type":"surprised"}]},"commentSummary":{"totalCount":0}},{"id":"AATCg7N","type":"article","title":"Look: Alvin Kamara’s Mugshot Has Been Released","abstract":"Days after being booked into Las Vegas county jail on battery charges, Saints running back Alvin Kamara’s mugshot has surfaced thanks to TMZ Sports. #EXCLUSIVE: TMZ Sports has obtained the mugshot of Alvin Kamara, who was arrested after the Pro Bowl https://t.co/xWN5ZXiU32 — TMZ Sports (@TMZ_Sports) February 8, 2022 Kamara was taken into custody Sunday, […] The post Look: Alvin Kamara’s Mugshot Has Been Released appeared first on The Spun.","readTimeMin":1,"url":"https://www.msn.com/en-us/sports/nfl/look-alvin-kamara-s-mugshot-has-been-released/ar-AATCg7N?ocid=spartan-dhp-feeds","locale":"en-us","topics":[{"label":"Sports","subLabels":["Preview"],"weight":0.9997665882110596,"feedId":"Y_b09e3e40-000d-454d-87ef-96631d7c9e7c","locale":"en-us"}],"feed":{"id":"Y_b09e3e40-000d-454d-87ef-96631d7c9e7c","feedName":"Sports"},"publishedDateTime":"2022-02-08T16:49:58Z","isFeatured":false,"images":[{"width":775,"height":465,"url":"https://www.bing.com/th?id=ORMS.50a9f840abd6a03b7df809227eeee34b&pid=Wdp","colorSamples":[{"isDarkMode":true,"hexColor":"#2A2A34"},{"isDarkMode":false,"hexColor":"#2A2A34"}]}],"provider":{"id":"BB199c9L","name":"The Spun","logoUrl":"https://img-s-msn-com.akamaized.net/tenant/amp/entityid/AALER5n.img"},"category":"sports","reactionSummary":{"totalCount":27,"subReactionSummaries":[{"totalCount":10,"type":"like"},{"totalCount":8,"type":"love"},{"totalCount":3,"type":"surprised"},{"totalCount":2,"type":"sad"},{"totalCount":2,"type":"angry"},{"totalCount":2,"type":"thinking"}]},"commentSummary":{"totalCount":17,"subCommentSummaries":[{"totalCount":10,"type":"comment"},{"totalCount":7,"type":"reply"}]}},{"id":"AATC0m9","type":"slideshow","title":"Chantel Jeffries in Beachwear Says Hi From Miami","abstract":"Here’s how she stays so fit.","url":"https://www.msn.com/en-us/foodanddrink/foodnews/chantel-jeffries-in-beachwear-says-hi-from-miami/ss-AATC0m9?ocid=spartan-dhp-feeds","locale":"en-us","topics":[{"label":"Health news","weight":0.6911720037460327,"feedId":"Y_e9e6276b-7e2e-437e-8e9c-b45f1de22ba7","locale":"en-us"}],"galleryItemCount":6,"feed":{"id":"Y_e9e6276b-7e2e-437e-8e9c-b45f1de22ba7","feedName":"Health news"},"slides":[{"title":"Chantel Jeffries in Beachwear Says Hi From Miami","body":"<p><span>DJ Chantel Jeffries—aka Ceejay—is steaming up Miami this week, posting photos and videos of her time on the beach. \"80 degrees,\" she captioned her latest one, of her in a rainbow bathing suit. Chantel has some roots in Florida; she attended Florida International University, where she reportedly studied Communication Arts and Fine Arts. How does the 29-year-old stay so fit? Read on to see 5 ways Chantel Jeffries stays in shape and the photos that prove they work—and to get beach-ready yourself, don't miss these essential</span><a rel=\"noopener noreferrer\" href=\"https://celebwell.com/celebrity-swimsuit-photos/?utm_source=msn&utm_medium=feed&utm_campaign=msn-feed\"><span> 30 Best-Ever Celebrity Bathing Suit Photos!</span></a></p>","image":{"width":1200,"height":953,"quality":98,"url":"https://img-s-msn-com.akamaized.net/tenant/amp/entityid/AATC27k.img","attribution":"© Provided by Eat This, Not That!","title":"Chantel Jeffries in Beachwear Says Hi From Miami","caption":"<p><span>DJ Chantel Jeffries—aka Ceejay—is steaming up Miami this week, posting photos and videos of her time on the beach. \"80 degrees,\" she captioned her latest one, of her in a rainbow bathing suit. Chantel has some roots in Florida; she attended Florida International University, where she reportedly studied Communication Arts and Fine Arts. How does the 29-year-old stay so fit? Read on to see 5 ways Chantel Jeffries stays in shape and the photos that prove they work—and to get beach-ready yourself, don't miss these essential</span><a rel=\"noopener noreferrer\" href=\"https://celebwell.com/celebrity-swimsuit-photos/?utm_source=msn&utm_medium=feed&utm_campaign=msn-feed\"><span> 30 Best-Ever Celebrity Bathing Suit Photos!</span></a></p>","focalRegion":{"x1":351,"x2":632,"y1":232,"y2":513},"source":"msn"}},{"title":"1. She Invests Her Energy, Knowing It’s Contagious","body":"<p><span>\"Invest in your energy, invest in your environment. Your environment has a direct impact on your life, so be intentional with it. Surround yourself only with people who contribute to your broth and expansion. All energy is contagious,\" says a quote from BobssBabe.Inc, shared by Chantel on the same day as her swimsuit photo. \"Been on that for a decade,\" says Jeffries.</span></p>","image":{"width":710,"height":1200,"quality":100,"url":"https://img-s-msn-com.akamaized.net/tenant/amp/entityid/AATBXek.img","attribution":"© Provided by Eat This, Not That!","title":"1. She Invests Her Energy, Knowing It’s Contagious","caption":"<p><span>\"Invest in your energy, invest in your environment. Your environment has a direct impact on your life, so be intentional with it. Surround yourself only with people who contribute to your broth and expansion. All energy is contagious,\" says a quote from BobssBabe.Inc, shared by Chantel on the same day as her swimsuit photo. \"Been on that for a decade,\" says Jeffries.</span></p>","source":"msn"}},{"title":"2. This is Her Diet Plan","body":"<p><span>Chanel once photographed her diet plan for a friend and shared it on Twitter with the world. On it was a list of healthy things to heat (avocado, eggs, chicken, greens), a list of things to enjoy in moderation (bananas, berries) and a list of no-nos (rice, bread, high-sugar foods, dairy). It was a perfect balance of lean proteins, healthy fats and foods high in fiber.</span></p>","image":{"width":800,"height":1200,"quality":98,"url":"https://img-s-msn-com.akamaized.net/tenant/amp/entityid/AATC9nS.img","attribution":"© Provided by Eat This, Not That!","title":"2. This is Her Diet Plan","caption":"<p><span>Chanel once photographed her diet plan for a friend and shared it on Twitter with the world. On it was a list of healthy things to heat (avocado, eggs, chicken, greens), a list of things to enjoy in moderation (bananas, berries) and a list of no-nos (rice, bread, high-sugar foods, dairy). It was a perfect balance of lean proteins, healthy fats and foods high in fiber.</span></p>","focalRegion":{"x1":302,"x2":377,"y1":116,"y2":191},"source":"msn"}}],"publishedDateTime":"2022-02-08T14:11:17Z","isFeatured":false,"images":[{"width":1200,"height":953,"url":"https://www.bing.com/th?id=ORMS.feb4c62138da7ed7c0222e18e7f67638&pid=Wdp","focalRegion":{"x1":351,"x2":632,"y1":232,"y2":513}}],"provider":{"id":"BBDtCYz","name":"Celebwell","logoUrl":"https://img-s-msn-com.akamaized.net/tenant/amp/entityid/AAMedqm.img"},"category":"foodanddrink","reactionSummary":{"totalCount":102,"subReactionSummaries":[{"totalCount":59,"type":"like"},{"totalCount":24,"type":"love"},{"totalCount":8,"type":"angry"},{"totalCount":7,"type":"surprised"},{"totalCount":3,"type":"thinking"},{"totalCount":1,"type":"sad"}]},"commentSummary":{"totalCount":5,"subCommentSummaries":[{"totalCount":5,"type":"comment"}]}},{"id":"AATCLVk","type":"article","title":"Ayo Dosunmu is in concussion protocol as the Chicago Bulls are forced to deal with more injuries at point guard","abstract":"The Chicago Bulls are again scrambling for a point guard after Ayo Dosunmu was placed in concussion protocol this week. The rookie was forced to stay home from the team’s Wednesday road game against the Charlotte Hornets. Dosunmu suffered two head-on collisions in Sunday’s loss to the Philadelphia 76ers but started Monday’s loss to the Phoenix Suns. A hard foul by Andre Drummond in the second ...","readTimeMin":2,"url":"https://www.msn.com/en-us/sports/nba/ayo-dosunmu-is-in-concussion-protocol-as-the-chicago-bulls-are-forced-to-deal-with-more-injuries-at-point-guard/ar-AATCLVk?ocid=spartan-dhp-feeds","locale":"en-us","isLocalContent":true,"topics":[{"label":"Chicago","weight":100.0,"feedId":"Y_645976e3-13d3-44f3-8f86-f2aabc50632c","locale":"en-us"},{"label":"Sports","subLabels":["Preview"],"weight":0.949999988079071,"feedId":"Y_b09e3e40-000d-454d-87ef-96631d7c9e7c","locale":"en-us"}],"feed":{"id":"Y_645976e3-13d3-44f3-8f86-f2aabc50632c","feedName":"Chicago"},"publishedDateTime":"2022-02-08T23:27:11Z","isFeatured":false,"images":[{"width":2048,"height":1516,"url":"https://www.bing.com/th?id=ORMS.3f7121178d423005941f6ba86bb3d0bd&pid=Wdp","focalRegion":{"x1":282,"x2":590,"y1":205,"y2":513},"colorSamples":[{"isDarkMode":true,"hexColor":"#382E2E"},{"isDarkMode":false,"hexColor":"#DBD8DA"}]}],"provider":{"id":"AAqaDv","name":"Chicago Tribune","logoUrl":"https://img-s-msn-com.akamaized.net/tenant/amp/entityid/AA60izF.img"},"category":"sports","reactionSummary":{"totalCount":2,"subReactionSummaries":[{"totalCount":1,"type":"like"},{"totalCount":1,"type":"sad"}]},"commentSummary":{"totalCount":0}},{"id":"AATBQhN","type":"article","title":"The Real Reason People Aren't Watching the Olympics","abstract":"Blame children for poor Olympics ratings.","readTimeMin":2,"url":"https://www.msn.com/en-us/entertainment/news/the-real-reason-people-aren-t-watching-the-olympics/ar-AATBQhN?ocid=spartan-dhp-feeds","locale":"en-us","topics":[{"label":"TV","weight":0.8441081643104553,"feedId":"Y_ecf14ace-5910-4da7-a26f-3919270f1200","locale":"en-us"},{"label":"Entertainment","weight":0.8441081643104553,"feedId":"Y_414a7c40-a373-4025-b4ce-e9502e9e17ed","locale":"en-us"}],"feed":{"id":"Y_ecf14ace-5910-4da7-a26f-3919270f1200","feedName":"TV"},"publishedDateTime":"2022-02-08T13:26:33Z","isFeatured":false,"images":[{"width":2880,"height":1620,"url":"https://www.bing.com/th?id=ORMS.90b1783efcf4fcef6357069dafb52988&pid=Wdp","colorSamples":[{"isDarkMode":true,"hexColor":"#ECFCFC"},{"isDarkMode":false,"hexColor":"#ECFCFC"}]}],"provider":{"id":"AAFwrEu","name":"The Big Lead","logoUrl":"https://img-s-msn-com.akamaized.net/tenant/amp/entityid/AAFwUbF.img"},"category":"entertainment","reactionSummary":{"totalCount":679,"subReactionSummaries":[{"totalCount":263,"type":"angry"},{"totalCount":161,"type":"like"},{"totalCount":90,"type":"thinking"},{"totalCount":78,"type":"love"},{"totalCount":70,"type":"surprised"},{"totalCount":17,"type":"sad"}]},"commentSummary":{"totalCount":513,"subCommentSummaries":[{"totalCount":400,"type":"comment"},{"totalCount":113,"type":"reply"}]}},{"id":"AATCfRN","type":"article","title":"Donald Trump Faces Growing GOP Revolt","abstract":"Trump slammed former Vice President Mike Pence last week over his power to reject Electoral College votes on January 6, 2021.","readTimeMin":4,"url":"https://www.msn.com/en-us/news/politics/donald-trump-faces-growing-gop-revolt/ar-AATCfRN?ocid=spartan-dhp-feeds","locale":"en-us","topics":[{"label":"Top News","weight":1.0,"feedId":"Y_8c1db373-86c0-4213-9e06-0bb6deb2a336","locale":"en-us"},{"label":"Politics","weight":0.9383858442306519,"feedId":"Y_bced654c-7e2e-4c63-acb4-f3b3b89bd4e3","locale":"en-us"},{"label":"News","weight":0.9383858442306519,"feedId":"Y_9eb0ac10-32bc-43cf-816e-5beaaf524f7a","locale":"en-us"}],"feed":{"id":"Y_8c1db373-86c0-4213-9e06-0bb6deb2a336","feedName":"Top News"},"publishedDateTime":"2022-02-08T16:23:28Z","isFeatured":false,"images":[{"width":2500,"height":1667,"url":"https://www.bing.com/th?id=ORMS.9954989c88f05d5c3f6d1adf75136c4a&pid=Wdp","focalRegion":{"x1":339,"x2":535,"y1":125,"y2":321},"colorSamples":[{"isDarkMode":true,"hexColor":"#342323"},{"isDarkMode":false,"hexColor":"#342323"}]}],"provider":{"id":"AA2e5M","name":"Newsweek","logoUrl":"https://img-s-msn-com.akamaized.net/tenant/amp/entityid/AA38A54.img"},"category":"news","reactionSummary":{"totalCount":1820,"subReactionSummaries":[{"totalCount":951,"type":"like"},{"totalCount":468,"type":"love"},{"totalCount":237,"type":"angry"},{"totalCount":81,"type":"thinking"},{"totalCount":58,"type":"surprised"},{"totalCount":25,"type":"sad"}]},"commentSummary":{"totalCount":1064,"subCommentSummaries":[{"totalCount":477,"type":"comment"},{"totalCount":587,"type":"reply"}]}},{"id":"AATBBDY","type":"article","title":"China's 'Debt Bomb' Is Going off Under Xi Jinping | Opinion","abstract":"Confidence that China can somehow avoid an impending financial crisis is misplaced.","readTimeMin":4,"url":"https://www.msn.com/en-us/news/world/china-s-debt-bomb-is-going-off-under-xi-jinping-opinion/ar-AATBBDY?ocid=spartan-dhp-feeds","locale":"en-us","topics":[{"label":"News","weight":0.6651552319526672,"feedId":"Y_9eb0ac10-32bc-43cf-816e-5beaaf524f7a","locale":"en-us"},{"label":"World","weight":0.6651552319526672,"feedId":"Y_ee352f2b-a60f-41b3-9b10-4d54b4e7f3f9","locale":"en-us"}],"feed":{"id":"Y_9eb0ac10-32bc-43cf-816e-5beaaf524f7a","feedName":"News"},"publishedDateTime":"2022-02-08T11:30:01Z","isFeatured":false,"images":[{"width":2500,"height":1667,"url":"https://www.bing.com/th?id=ORMS.8fd004f636b402a6d1905cf2dd4954c8&pid=Wdp","focalRegion":{"x1":336,"x2":652,"y1":164,"y2":480},"colorSamples":[{"isDarkMode":true,"hexColor":"#4D482C"},{"isDarkMode":false,"hexColor":"#4D482C"}]}],"provider":{"id":"AA2e5M","name":"Newsweek","logoUrl":"https://img-s-msn-com.akamaized.net/tenant/amp/entityid/AA38A54.img"},"category":"news","reactionSummary":{"totalCount":593,"subReactionSummaries":[{"totalCount":317,"type":"like"},{"totalCount":146,"type":"love"},{"totalCount":48,"type":"thinking"},{"totalCount":37,"type":"angry"},{"totalCount":34,"type":"surprised"},{"totalCount":11,"type":"sad"}]},"commentSummary":{"totalCount":304,"subCommentSummaries":[{"totalCount":140,"type":"comment"},{"totalCount":164,"type":"reply"}]}},{"id":"AATCdNj","type":"article","title":"Howard Stern says Joe Rogan's apology should be 'I'm wrong, and go get the vaccine before you die'","abstract":"Howard Stern has some advice for embattled podcast host Joe Rogan: He should issue an apology saying, \"I'm wrong, and go get the vaccine before you die.\"The SiriusXM host weighed in on the controversy over COVID-19 misinformation on Spotify's \"The Joe Rogan Experience.\"\"The whole thing with Joe Rogan is so silly to me,\" Stern told listeners on Tuesday. \"Even the apology he just should've said, \"You know what? Listen, I'm a comedian... And I...","readTimeMin":2,"url":"https://www.msn.com/en-us/news/politics/howard-stern-says-joe-rogan-s-apology-should-be-i-m-wrong-and-go-get-the-vaccine-before-you-die/ar-AATCdNj?ocid=spartan-dhp-feeds","locale":"en-us","topics":[{"label":"Top News","weight":1.0,"feedId":"Y_8c1db373-86c0-4213-9e06-0bb6deb2a336","locale":"en-us"},{"label":"News","weight":1.0,"feedId":"Y_9eb0ac10-32bc-43cf-816e-5beaaf524f7a","locale":"en-us"},{"label":"Entertainment News","weight":1.0,"feedId":"Y_fd29d629-260e-4efa-9836-feb7169c9841","locale":"en-us"}],"feed":{"id":"Y_8c1db373-86c0-4213-9e06-0bb6deb2a336","feedName":"Top News"},"publishedDateTime":"2022-02-08T17:02:48Z","isFeatured":false,"images":[{"width":980,"height":551,"url":"https://www.bing.com/th?id=ORMS.6226e357ce66c4fc067b54bb35ca91b9&pid=Wdp","focalRegion":{"x1":408,"x2":505,"y1":144,"y2":241},"colorSamples":[{"isDarkMode":true,"hexColor":"#2A2A34"},{"isDarkMode":false,"hexColor":"#2A2A34"}]}],"provider":{"id":"BB5lUEX","name":"The Hill","logoUrl":"https://img-s-msn-com.akamaized.net/tenant/amp/entityid/BBUvpML.img"},"category":"news","reactionSummary":{"totalCount":1667,"subReactionSummaries":[{"totalCount":1087,"type":"angry"},{"totalCount":370,"type":"like"},{"totalCount":129,"type":"love"},{"totalCount":38,"type":"thinking"},{"totalCount":28,"type":"sad"},{"totalCount":15,"type":"surprised"}]},"commentSummary":{"totalCount":0}},{"id":"AATClDk","type":"article","title":"Lakers Have Reportedly Made Trade Offer To Celtics","abstract":"With the NBA trade deadline just two days away, the Boston Celtics and Los Angeles Lakers could potentially strike a deal. According to Brian Robb of MassLive, the Lakers have offered the Celtics a future pick and Talen Horton-Tucker in exchange for Josh Richardson. Robb’s latest report states that Los Angeles has been shopping a […] The post Lakers Have Reportedly Made Trade Offer To Celtics appeared first on The Spun.","readTimeMin":2,"url":"https://www.msn.com/en-us/sports/nba/lakers-have-reportedly-made-trade-offer-to-celtics/ar-AATClDk?ocid=spartan-dhp-feeds","locale":"en-us","topics":[{"label":"Sports","subLabels":["Preview"],"weight":0.9991374611854553,"feedId":"Y_b09e3e40-000d-454d-87ef-96631d7c9e7c","locale":"en-us"}],"feed":{"id":"Y_b09e3e40-000d-454d-87ef-96631d7c9e7c","feedName":"Sports"},"publishedDateTime":"2022-02-08T18:36:19Z","isFeatured":false,"images":[{"width":775,"height":465,"url":"https://www.bing.com/th?id=ORMS.50fc29713ebf7fffff3cc73bb0d9c453&pid=Wdp","colorSamples":[{"isDarkMode":true,"hexColor":"#E8D5B5"},{"isDarkMode":false,"hexColor":"#E8D5B5"}]}],"provider":{"id":"BB199c9L","name":"The Spun","logoUrl":"https://img-s-msn-com.akamaized.net/tenant/amp/entityid/AALER5n.img"},"category":"sports","reactionSummary":{"totalCount":43,"subReactionSummaries":[{"totalCount":25,"type":"like"},{"totalCount":13,"type":"love"},{"totalCount":3,"type":"surprised"},{"totalCount":1,"type":"angry"},{"totalCount":1,"type":"thinking"}]},"commentSummary":{"totalCount":6,"subCommentSummaries":[{"totalCount":5,"type":"comment"},{"totalCount":1,"type":"reply"}]}},{"id":"AATBJnA","type":"article","title":"Illinois school mask mandate ruling sends districts into chaos, suburban parents plan protests","abstract":"Parents planned a protest in Glenview Tuesday, after an Illinois judge's ruling forced many schools Monday to decide whether to continue with a mask mandate or to make them optional. Emotions across the state are running high. Some school districts kept their mask rules in place, while others made them optional, as COVID cases decline nationwide. A...","readTimeMin":5,"url":"https://www.msn.com/en-us/lifestyle/parenting/illinois-school-mask-mandate-ruling-sends-districts-into-chaos-suburban-parents-plan-protests/ar-AATBJnA?ocid=spartan-dhp-feeds","locale":"en-us","isLocalContent":true,"topics":[{"label":"Chicago","weight":100.0,"feedId":"Y_645976e3-13d3-44f3-8f86-f2aabc50632c","locale":"en-us"}],"feed":{"id":"Y_645976e3-13d3-44f3-8f86-f2aabc50632c","feedName":"Chicago"},"publishedDateTime":"2022-02-09T02:22:41Z","isFeatured":false,"images":[{"width":1280,"height":720,"url":"https://www.bing.com/th?id=ORMS.56ccc56eae9cf397e400116ba2665e76&pid=Wdp"}],"provider":{"id":"AAEoTeH","name":"ABC 7 Chicago","logoUrl":"https://img-s-msn-com.akamaized.net/tenant/amp/entityid/AAEHzYw.img"},"category":"lifestyle","reactionSummary":{"totalCount":34,"subReactionSummaries":[{"totalCount":22,"type":"like"},{"totalCount":7,"type":"love"},{"totalCount":3,"type":"angry"},{"totalCount":1,"type":"sad"},{"totalCount":1,"type":"thinking"}]},"commentSummary":{"totalCount":0}},{"id":"AATCj79","type":"article","title":"A Olympics hockey referee got her face slashed during the USA-Canada match and needed stitches but returned to finish the game","abstract":"Winter Olympics official Cianna Lieffers had to come off the ice because of excessive bleeding, after suffering a nasty cut in a hockey grudge match.","readTimeMin":2,"url":"https://www.msn.com/en-us/sports/winter-olympics/a-olympics-hockey-referee-got-her-face-slashed-during-the-usa-canada-match-and-needed-stitches-but-returned-to-finish-the-game/ar-AATCj79?ocid=spartan-dhp-feeds","locale":"en-us","topics":[{"label":"NHL","weight":1.0,"feedId":"Y_9c5f2369-a7c5-4eb4-abde-786acd28121f","locale":"en-us"}],"feed":{"id":"Y_9c5f2369-a7c5-4eb4-abde-786acd28121f","feedName":"NHL"},"publishedDateTime":"2022-02-08T16:58:14Z","isFeatured":false,"images":[{"width":1790,"height":1342,"url":"https://www.bing.com/th?id=ORMS.f2ab63cc6eb9f89aa35c40b637169f92&pid=Wdp","focalRegion":{"x1":319,"x2":705,"y1":236,"y2":373},"colorSamples":[{"isDarkMode":true,"hexColor":"#324D73"},{"isDarkMode":false,"hexColor":"#324D73"}]}],"provider":{"id":"BBmKCAX","name":"INSIDER","logoUrl":"https://img-s-msn-com.akamaized.net/tenant/amp/entityid/BB10dZNR.img"},"category":"sports","reactionSummary":{"totalCount":17,"subReactionSummaries":[{"totalCount":8,"type":"like"},{"totalCount":4,"type":"surprised"},{"totalCount":2,"type":"love"},{"totalCount":2,"type":"angry"},{"totalCount":1,"type":"sad"}]},"commentSummary":{"totalCount":1,"subCommentSummaries":[{"totalCount":1,"type":"comment"}]}},{"id":"AATCaae","type":"video","title":"CDC Warnings and Cruise Travel","abstract":"CDC warnings may make travel insurance complicated.","url":"https://www.msn.com/en-us/travel/news/cdc-warnings-and-cruise-travel/vi-AATCaae?ocid=spartan-dhp-feeds","locale":"en-us","topics":[{"label":"Travel news","weight":0.48895078897476196,"feedId":"Y_d659302d-5ac4-460a-9baa-8c8684761110","locale":"en-us"}],"videoMetadata":{"playTime":60,"closedCaptions":[]},"externalVideoFiles":[],"feed":{"id":"Y_d659302d-5ac4-460a-9baa-8c8684761110","feedName":"Travel news"},"publishedDateTime":"2022-02-08T15:09:04Z","isFeatured":false,"images":[{"width":1280,"height":720,"url":"https://www.bing.com/th?id=ORMS.028c82c102392742afcf5312923b8f43&pid=Wdp","colorSamples":[{"isDarkMode":true,"hexColor":"#1C5777"},{"isDarkMode":false,"hexColor":"#1C5777"}]}],"provider":{"id":"BBhFXKH","name":"Dailymotion","logoUrl":"https://img-s-msn-com.akamaized.net/tenant/amp/entityid/AALo3og.img"},"category":"travel","reactionSummary":{"totalCount":26,"subReactionSummaries":[{"totalCount":13,"type":"like"},{"totalCount":6,"type":"thinking"},{"totalCount":3,"type":"love"},{"totalCount":3,"type":"angry"},{"totalCount":1,"type":"surprised"}]},"commentSummary":{"totalCount":0}},{"id":"AATCPzq","type":"article","title":"Jennifer Aniston Just Debuted Bangs, And She Looks Incredible","abstract":"New movie, new look.","readTimeMin":2,"url":"https://www.msn.com/en-us/lifestyle/beauty/jennifer-aniston-just-debuted-bangs-and-she-looks-incredible/ar-AATCPzq?ocid=spartan-dhp-feeds","locale":"en-us","topics":[{"label":"Lifestyle","weight":1.0,"feedId":"Y_99096e96-6d4f-401c-832b-461e08143a5a","locale":"en-us"},{"label":"Beauty","weight":0.941195011138916,"feedId":"Y_8518e904-4ae6-4fff-89b7-70edfedba734","locale":"en-us"},{"label":"Fashion & Beauty","weight":0.941195011138916,"feedId":"Y_4e75bf60-6400-407a-bfaf-f9dfd265e6a9","locale":"en-us"}],"feed":{"id":"Y_99096e96-6d4f-401c-832b-461e08143a5a","feedName":"Lifestyle"},"publishedDateTime":"2022-02-08T21:05:37Z","isFeatured":false,"images":[{"width":3731,"height":3162,"url":"https://www.bing.com/th?id=ORMS.cdbb49c14fd6e4413744935afd840c3e&pid=Wdp","focalRegion":{"x1":331,"x2":517,"y1":158,"y2":345},"colorSamples":[{"isDarkMode":true,"hexColor":"#DADBE7"},{"isDarkMode":false,"hexColor":"#DADBE7"}]}],"provider":{"id":"AA5cLxR","name":"Glamour","logoUrl":"https://img-s-msn-com.akamaized.net/tenant/amp/entityid/AAwiMCQ.img"},"category":"lifestyle","reactionSummary":{"totalCount":371,"subReactionSummaries":[{"totalCount":191,"type":"like"},{"totalCount":92,"type":"love"},{"totalCount":38,"type":"angry"},{"totalCount":24,"type":"surprised"},{"totalCount":20,"type":"thinking"},{"totalCount":6,"type":"sad"}]},"commentSummary":{"totalCount":26,"subCommentSummaries":[{"totalCount":21,"type":"comment"},{"totalCount":5,"type":"reply"}]}},{"id":"AATDyrw","type":"video","title":"SoftBank's plan to take Arm public was viewed positively, says investment group","abstract":"Oliver Matthew of CLSA discusses Arm's planned IPO after SoftBank's sale of Arm to Nvidia collapsed.","url":"https://www.msn.com/en-us/money/news/softbank-s-plan-to-take-arm-public-was-viewed-positively-says-investment-group/vi-AATDyrw?ocid=spartan-dhp-feeds","locale":"en-us","topics":[{"label":"Money","weight":0.5040221810340881,"feedId":"Y_f714b6e2-e9db-41d0-9b5f-b2e0a52f85da","locale":"en-us"},{"label":"Business","weight":0.5040221810340881,"feedId":"Y_367b7be1-6bd2-44e7-95b3-b0d077ccc28d","locale":"en-us"}],"videoMetadata":{"playTime":139,"closedCaptions":[{"locale":"en-us","href":"https://prod-video-cms-amp-microsoft-com.akamaized.net/tenant/amp/entityid/AATDyrw?blobrefkey=closedcaptionen-us&$blob=1"}]},"externalVideoFiles":[{"url":"https://prod-streaming-video-msn-com.akamaized.net/08b9d958-e493-4d10-befa-861258be4ad8/72da62bd-a4a3-44e5-b5de-975ddf6cbff2.mp4","contentType":"video/mp4","fileSize":19325105},{"url":"https://prod-streaming-video-msn-com.akamaized.net/9c0ff94f-d67f-4434-bcb9-c92e67b1dfd6/72da62bd-a4a3-44e5-b5de-975ddf6c.ism/manifest","width":640,"height":360},{"url":"https://prod-streaming-video-msn-com.akamaized.net/9c0ff94f-d67f-4434-bcb9-c92e67b1dfd6/72da62bd-a4a3-44e5-b5de-975ddf6c.ism/manifest(format=m3u8-aapl)","width":640,"height":360},{"url":"https://prod-streaming-video-msn-com.akamaized.net/9c0ff94f-d67f-4434-bcb9-c92e67b1dfd6/72da62bd-a4a3-44e5-b5de-975ddf6c.ism/manifest(format=mpd-time-csf)","width":640,"height":360},{"url":"https://prod-streaming-video-msn-com.akamaized.net/9c0ff94f-d67f-4434-bcb9-c92e67b1dfd6/72da62bd-a4a3-44e5-b5de-975ddf6c_650.mp4","width":640,"height":360,"contentType":"video/mp4","fileSize":13308291}],"feed":{"id":"Y_f714b6e2-e9db-41d0-9b5f-b2e0a52f85da","feedName":"Money"},"publishedDateTime":"2022-02-09T06:42:25Z","isFeatured":false,"images":[{"width":1910,"height":1000,"url":"https://www.bing.com/th?id=ORMS.b2bc5977a7fe660ee130fc476278ae49&pid=Wdp","focalRegion":{"x1":436,"x2":623,"y1":121,"y2":308},"colorSamples":[{"isDarkMode":true,"hexColor":"#DBDBCB"},{"isDarkMode":false,"hexColor":"#DBDBCB"}]}],"provider":{"id":"AAnPvW","name":"CNBC","logoUrl":"https://img-s-msn-com.akamaized.net/tenant/amp/entityid/AAADLcm.img"},"category":"money","reactionSummary":{"totalCount":0},"commentSummary":{"totalCount":0}},{"id":"AATCMX7","type":"article","title":"Ex-Patriots Quarterback Says Tom Brady Wants To Play For 1 Other Team","abstract":"Tom Brady’s playing days are over, right? In the words of the legendary Lee Corso: “Not so fast, my friend!” There’s a belief within NFL circles that if Brady did return to the NFL, he wouldn’t want to play for the Tampa Bay Buccaneers again. The only issue is Brady is still contractually obligated to […] The post Ex-Patriots Quarterback Says Tom Brady Wants To Play For 1 Other Team appeared first on The Spun.","readTimeMin":2,"url":"https://www.msn.com/en-us/sports/nfl/ex-patriots-quarterback-says-tom-brady-wants-to-play-for-1-other-team/ar-AATCMX7?ocid=spartan-dhp-feeds","locale":"en-us","topics":[{"label":"Sports","weight":0.9996578693389893,"feedId":"Y_b09e3e40-000d-454d-87ef-96631d7c9e7c","locale":"en-us"}],"feed":{"id":"Y_b09e3e40-000d-454d-87ef-96631d7c9e7c","feedName":"Sports"},"publishedDateTime":"2022-02-08T21:15:04Z","isFeatured":false,"images":[{"width":775,"height":465,"url":"https://www.bing.com/th?id=ORMS.7b7a82241bc3d72e8f8263d0d1ad3252&pid=Wdp","colorSamples":[{"isDarkMode":true,"hexColor":"#6D3C49"},{"isDarkMode":false,"hexColor":"#6D3C49"}]}],"provider":{"id":"BB199c9L","name":"The Spun","logoUrl":"https://img-s-msn-com.akamaized.net/tenant/amp/entityid/AALER5n.img"},"category":"sports","reactionSummary":{"totalCount":260,"subReactionSummaries":[{"totalCount":158,"type":"like"},{"totalCount":44,"type":"love"},{"totalCount":24,"type":"angry"},{"totalCount":22,"type":"surprised"},{"totalCount":6,"type":"sad"},{"totalCount":6,"type":"thinking"}]},"commentSummary":{"totalCount":59,"subCommentSummaries":[{"totalCount":39,"type":"comment"},{"totalCount":20,"type":"reply"}]}},{"id":"AATCPHl","type":"article","title":"This suburban community tops list of safest small towns and cities, according to study","abstract":"(NEXSTAR) – Small towns are often idealized as family-friendly, safe havens of comfortable living. But does the reality live up to the perfect image? MoneyGeek had researchers analyze FBI crime data of smaller towns and cities where the population is between 30,000 and 100,000. They used the crime data to calculate the cost of crime in each area. T...","readTimeMin":2,"url":"https://www.msn.com/en-us/news/us/this-suburban-community-tops-list-of-safest-small-towns-and-cities-according-to-study/ar-AATCPHl?ocid=spartan-dhp-feeds","locale":"en-us","isLocalContent":true,"topics":[{"label":"Chicago","weight":100.0,"feedId":"Y_645976e3-13d3-44f3-8f86-f2aabc50632c","locale":"en-us"},{"label":"News","weight":0.8265911936759949,"feedId":"Y_9eb0ac10-32bc-43cf-816e-5beaaf524f7a","locale":"en-us"},{"label":"US","weight":0.8265911936759949,"feedId":"Y_a3b33cc2-2c47-48ba-a975-4b87b597644b","locale":"en-us"},{"label":"Travel news","weight":0.19174881279468536,"feedId":"Y_d659302d-5ac4-460a-9baa-8c8684761110","locale":"en-us"}],"feed":{"id":"Y_645976e3-13d3-44f3-8f86-f2aabc50632c","feedName":"Chicago"},"publishedDateTime":"2022-02-08T20:49:35Z","isFeatured":false,"images":[{"width":899,"height":675,"url":"https://www.bing.com/th?id=ORMS.955317bf4de9a5eb7b3158e6cb69ae65&pid=Wdp"}],"provider":{"id":"BBQzoE0","name":"WGN-TV Chicago","logoUrl":"https://img-s-msn-com.akamaized.net/tenant/amp/entityid/BBTUWkq.img"},"category":"news","reactionSummary":{"totalCount":8,"subReactionSummaries":[{"totalCount":4,"type":"like"},{"totalCount":2,"type":"surprised"},{"totalCount":1,"type":"love"},{"totalCount":1,"type":"sad"}]},"commentSummary":{"totalCount":0}},{"id":"AATD5sN","type":"article","title":"Single mother faces prison for letting her 14 year old babysit","abstract":"Melissa Henderson, a single mother of five, is charged with criminal reckless conduct after she left her children under the care of her 14-year-old daughter when she had to return to work in May 2020","readTimeMin":4,"url":"https://www.msn.com/en-us/news/crime/single-mother-faces-prison-for-letting-her-14-year-old-babysit/ar-AATD5sN?ocid=spartan-dhp-feeds","locale":"en-us","topics":[{"label":"Top News","weight":1.0,"feedId":"Y_8c1db373-86c0-4213-9e06-0bb6deb2a336","locale":"en-us"},{"label":"News","weight":0.7211232781410217,"feedId":"Y_9eb0ac10-32bc-43cf-816e-5beaaf524f7a","locale":"en-us"},{"label":"Crime","weight":0.7211232781410217,"feedId":"Y_6f320357-0418-4bb0-a654-f5ba77f31552","locale":"en-us"}],"feed":{"id":"Y_8c1db373-86c0-4213-9e06-0bb6deb2a336","feedName":"Top News"},"publishedDateTime":"2022-02-08T23:59:40Z","isFeatured":false,"images":[{"width":1908,"height":1146,"url":"https://www.bing.com/th?id=ORMS.1765cebf27230ac3472c373d0e5e09f8&pid=Wdp","focalRegion":{"x1":104,"x2":929,"y1":49,"y2":344},"colorSamples":[{"isDarkMode":true,"hexColor":"#422A31"},{"isDarkMode":false,"hexColor":"#422A31"}]}],"provider":{"id":"AAuyR5X","name":"Daily Mail","logoUrl":"https://img-s-msn-com.akamaized.net/tenant/amp/entityid/AAvcS6D.img"},"category":"news","reactionSummary":{"totalCount":427,"subReactionSummaries":[{"totalCount":221,"type":"angry"},{"totalCount":92,"type":"like"},{"totalCount":35,"type":"love"},{"totalCount":34,"type":"surprised"},{"totalCount":32,"type":"sad"},{"totalCount":13,"type":"thinking"}]},"commentSummary":{"totalCount":213,"subCommentSummaries":[{"totalCount":153,"type":"comment"},{"totalCount":60,"type":"reply"}]}},{"id":"AATCA87","type":"article","title":"'Jeopardy!' Fans Exchange Words Over Mayim Bialik's Return and Ken Jennings Leaving","abstract":"Folks are not happy about the sudden change.","readTimeMin":3,"url":"https://www.msn.com/en-us/tv/celebrity/jeopardy-fans-exchange-words-over-mayim-bialik-s-return-and-ken-jennings-leaving/ar-AATCA87?ocid=spartan-dhp-feeds","locale":"en-us","topics":[],"feed":{"feedName":"news"},"publishedDateTime":"2022-02-08T18:37:00Z","isFeatured":false,"images":[{"width":1200,"height":599,"url":"https://www.bing.com/th?id=ORMS.16171b144f37a6cd86e6bc0572d870de&pid=Wdp","focalRegion":{"x1":176,"x2":814,"y1":76,"y2":206},"colorSamples":[{"isDarkMode":true,"hexColor":"#292A31"},{"isDarkMode":false,"hexColor":"#292A31"}]}],"provider":{"id":"AA99JpX","name":"House Beautiful","logoUrl":"https://img-s-msn-com.akamaized.net/tenant/amp/entityid/AAIhduI.img"},"category":"tv","reactionSummary":{"totalCount":104,"subReactionSummaries":[{"totalCount":49,"type":"like"},{"totalCount":18,"type":"angry"},{"totalCount":13,"type":"surprised"},{"totalCount":11,"type":"love"},{"totalCount":7,"type":"thinking"},{"totalCount":6,"type":"sad"}]},"commentSummary":{"totalCount":32,"subCommentSummaries":[{"totalCount":21,"type":"comment"},{"totalCount":11,"type":"reply"}]}},{"id":"AATCgsd","type":"article","title":"Wild Theories Swirl After Plane Passenger Spots 'Dementor' Shape in the Sky","abstract":"Responding to accusations a video may have been faked, Zoë Montoya shared a follow-up, saying, \"Yeah bestie this is definitely my own video I took yesterday.\"","readTimeMin":4,"url":"https://www.msn.com/en-us/news/us/wild-theories-swirl-after-plane-passenger-spots-dementor-shape-in-the-sky/ar-AATCgsd?ocid=spartan-dhp-feeds","locale":"en-us","topics":[{"label":"Top News","weight":1.0,"feedId":"Y_8c1db373-86c0-4213-9e06-0bb6deb2a336","locale":"en-us"},{"label":"News","weight":0.8923355937004089,"feedId":"Y_9eb0ac10-32bc-43cf-816e-5beaaf524f7a","locale":"en-us"},{"label":"US","weight":0.8923355937004089,"feedId":"Y_a3b33cc2-2c47-48ba-a975-4b87b597644b","locale":"en-us"}],"feed":{"id":"Y_8c1db373-86c0-4213-9e06-0bb6deb2a336","feedName":"Top News"},"publishedDateTime":"2022-02-08T16:53:15Z","isFeatured":false,"images":[{"width":2400,"height":1600,"url":"https://www.bing.com/th?id=ORMS.1cbc02f14d4f4f781b60dbac061e44e0&pid=Wdp","colorSamples":[{"isDarkMode":true,"hexColor":"#23232D"},{"isDarkMode":false,"hexColor":"#23232D"}]}],"provider":{"id":"AA2e5M","name":"Newsweek","logoUrl":"https://img-s-msn-com.akamaized.net/tenant/amp/entityid/AA38A54.img"},"category":"news","reactionSummary":{"totalCount":1471,"subReactionSummaries":[{"totalCount":750,"type":"like"},{"totalCount":346,"type":"love"},{"totalCount":229,"type":"surprised"},{"totalCount":102,"type":"thinking"},{"totalCount":27,"type":"angry"},{"totalCount":17,"type":"sad"}]},"commentSummary":{"totalCount":323,"subCommentSummaries":[{"totalCount":185,"type":"comment"},{"totalCount":138,"type":"reply"}]}},{"id":"AATCZDK","type":"article","title":"School District in Chaos After New Conservative Board Suddenly Cans Superintendent","abstract":"Hundreds of students in Douglas County, Colorado, staged a walkout this week, abandoning their classrooms in protest of the firing of the district’s superintendent, who was allegedly told by the school board’s new conservative majority late last month to resign or face removal. Students filed out of classrooms chanting “equity for all,” “support our staff,” and “Justice for Corey” after the Douglas County School Board voted during a special...","readTimeMin":5,"url":"https://www.msn.com/en-us/news/us/school-district-in-chaos-after-new-conservative-board-suddenly-cans-superintendent/ar-AATCZDK?ocid=spartan-dhp-feeds","locale":"en-us","topics":[{"label":"Top News","weight":1.0,"feedId":"Y_8c1db373-86c0-4213-9e06-0bb6deb2a336","locale":"en-us"},{"label":"News","weight":0.9375895857810974,"feedId":"Y_9eb0ac10-32bc-43cf-816e-5beaaf524f7a","locale":"en-us"},{"label":"US","weight":0.9375895857810974,"feedId":"Y_a3b33cc2-2c47-48ba-a975-4b87b597644b","locale":"en-us"}],"feed":{"id":"Y_8c1db373-86c0-4213-9e06-0bb6deb2a336","feedName":"Top News"},"publishedDateTime":"2022-02-08T23:11:27Z","isFeatured":false,"images":[{"width":1170,"height":658,"url":"https://www.bing.com/th?id=ORMS.00aecd19ee7ac4b56a76eb9a94fd8c0e&pid=Wdp","focalRegion":{"x1":352,"x2":485,"y1":114,"y2":247},"colorSamples":[{"isDarkMode":true,"hexColor":"#544737"},{"isDarkMode":false,"hexColor":"#544737"}]}],"provider":{"id":"AAqkrW","name":"The Daily Beast","logoUrl":"https://img-s-msn-com.akamaized.net/tenant/amp/entityid/AAg0OiN.img"},"category":"news","reactionSummary":{"totalCount":458,"subReactionSummaries":[{"totalCount":233,"type":"like"},{"totalCount":100,"type":"angry"},{"totalCount":81,"type":"love"},{"totalCount":20,"type":"thinking"},{"totalCount":12,"type":"surprised"},{"totalCount":12,"type":"sad"}]},"commentSummary":{"totalCount":413,"subCommentSummaries":[{"totalCount":125,"type":"comment"},{"totalCount":288,"type":"reply"}]}},{"id":"AATBrsi","type":"article","title":"5 Growth Stocks Down 58% to 88% That Are Screaming Buys as the Market Corrects Lower","abstract":"Market crashes and corrections are the perfect time for investors to pounce on these deals.","readTimeMin":6,"url":"https://www.msn.com/en-us/money/topstocks/5-growth-stocks-down-58-to-88-that-are-screaming-buys-as-the-market-corrects-lower/ar-AATBrsi?ocid=spartan-dhp-feeds","locale":"en-us","topics":[{"label":"Business","weight":0.6709742546081543,"feedId":"Y_367b7be1-6bd2-44e7-95b3-b0d077ccc28d","locale":"en-us"},{"label":"Money","weight":0.6709742546081543,"feedId":"Y_f714b6e2-e9db-41d0-9b5f-b2e0a52f85da","locale":"en-us"}],"feed":{"id":"Y_367b7be1-6bd2-44e7-95b3-b0d077ccc28d","feedName":"Business"},"publishedDateTime":"2022-02-08T10:06:00Z","isFeatured":false,"images":[{"width":2121,"height":1414,"url":"https://www.bing.com/th?id=ORMS.23e4cc07700375fb7188dfef7fed70c5&pid=Wdp","colorSamples":[{"isDarkMode":true,"hexColor":"#DCE4E4"},{"isDarkMode":false,"hexColor":"#DCE4E4"}]}],"provider":{"id":"AA1xXxH","name":"The Motley Fool","logoUrl":"https://img-s-msn-com.akamaized.net/tenant/amp/entityid/BB16ZxBg.img"},"category":"money","reactionSummary":{"totalCount":5,"subReactionSummaries":[{"totalCount":4,"type":"like"},{"totalCount":1,"type":"love"}]},"commentSummary":{"totalCount":0}},{"id":"AATCMmP","type":"article","title":"Grading the Matt Eberflus hire","abstract":"Now that all nine NFL teams that were looking for a new head coach has hired — or reported to have hired — their guy, SB Nation has graded each team’s new head coach addition. The hit rate on immediate grades in regards to any sports topic is usually around 1% (trust me the math checks out), but that doesn’t stop anyone from compiling them or complaining about them. Whether it be grades about coaching hires, GM hires, drafts, free agency, or...","readTimeMin":2,"url":"https://www.msn.com/en-us/sports/nfl/grading-the-matt-eberflus-hire/ar-AATCMmP?ocid=spartan-dhp-feeds","locale":"en-us","isLocalContent":true,"topics":[{"label":"Chicago","weight":100.0,"feedId":"Y_645976e3-13d3-44f3-8f86-f2aabc50632c","locale":"en-us"},{"label":"Sports","subLabels":["Preview"],"weight":0.9949045181274414,"feedId":"Y_b09e3e40-000d-454d-87ef-96631d7c9e7c","locale":"en-us"}],"feed":{"id":"Y_645976e3-13d3-44f3-8f86-f2aabc50632c","feedName":"Chicago"},"publishedDateTime":"2022-02-08T20:00:00Z","isFeatured":false,"images":[{"width":1920,"height":1080,"url":"https://www.bing.com/th?id=ORMS.dee96dc1a527985ba98da8901cea0231&pid=Wdp","focalRegion":{"x1":494,"x2":611,"y1":115,"y2":232}}],"provider":{"id":"AAjyO4","name":"SB Nation","logoUrl":"https://img-s-msn-com.akamaized.net/tenant/amp/entityid/BBACBCB.img"},"category":"sports","reactionSummary":{"totalCount":2,"subReactionSummaries":[{"totalCount":2,"type":"love"}]},"commentSummary":{"totalCount":2,"subCommentSummaries":[{"totalCount":1,"type":"comment"},{"totalCount":1,"type":"reply"}]}},{"id":"AATBXuK","type":"article","title":"Northrop Grumman Offers Navy a Missile Defense System With Infinite Ammo","abstract":"SEWIP Block 3 could be worth billions of dollars in revenues for the giant defense contractor -- and generate more than $1 billion in profit for it.","readTimeMin":4,"url":"https://www.msn.com/en-us/money/companies/northrop-grumman-offers-navy-a-missile-defense-system-with-infinite-ammo/ar-AATBXuK?ocid=spartan-dhp-feeds","locale":"en-us","topics":[{"label":"Money","weight":0.6873067021369934,"feedId":"Y_f714b6e2-e9db-41d0-9b5f-b2e0a52f85da","locale":"en-us"},{"label":"Business","weight":0.6873067021369934,"feedId":"Y_367b7be1-6bd2-44e7-95b3-b0d077ccc28d","locale":"en-us"},{"label":"Fortune 500","weight":0.6873067021369934,"feedId":"Y_66aab8cd-65a4-477c-b208-d18459ad42e4","locale":"en-us"}],"feed":{"id":"Y_f714b6e2-e9db-41d0-9b5f-b2e0a52f85da","feedName":"Money"},"publishedDateTime":"2022-02-08T14:47:00Z","isFeatured":false,"images":[{"width":1699,"height":529,"url":"https://www.bing.com/th?id=ORMS.a2027120ddfcfeeea1901f773f8b6b4e&pid=Wdp","colorSamples":[{"isDarkMode":true,"hexColor":"#24344C"},{"isDarkMode":false,"hexColor":"#24344C"}]}],"provider":{"id":"AA1xXxH","name":"The Motley Fool","logoUrl":"https://img-s-msn-com.akamaized.net/tenant/amp/entityid/BB16ZxBg.img"},"category":"money","reactionSummary":{"totalCount":355,"subReactionSummaries":[{"totalCount":193,"type":"like"},{"totalCount":84,"type":"love"},{"totalCount":38,"type":"thinking"},{"totalCount":28,"type":"surprised"},{"totalCount":10,"type":"angry"},{"totalCount":2,"type":"sad"}]},"commentSummary":{"totalCount":90,"subCommentSummaries":[{"totalCount":34,"type":"comment"},{"totalCount":56,"type":"reply"}]}},{"id":"AATdJU3","type":"video","title":"Lawmakers urge President Biden to cancel up to $50,000 in student debt","abstract":"More than 80 lawmakers wrote to President Biden to get the administration's memo on executive federal student loan cancellation authority. They also requested Biden forgive at least $50,000 in student loans per borrower.","url":"https://www.msn.com/en-us/money/other/lawmakers-urge-president-biden-to-cancel-up-to-50-000-in-student-debt/vi-AATdJU3?ocid=spartan-dhp-feeds","locale":"en-us","topics":[{"label":"Top Video","weight":1.0,"feedId":"Y_5abbb9ed-c7f6-46ef-9694-5bcd3aa68599","locale":"en-us"},{"label":"News","weight":0.4417971968650818,"feedId":"Y_9eb0ac10-32bc-43cf-816e-5beaaf524f7a","locale":"en-us"}],"videoMetadata":{"playTime":66,"closedCaptions":[{"locale":"en-us","href":"https://prod-video-cms-amp-microsoft-com.akamaized.net/tenant/amp/entityid/AATdJU3?blobrefkey=closedcaptionen-us&$blob=1"}]},"externalVideoFiles":[{"url":"https://prod-streaming-video-msn-com.akamaized.net/5e04bec5-0bfb-45e7-a7b8-447417826cde/175e11d1-14a8-488a-8342-38ba5df0316d.mp4","contentType":"video/mp4","fileSize":9184534},{"url":"https://prod-streaming-video-msn-com.akamaized.net/86b0cc28-23b4-4ebc-8f9a-67329c5293fc/175e11d1-14a8-488a-8342-38ba5df0.ism/manifest","width":640,"height":360},{"url":"https://prod-streaming-video-msn-com.akamaized.net/86b0cc28-23b4-4ebc-8f9a-67329c5293fc/175e11d1-14a8-488a-8342-38ba5df0.ism/manifest(format=m3u8-aapl)","width":640,"height":360},{"url":"https://prod-streaming-video-msn-com.akamaized.net/86b0cc28-23b4-4ebc-8f9a-67329c5293fc/175e11d1-14a8-488a-8342-38ba5df0.ism/manifest(format=mpd-time-csf)","width":640,"height":360},{"url":"https://prod-streaming-video-msn-com.akamaized.net/86b0cc28-23b4-4ebc-8f9a-67329c5293fc/175e11d1-14a8-488a-8342-38ba5df0_650.mp4","width":640,"height":360,"contentType":"video/mp4","fileSize":5937887}],"feed":{"id":"Y_5abbb9ed-c7f6-46ef-9694-5bcd3aa68599","feedName":"Top Video"},"publishedDateTime":"2022-02-08T19:04:21Z","isFeatured":false,"images":[{"width":1910,"height":1000,"url":"https://www.bing.com/th?id=ORMS.2eedf97f5a5377b1b872269ac63bae49&pid=Wdp"}],"provider":{"id":"AAnPvW","name":"CNBC","logoUrl":"https://img-s-msn-com.akamaized.net/tenant/amp/entityid/AAADLcm.img"},"category":"money","reactionSummary":{"totalCount":94,"subReactionSummaries":[{"totalCount":43,"type":"like"},{"totalCount":37,"type":"angry"},{"totalCount":12,"type":"love"},{"totalCount":2,"type":"thinking"}]},"commentSummary":{"totalCount":0}},{"id":"AATCzqY","type":"article","title":"Drug Sting Arrest","abstract":"HUMBOLDT COUNTY, Calif. (KIEM) A big undercover drug-sting operation by Humboldt County Authorities has led to numerous arrests and the confiscation of a mobile drug emporium. Those arrested included, Timothy Kane and Teresa Tzanetopoulos, who were allegedly dealing meth in Old Town Eureka. In Southern Humboldt, three more people, Brian Pemberton, Catherine Vera, and Brian […] The post Drug Sting Arrest appeared first on KIEM-TV | Redwood News.","readTimeMin":1,"url":"https://www.msn.com/en-us/news/crime/drug-sting-arrest/ar-AATCzqY?ocid=spartan-dhp-feeds","locale":"en-us","topics":[{"label":"News","weight":0.833540141582489,"feedId":"Y_9eb0ac10-32bc-43cf-816e-5beaaf524f7a","locale":"en-us"},{"label":"Crime","weight":0.833540141582489,"feedId":"Y_6f320357-0418-4bb0-a654-f5ba77f31552","locale":"en-us"}],"feed":{"id":"Y_9eb0ac10-32bc-43cf-816e-5beaaf524f7a","feedName":"News"},"publishedDateTime":"2022-02-08T17:56:40Z","isFeatured":false,"images":[{"width":1018,"height":592,"url":"https://www.bing.com/th?id=ORMS.bdabe0a232f2ee1c970c76fe2a96569b&pid=Wdp","focalRegion":{"x1":192,"x2":817,"y1":162,"y2":396},"colorSamples":[{"isDarkMode":true,"hexColor":"#34342C"},{"isDarkMode":false,"hexColor":"#34342C"}]}],"provider":{"id":"AAKHCrt","name":"KIEM Redwood News","logoUrl":"https://img-s-msn-com.akamaized.net/tenant/amp/entityid/AAKHxAu.img"},"category":"news","reactionSummary":{"totalCount":22,"subReactionSummaries":[{"totalCount":16,"type":"like"},{"totalCount":3,"type":"love"},{"totalCount":2,"type":"surprised"},{"totalCount":1,"type":"angry"}]},"commentSummary":{"totalCount":0}},{"id":"AATBK57","type":"article","title":"Why Cardiologists Say That Every Heart-Healthy Breakfast Should Include the ‘Big 2’ Nutrients","abstract":"Spoiler: They're fiber and protein.","readTimeMin":4,"url":"https://www.msn.com/en-us/health/nutrition/why-cardiologists-say-that-every-heart-healthy-breakfast-should-include-the-big-2-nutrients/ar-AATBK57?ocid=spartan-dhp-feeds","locale":"en-us","topics":[{"label":"Medical","weight":1.0,"feedId":"Y_0eb89e71-e765-4f2e-b608-b2f9d10e1b94","locale":"en-us"},{"label":"Medical News","weight":1.0,"feedId":"Y_b5b3c1e9-25c5-4bc5-9953-eda566553e94","locale":"en-us"},{"label":"Wellness","weight":1.0,"feedId":"Y_c19564fe-ba4d-49be-9fe4-4324d244e1c0","locale":"en-us"},{"label":"Health & Fitness","weight":1.0,"feedId":"Y_44f45265-863a-449b-b31c-7143a1d669a3","locale":"en-us"},{"label":"Health news","weight":0.9645646214485168,"feedId":"Y_e9e6276b-7e2e-437e-8e9c-b45f1de22ba7","locale":"en-us"},{"label":"Health","weight":0.8929320573806763,"feedId":"Y_c95b134f-a01c-4439-a13f-337ca34f37ea","locale":"en-us"},{"label":"Nutrition","weight":0.8929320573806763,"feedId":"Y_fb32374e-b434-4c98-a8fc-8be0caee2b6c","locale":"en-us"},{"label":"Health and Fitness","weight":0.8929320573806763,"feedId":"Y_39162ebb-61d9-4c26-8520-a66d3a51da5b","locale":"en-us"},{"label":"Self","weight":0.559146523475647,"feedId":"Y_8e3b418c-86d2-4bca-bd25-27f6bbccd090","locale":"en-us"}],"feed":{"id":"Y_0eb89e71-e765-4f2e-b608-b2f9d10e1b94","feedName":"Medical"},"publishedDateTime":"2022-02-08T13:00:55Z","isFeatured":false,"images":[{"width":866,"height":578,"url":"https://www.bing.com/th?id=ORMS.9a8aa7ba493cb7bc29ee4ff5a9ce2d14&pid=Wdp","colorSamples":[{"isDarkMode":true,"hexColor":"#D9D8D7"},{"isDarkMode":false,"hexColor":"#D9D8D7"}]}],"provider":{"id":"BBHt6x8","name":"Well+Good","logoUrl":"https://img-s-msn-com.akamaized.net/tenant/amp/entityid/BBK2neQ.img"},"category":"health","reactionSummary":{"totalCount":76,"subReactionSummaries":[{"totalCount":50,"type":"like"},{"totalCount":11,"type":"love"},{"totalCount":6,"type":"surprised"},{"totalCount":5,"type":"thinking"},{"totalCount":3,"type":"angry"},{"totalCount":1,"type":"sad"}]},"commentSummary":{"totalCount":4,"subCommentSummaries":[{"totalCount":4,"type":"comment"}]}},{"id":"AATCtfE","type":"article","title":"'Antennas are up': Forecasters monitoring East Coast Valentine's Day snowstorm potential","abstract":"AccuWeather meteorologists are keeping a close eye on a new blast of Arctic air and a potential winter storm along the East Coast that may spawn from later this weekend into early next week - just in time to impact some areas on Valentine's Day. Prior to the next wave of cold, conditions will be quite mild across the region with highs forecast to climb into the 50s F along the Atlantic Seaboard and reach the 30s and 40s over the Appalachians in...","readTimeMin":4,"url":"https://www.msn.com/en-us/weather/topstories/antennas-are-up-forecasters-monitoring-east-coast-valentine-s-day-snowstorm-potential/ar-AATCtfE?ocid=spartan-dhp-feeds","locale":"en-us","topics":[{"label":"Weather Local","weight":1.0,"feedId":"Y_ac1d7ac9-e4a3-4f28-b148-880bf7f1c60d","locale":"en-us"},{"label":"Weather","weight":0.9628501534461975,"feedId":"Y_a952481b-5929-4b40-83be-f2bc6edf43dd","locale":"en-us"},{"label":"News","weight":0.9628501534461975,"feedId":"Y_9eb0ac10-32bc-43cf-816e-5beaaf524f7a","locale":"en-us"}],"feed":{"id":"Y_ac1d7ac9-e4a3-4f28-b148-880bf7f1c60d","feedName":"Weather Local"},"publishedDateTime":"2022-02-08T18:23:24Z","isFeatured":false,"images":[{"width":632,"height":355,"url":"https://www.bing.com/th?id=ORMS.0da4de392d172d8b815bd3c7cb6c4ff0&pid=Wdp","colorSamples":[{"isDarkMode":true,"hexColor":"#173876"},{"isDarkMode":false,"hexColor":"#173876"}]}],"provider":{"id":"AA17fhd","name":"AccuWeather","logoUrl":"https://img-s-msn-com.akamaized.net/tenant/amp/entityid/AAP2QJd.img"},"category":"weather","reactionSummary":{"totalCount":219,"subReactionSummaries":[{"totalCount":158,"type":"like"},{"totalCount":19,"type":"love"},{"totalCount":15,"type":"angry"},{"totalCount":11,"type":"surprised"},{"totalCount":9,"type":"sad"},{"totalCount":7,"type":"thinking"}]},"commentSummary":{"totalCount":12,"subCommentSummaries":[{"totalCount":5,"type":"comment"},{"totalCount":7,"type":"reply"}]}},{"id":"AATD504","type":"article","title":"Joliet Double Murder Defendant Gets OK To Attend Dad's Funeral","abstract":"Will County Judge Dave Carlson recently entered the emergency order for Tommie McDonald who is charged with killing two Joliet men in 2020.","readTimeMin":3,"url":"https://www.msn.com/en-us/news/crime/joliet-double-murder-defendant-gets-ok-to-attend-dad-s-funeral/ar-AATD504?ocid=spartan-dhp-feeds","locale":"en-us","isLocalContent":true,"topics":[{"label":"Chicago","weight":100.0,"feedId":"Y_645976e3-13d3-44f3-8f86-f2aabc50632c","locale":"en-us"},{"label":"Crime","weight":0.8779929280281067,"feedId":"Y_6f320357-0418-4bb0-a654-f5ba77f31552","locale":"en-us"},{"label":"News","weight":0.8779929280281067,"feedId":"Y_9eb0ac10-32bc-43cf-816e-5beaaf524f7a","locale":"en-us"}],"feed":{"id":"Y_645976e3-13d3-44f3-8f86-f2aabc50632c","feedName":"Chicago"},"publishedDateTime":"2022-02-09T00:00:17Z","isFeatured":false,"images":[{"width":812,"height":609,"url":"https://www.bing.com/th?id=ORMS.fe5e7d05115d0f11745c51aa1b4c9103&pid=Wdp","focalRegion":{"x1":259,"x2":545,"y1":217,"y2":503},"colorSamples":[{"isDarkMode":true,"hexColor":"#5E3F60"},{"isDarkMode":false,"hexColor":"#DFDDDE"}]}],"provider":{"id":"AAyhTTE","name":"Patch","logoUrl":"https://img-s-msn-com.akamaized.net/tenant/amp/entityid/AAyhxXG.img"},"category":"news","reactionSummary":{"totalCount":8,"subReactionSummaries":[{"totalCount":3,"type":"like"},{"totalCount":3,"type":"thinking"},{"totalCount":1,"type":"surprised"},{"totalCount":1,"type":"sad"}]},"commentSummary":{"totalCount":0}},{"id":"AATCvHL","type":"article","title":"Will Arnett 'Cried for an Hour' on the Side of a Road After 'Brutal' Split from Ex-Wife Amy Poehler","abstract":"\"People talk about you like they know you and they talk about your relationship as if they know what's going on,\" Will Arnett said of his split from ex-wife Amy Poehler","readTimeMin":3,"url":"https://www.msn.com/en-us/tv/news/will-arnett-cried-for-an-hour-on-the-side-of-a-road-after-brutal-split-from-ex-wife-amy-poehler/ar-AATCvHL?ocid=spartan-dhp-feeds","locale":"en-us","topics":[{"label":"Entertainment News","weight":1.0,"feedId":"Y_fd29d629-260e-4efa-9836-feb7169c9841","locale":"en-us"},{"label":"TV News","weight":1.0,"feedId":"Y_a1cd9a12-a7ea-49f3-9366-12a2e2a0d5ca","locale":"en-us"},{"label":"Entertainment","weight":1.0,"feedId":"Y_414a7c40-a373-4025-b4ce-e9502e9e17ed","locale":"en-us"},{"label":"TV","weight":1.0,"feedId":"Y_ecf14ace-5910-4da7-a26f-3919270f1200","locale":"en-us"},{"label":"TV Slideshow","weight":1.0,"feedId":"Y_25a27619-efc7-4652-938c-0b9a5cf8be66","locale":"en-us"}],"feed":{"id":"Y_fd29d629-260e-4efa-9836-feb7169c9841","feedName":"Entertainment News"},"publishedDateTime":"2022-02-08T20:05:11Z","isFeatured":false,"images":[{"width":1500,"height":1000,"url":"https://www.bing.com/th?id=ORMS.7c044ea8c9862958a3320b723a055527&pid=Wdp","focalRegion":{"x1":163,"x2":847,"y1":169,"y2":418},"colorSamples":[{"isDarkMode":true,"hexColor":"#3E495E"},{"isDarkMode":false,"hexColor":"#3E495E"}]}],"provider":{"id":"BBlOXnw","name":"People","logoUrl":"https://img-s-msn-com.akamaized.net/tenant/amp/entityid/AAywHbG.img"},"category":"tv","reactionSummary":{"totalCount":322,"subReactionSummaries":[{"totalCount":150,"type":"like"},{"totalCount":76,"type":"sad"},{"totalCount":56,"type":"love"},{"totalCount":20,"type":"surprised"},{"totalCount":15,"type":"thinking"},{"totalCount":5,"type":"angry"}]},"commentSummary":{"totalCount":61,"subCommentSummaries":[{"totalCount":31,"type":"comment"},{"totalCount":30,"type":"reply"}]}},{"id":"AANOAxN","type":"article","title":"C8 Corvette Owner Crashes During Final Drive","abstract":"He was supposed to sell it the next day…","readTimeMin":2,"url":"https://www.msn.com/en-us/autos/other/c8-corvette-owner-crashes-during-final-drive/ar-AANOAxN?ocid=spartan-dhp-feeds","locale":"en-us","topics":[{"label":"Autos News","weight":1.0,"feedId":"Y_0bd9496b-ca83-4f95-8b35-49aa898ed446","locale":"en-us"},{"label":"Autos","weight":0.8373532891273499,"feedId":"Y_67f5f95c-e834-4429-8b6a-2d6c348d0726","locale":"en-us"}],"feed":{"id":"Y_0bd9496b-ca83-4f95-8b35-49aa898ed446","feedName":"Autos News"},"publishedDateTime":"2022-02-08T16:30:00Z","isFeatured":false,"images":[{"width":1920,"height":1080,"url":"https://www.bing.com/th?id=ORMS.5e81131011aeefc426b06b3c3578da08&pid=Wdp"}],"provider":{"id":"BB14rN4t","name":"Motorious","logoUrl":"https://img-s-msn-com.akamaized.net/tenant/amp/entityid/BB14s8Em.img"},"category":"autos","reactionSummary":{"totalCount":432,"subReactionSummaries":[{"totalCount":207,"type":"like"},{"totalCount":86,"type":"love"},{"totalCount":52,"type":"surprised"},{"totalCount":51,"type":"sad"},{"totalCount":19,"type":"angry"},{"totalCount":17,"type":"thinking"}]},"commentSummary":{"totalCount":92,"subCommentSummaries":[{"totalCount":55,"type":"comment"},{"totalCount":37,"type":"reply"}]}},{"id":"AATCM4O","type":"article","title":"Watch: This Husky Has Absolutely No Interest in Leaving the Dog Park and It's So Funny","abstract":"There is only one thing, apparently, that will persuade Archer to leave the dog park. (It rhymes with \"beats.\")","readTimeMin":2,"url":"https://www.msn.com/en-us/lifestyle/pets/watch-this-husky-has-absolutely-no-interest-in-leaving-the-dog-park-and-it-s-so-funny/ar-AATCM4O?ocid=spartan-dhp-feeds","locale":"en-us","topics":[{"label":"Lifestyle","weight":1.0,"feedId":"Y_99096e96-6d4f-401c-832b-461e08143a5a","locale":"en-us"},{"label":"Pets","weight":0.4590988755226135,"feedId":"Y_61bcb5f6-7540-4056-84d0-2bdb86f06789","locale":"en-us"}],"feed":{"id":"Y_99096e96-6d4f-401c-832b-461e08143a5a","feedName":"Lifestyle"},"publishedDateTime":"2022-02-08T22:26:25Z","isFeatured":false,"images":[{"width":2000,"height":1333,"url":"https://www.bing.com/th?id=ORMS.a629ae5458f435cbde45a174674b7de7&pid=Wdp","colorSamples":[{"isDarkMode":true,"hexColor":"#6A4F2D"},{"isDarkMode":false,"hexColor":"#6A4F2D"}]}],"provider":{"id":"BB1cGYuG","name":"Daily Paws","logoUrl":"https://img-s-msn-com.akamaized.net/tenant/amp/entityid/BB1cGPuF.img"},"category":"lifestyle","reactionSummary":{"totalCount":236,"subReactionSummaries":[{"totalCount":136,"type":"like"},{"totalCount":63,"type":"love"},{"totalCount":23,"type":"surprised"},{"totalCount":7,"type":"angry"},{"totalCount":6,"type":"thinking"},{"totalCount":1,"type":"sad"}]},"commentSummary":{"totalCount":17,"subCommentSummaries":[{"totalCount":11,"type":"comment"},{"totalCount":6,"type":"reply"}]}},{"id":"AATDtFm","type":"video","title":"Apollo 16 spacecraft prepared for 50th anniversary","abstract":"The Apollo 16 spacecraft that carried astronauts Charlie Duke, Ken Mattingly and John Young to the moon is being spruced up ahead of the 50th anniversary of its 1972 flight. (Feb. 9)","url":"https://www.msn.com/en-us/video/peopleandplaces/apollo-16-spacecraft-prepared-for-50th-anniversary/vi-AATDtFm?ocid=spartan-dhp-feeds","locale":"en-us","topics":[],"videoMetadata":{"playTime":109,"closedCaptions":[{"locale":"en-us","href":"https://prod-video-cms-amp-microsoft-com.akamaized.net/tenant/amp/entityid/AATDtFm?blobrefkey=closedcaptionen-us&$blob=1"}]},"externalVideoFiles":[{"url":"https://prod-streaming-video-msn-com.akamaized.net/71daaae1-4145-4308-af6f-ccbd454cf5ef/c1ab41f9-b404-46c9-9b71-dae299780106.mp4","contentType":"video/mp4","fileSize":24295096},{"url":"https://prod-streaming-video-msn-com.akamaized.net/f91ced05-10d3-4a21-a5df-13949d8a6007/c1ab41f9-b404-46c9-9b71-dae29978.ism/manifest","width":640,"height":360},{"url":"https://prod-streaming-video-msn-com.akamaized.net/f91ced05-10d3-4a21-a5df-13949d8a6007/c1ab41f9-b404-46c9-9b71-dae29978.ism/manifest(format=m3u8-aapl)","width":640,"height":360},{"url":"https://prod-streaming-video-msn-com.akamaized.net/f91ced05-10d3-4a21-a5df-13949d8a6007/c1ab41f9-b404-46c9-9b71-dae29978.ism/manifest(format=mpd-time-csf)","width":640,"height":360},{"url":"https://prod-streaming-video-msn-com.akamaized.net/f91ced05-10d3-4a21-a5df-13949d8a6007/c1ab41f9-b404-46c9-9b71-dae29978_650.mp4","width":640,"height":360,"contentType":"video/mp4","fileSize":10340609}],"feed":{"feedName":"news"},"publishedDateTime":"2022-02-09T06:00:57Z","isFeatured":false,"images":[{"width":1920,"height":1080,"url":"https://www.bing.com/th?id=ORMS.7ea468add823f22406af85a6954cf633&pid=Wdp","colorSamples":[{"isDarkMode":true,"hexColor":"#58482B"},{"isDarkMode":false,"hexColor":"#58482B"}]}],"provider":{"id":"AA7mZ3","name":"Associated Press","logoUrl":"https://img-s-msn-com.akamaized.net/tenant/amp/entityid/AACl4vY.img"},"category":"video","reactionSummary":{"totalCount":1,"subReactionSummaries":[{"totalCount":1,"type":"thinking"}]},"commentSummary":{"totalCount":0}}]}